CustomerKey,CustomerName,Gender,Age,City,Governorate,Country,CustomerSegment
1,  Aya Mansour,F,25,cairo,Cairo,Egypt,Small Business
2,Ghada Farouk,female,50,SUEZ,Suez,Egypt,Small Business 
3,Sara Nasser,Female,49,suez,Suez,Egypt,Corporate
4,Karim Mostafa,Male,46,Jeddah,Makkah,Saudi Arabia,Consumer
5,Joseph Zaki,Male,24,dubai,Dubai,United Arab Emirates,Small Business
6,Youssef Ramadan,male,29,Ismailia,Ismailia,Egypt,Consumer
7,Reem Shalaby,F,35,alexandria,Alexandria,Egypt,Consumer
8,Joseph Young,male,29,TANTA,Gharbia,Egypt,Consumer
9,EMILY FAHMY,Female,48,ASSIUT,Assiut,Egypt,Corporate
10,William Nasser,Male,39,alexandria,Alexandria,Egypt,Consumer
11,Andrew Martin,Male,48,zagazig,Sharqia,Egypt,Small Business
12,Ahmed Saad,male,31,Jeddah,Makkah,Saudi Arabia,Corporate
13,Sophia Thomas,F,37,Riyadh,Riyadh,Saudi Arabia,Small Business
14,OLIVIA JACKSON,F,30,kuwait city,Al Asimah,Kuwait,Consumer
15,Hossam Mahmoud,male,26,Cairo,Cairo,Egypt,Consumer
16,  Daniel Thomas,Male,18,Suez,Suez,Egypt,Consumer
17,James Martin  ,male,31,Cairo,Cairo,Egypt,Corporate
18,Latifa Youssef,F,44,6th of October,Giza,Egypt,Small Business
19,Daniel Khaled,Male,34,cairo,Cairo,Egypt,Consumer
20,Nasser Ibrahim,male,36,dubai,Dubai,United Arab Emirates,Consumer
21,Robert El Sayed,male,24,Cairo,Cairo,Egypt,Consumer
22,Amr Al Ghamdi,M,62,Cairo,Cairo,Egypt,Consumer
23,Ava Youssef,Female,52,DOHA,Doha,Qatar,Corporate
24,Nour Al Otaibi,F,19,Abu Dhabi,Abu Dhabi,United Arab Emirates, VIP
25,Rana Nasser,Female,25,Dammam,Eastern Province,Saudi Arabia,Consumer
26,Youssef Youssef,Male,25,Riyadh,Riyadh,Saudi Arabia,Consumer
27,Reem Al Ghamdi,F,54,GIZA,Giza,Egypt,Consumer
28,  majed ibrahim,male,28,new cairo,Cairo,Egypt,Consumer
29,GRACE NASSER  ,Female,37,Port Said,Port Said,Egypt,Consumer
30,  Mia Wilson,Female,31,Riyadh,Riyadh,Saudi Arabia, Consumer
31,William Al Otaibi,Male,57,ALEXANDRIA,Alexandria,Egypt,Consumer
32,Majed El Sayed,male,19,New Cairo,Cairo,Egypt,Small Business
33,Ali Saad  ,Male,50,cairo,Cairo,Egypt,Corporate
34,Amira Mansour,Female,58,Dubai,Dubai,United Arab Emirates,Corporate
35,Sophia El Sayed,female,51,Cairo,Cairo,Egypt,VIP
36,Joseph Rashad,male,49,Cairo,Cairo,Egypt,Consumer
37,Ashraf Hassan,male,43,Cairo,Cairo,Egypt,Corporate
38,Amira Mahmoud,Female,26,Dubai,Dubai,United Arab Emirates,Consumer
39,Aisha Hassan,F,54,Alexandria,Alexandria,Egypt,Consumer
40,Bilal Farouk  ,M,64,Mecca,Makkah,Saudi Arabia,Consumer
41,Andrew Wright  ,male,30,Dubai,Dubai,United Arab Emirates,VIP
42,Sara Al Qahtani,female,53,Giza,Giza,Egypt,VIP
43,  Aya Youssef,F,57,Giza,Giza,Egypt,Consumer
44,  Dina Mansour,F,58,dubai,Dubai,United Arab Emirates,Consumer
45,Thomas Martin,Male,43,Riyadh,Riyadh,Saudi Arabia,Consumer
46,  Bilal Gaber,M,35,ZAGAZIG,Sharqia,Egypt,Small Business
47,Sophia Youssef,Female,21,abu dhabi,Abu Dhabi,United Arab Emirates,Consumer
48,Hossam El Sayed,M,46,Cairo,Cairo,Egypt,Small Business
49,Isabella Martin,F,58,Alexandria,Alexandria,Egypt,Small Business
50,Ahmed Ramadan,M,18,Kuwait City,Al Asimah,Kuwait,Consumer
51,MAHMOUD SHALABY,M,37,DAMMAM,Eastern Province,Saudi Arabia,Consumer
52,Wael Al Otaibi,Male,53,New Cairo,Cairo,Egypt,Consumer
53,John Hassan,Male,62,JEDDAH,Makkah,Saudi Arabia,Corporate
54,Noura Mostafa,F,31,ASSIUT,Assiut,Egypt,Consumer
55,James Thomas,Male,33,KUWAIT CITY,Al Asimah,Kuwait,Corporate
56,Noura Hassan,female,55,alexandria,Alexandria,Egypt,Consumer
57,Nada Ibrahim,female,58,mansoura,Dakahlia,Egypt,Consumer
58,Khaled El Sayed,M,50,6th of october,Giza,Egypt,Consumer
59,Laila Ali,female,32,Cairo,Cairo,Egypt,Consumer
60,Amira Ibrahim  ,female,34,CAIRO,Cairo,Egypt,Consumer
61,Tarek Farouk,M,24,Cairo,Cairo,Egypt,Corporate 
62,Shaimaa Khaled,female,52,Ismailia,Ismailia,Egypt,VIP
63,Mariam Hassan,female,63,CAIRO,Cairo,Egypt,Small Business
64,Majed Al Harbi,Male,32,Luxor,Luxor,Egypt,Consumer
65,Nasser Al Harbi,male,48,Cairo,Cairo,Egypt,Consumer
66,Charlotte  Clark,female,29,Alexandria,Alexandria,Egypt,Corporate
67,olivia king,F,30,RIYADH,Riyadh,Saudi Arabia,Consumer
68,Hana Khaled,Female,28,Aswan,Aswan,Egypt,Consumer
69,Shaimaa Shalaby,female,53,Cairo,Cairo,Egypt,Consumer
70,Wael Nasser  ,male,55,NEW CAIRO,Cairo,Egypt,Consumer
71,Fahad Youssef  ,Male,27,6th of October,Giza,Egypt,Small Business 
72,David Clark  ,M,27,DAMMAM,Eastern Province,Saudi Arabia,Small Business
73,Shaimaa El Sayed,F,65,ALEXANDRIA,Alexandria,Egypt,Small Business
74,Emma  Moore,female,30,Dubai,Dubai,United Arab Emirates,Small Business
75,James Walker  ,Male,41,6th of october,Giza,Egypt,Corporate
76,William Martin,M,27,Riyadh,Riyadh,Saudi Arabia,Consumer
77,Nasser Al Qahtani,M,21,6th of October,Giza,Egypt,Consumer
78,  Sara Saad,female,36,jeddah,Makkah,Saudi Arabia,Consumer
79,Thomas Young,male,58,Giza,Giza,Egypt,Small Business
80,NADA NASSER,Female,40,Mansoura,Dakahlia,Egypt,Consumer
81,Khaled Al Harbi,male,22,6th of October,Giza,Egypt,Consumer
82,Nasser Hassan,M,35,Alexandria,Alexandria,Egypt,Consumer
83,Nasser Mansour,male,56,RIYADH,Riyadh,Saudi Arabia,Corporate
84,Karim Mansour,male,62,tanta,Gharbia,Egypt,Small Business
85,Ahmed Gaber,M,27,Luxor,Luxor,Egypt,Consumer
86,Ali Khaled,male,61,Abu Dhabi,Abu Dhabi,United Arab Emirates,Consumer
87,Isabella Abdelrahman,female,28,Doha,Doha,Qatar,Consumer
88,Joseph Smith,M,52,6th of October,Giza,Egypt,Corporate
89,Ava El Sayed,Female,32,Cairo,Cairo,Egypt,Consumer
90,David Rashad,male,58,Kuwait City,Al Asimah,Kuwait,Corporate
91,Michael Smith,male,27,Cairo,Cairo,Egypt,VIP
92,Hessa Salem,F,33,CAIRO,Cairo,Egypt,Consumer
93,HASSAN AL QAHTANI,M,19,riyadh,Riyadh,Saudi Arabia,VIP
94,dina shalaby,Female,48,New Cairo,Cairo,Egypt,Consumer
95,Laila Mahmoud,F,57,Abu Dhabi,Abu Dhabi,United Arab Emirates,Consumer
96,Sultan Ramadan,Male,23,Assiut,Assiut,Egypt,Consumer
97,Doaa El Sayed,Female,42,mansoura,Dakahlia,Egypt,Small Business
98,Michael Mostafa,male,52,Dubai,Dubai,United Arab Emirates,VIP
99,Mia Farouk,female,49,JEDDAH,Makkah,Saudi Arabia,Corporate
100,Michael Jackson,M,45,Mansoura,Dakahlia,Egypt,VIP
101,Noura Al Harbi,female,54,Mansoura,Dakahlia,Egypt,Corporate
102,Hossam Al Otaibi,M,57,Dammam,Eastern Province,Saudi Arabia,Consumer 
103,Ava Scott  ,Female,34,Medina,Al Madinah,Saudi Arabia,Consumer
104,Ali Al Qahtani,Male,38,Giza,Giza,Egypt,Consumer
105,Mostafa Al Qahtani,male,19,DOHA,Doha,Qatar,Small Business
106,Heba Mansour,female,61,Cairo,Cairo,Egypt,Consumer
107,Youssef Al Qahtani  ,Male,41,RIYADH,Riyadh,Saudi Arabia,VIP
108,Emma Mahmoud,Female,22,Medina,Al Madinah,Saudi Arabia,Small Business
109,Latifa Fahmy,F,33,Sharjah,Sharjah,United Arab Emirates,Small Business
110,Sultan Shalaby,M,36,Alexandria,Alexandria,Egypt,Corporate
111,Sultan Farouk,Male,44,Cairo,Cairo,Egypt,Consumer
112,James Lewis,Male,20,6th of October,Giza,Egypt,Small Business
113,Wael Farouk,male,27,6th of October,Giza,Egypt,Consumer
114,Karim Zaki,male,54,Alexandria,Alexandria,Egypt,VIP
115,Ashraf Saad  ,M,51,Mansoura,Dakahlia,Egypt,Corporate
116,  William El Sayed,Male,43,Jeddah,Makkah,Saudi Arabia,Consumer
117,James Wright,Male,52,6th of October,Giza,Egypt,Consumer
118,THOMAS MARTIN,Male,56,sharjah,Sharjah,United Arab Emirates,Consumer
119,  Sherif Salem,M,48,Cairo,Cairo,Egypt,Consumer
120,Amr Shalaby,male,58,CAIRO,Cairo,Egypt,Consumer
121,Robert Brown,M,65,6th of October,Giza,Egypt,Consumer
122,Salma Nasser,F,23,Cairo,Cairo,Egypt,Consumer
123,Aisha Al Harbi,female,65,Abu Dhabi,Abu Dhabi,United Arab Emirates,Consumer
124,Karim Gaber,M,53,Kuwait City,Al Asimah,Kuwait,Consumer
125,John Rashad,male,29,sharjah,Sharjah,United Arab Emirates,Consumer
126,Sophia Ramadan,F,65,6th of October,Giza,Egypt,Corporate
127,Faisal Abdelrahman,Male,53,abu dhabi,Abu Dhabi,United Arab Emirates,Corporate
128,Amelia Rashad,Female,20,Tanta,Gharbia,Egypt,Corporate
129,Ashraf Al Dosari,M,33,alexandria,Alexandria,Egypt,Consumer
130,NOUR AL OTAIBI,female,36,Riyadh,Riyadh,Saudi Arabia,Consumer
131,Farida Khaled,Female,28,alexandria,Alexandria,Egypt,VIP
132,William Johnson,M,37,Medina,Al Madinah,Saudi Arabia,Corporate
133,Faisal Nasser,M,21,Doha,Doha,Qatar,Consumer
134,Joseph Gaber  ,M,57,Riyadh,Riyadh,Saudi Arabia,Corporate
135,Bilal Saad,M,46,Cairo,Cairo,Egypt,Corporate
136,Ashraf Nasser,male,25,CAIRO,Cairo,Egypt,Small Business
137,Hessa Al Otaibi,Female,41,giza,Giza,Egypt,Small Business
138,Hessa Shalaby,Female,62,Dubai,Dubai,United Arab Emirates,Corporate
139,Ibrahim Mahmoud,Male,22,CAIRO,Cairo,Egypt,Corporate
140,Andrew Zaki,male,40,Alexandria,Alexandria,Egypt,Small Business
141,Ahmed El Sayed,male,34,suez,Suez,Egypt,VIP
142,Nasser Ali  ,Male,33,Giza,Giza,Egypt,Consumer
143,amelia youssef  ,Female,20,Doha,Doha,Qatar,Consumer
144,Ibrahim Mostafa,Male,63,New Cairo,Cairo,Egypt,Corporate
145,Sultan Al Ghamdi,male,64,6TH OF OCTOBER,Giza,Egypt,VIP
146,Sultan Al Qahtani,male,62,mecca,Makkah,Saudi Arabia,Consumer
147,Abdullah Ibrahim,Male,43,Dubai,Dubai,United Arab Emirates,Small Business
148,LAILA MOSTAFA,F,60,Medina,Al Madinah,Saudi Arabia,Consumer
149,SULTAN EL SAYED,M,42,Alexandria,Alexandria,Egypt,Consumer
150,Joseph Hassan,Male,44,NEW CAIRO,Cairo,Egypt,Corporate
151,Aya Al Otaibi,Female,42,Luxor,Luxor,Egypt,Consumer
152,Latifa Ali,female,48,Alexandria,Alexandria,Egypt,Consumer
153,Fahad Ali,Male,39,Medina,Al Madinah,Saudi Arabia,Consumer
154,reem salem,female,47,CAIRO,Cairo,Egypt,Corporate
155,Joseph Miller,Male,60,Dubai,Dubai,United Arab Emirates,Corporate 
156,Emily King,female,41,Ismailia,Ismailia,Egypt,Small Business
157,thomas saad,Male,55,DOHA,Doha,Qatar,Corporate
158,Hana  Al Harbi,Female,36,JEDDAH,Makkah,Saudi Arabia,Consumer
159,Hana Nasser,female,45,alexandria,Alexandria,Egypt,Consumer
160,Noura Farouk,female,47,Alexandria,Alexandria,Egypt,Consumer
161,  MONA AL DOSARI,female,28,CAIRO,Cairo,Egypt,Corporate
162,Dina Khaled,F,48,CAIRO,Cairo,Egypt,Consumer
163,Ava Jackson,F,45,SUEZ,Suez,Egypt,Consumer
164,Grace Fahmy,Female,19,Cairo,Cairo,Egypt, Consumer
165,Noura Zaki,Female,20,giza,Giza,Egypt,Corporate
166,Sameh Ali,male,58,DOHA,Doha,Qatar,Corporate
167,daniel brown,M,34,Kuwait City,Al Asimah,Kuwait,Small Business
168,Rana Al Qahtani,Female,29,Mansoura,Dakahlia,Egypt,Consumer
169,NASSER SHALABY,M,35,Tanta,Gharbia,Egypt,Consumer
170,Faisal Mostafa  ,M,43,sharjah,Sharjah,United Arab Emirates,Consumer
171,Abdullah Khaled,Male,40,Zagazig,Sharqia,Egypt,Consumer
172,Aya Saad,F,24,Tanta,Gharbia,Egypt,Consumer
173,  Youssef Mansour,M,44,GIZA,Giza,Egypt,Consumer
174,Hassan Hassan,Male,18,Cairo,Cairo,Egypt,VIP
175,Majed Al Otaibi  ,M,34,Zagazig,Sharqia,Egypt,Small Business
176,Fatima Zaki,female,49,zagazig,Sharqia,Egypt,Small Business
177,Menna Khaled,Female,32,MECCA,Makkah,Saudi Arabia,VIP
178,Fahad Al Otaibi,male,38,Abu Dhabi,Abu Dhabi,United Arab Emirates,Consumer 
179,Majed Khaled,Male,19,Riyadh,Riyadh,Saudi Arabia,Corporate
180,Andrew Anderson,Male,60,Sharjah,Sharjah,United Arab Emirates,Small Business
181,Omar Abdelrahman,M,32,GIZA,Giza,Egypt,Small Business
182,Mariam Khaled,F,59,Cairo,Cairo,Egypt,Consumer
183,Khaled El Sayed,male,18,ALEXANDRIA,Alexandria,Egypt,Consumer
184,ABDULLAH AL DOSARI,male,54,abu dhabi,Abu Dhabi,United Arab Emirates,VIP
185,Sophia Anderson,F,44,Ismailia,Ismailia,Egypt,Small Business
186,Sultan Ali,male,31,Doha,Doha,Qatar,Small Business
187,Charlotte Gaber,Female,37,LUXOR,Luxor,Egypt,Small Business
188,Hana Al Otaibi,F,42,Jeddah,Makkah,Saudi Arabia,Corporate
189,  Khaled Hassan,male,35,Riyadh,Riyadh,Saudi Arabia,Corporate
190,wael ibrahim,male,19,Alexandria,Alexandria,Egypt,Corporate
191,ALI AL HARBI  ,M,26,6th of october,Giza,Egypt,Small Business
192,Doaa Mahmoud,Female,59,Assiut,Assiut,Egypt,VIP
193,Ava Jackson,Female,54,6th of october,Giza,Egypt,VIP
194,Noura Mahmoud,F,29,Mansoura,Dakahlia,Egypt,VIP
195,Isabella Walker,female,29,Riyadh,Riyadh,Saudi Arabia,Consumer
196,Khaled  Hassan,male,22,Abu Dhabi,Abu Dhabi,United Arab Emirates,Consumer
197,  Amr Nasser,M,37,Jeddah,Makkah,Saudi Arabia,Corporate
198,Karim Mahmoud,male,49,GIZA,Giza,Egypt,Consumer
199,Bilal Al Dosari,M,34,Dubai,Dubai,United Arab Emirates,VIP
200,Ali Farouk,Male,32,Giza,Giza,Egypt,Consumer
201,William Abdelrahman,M,33,kuwait city,Al Asimah,Kuwait,Consumer
202,Nour Al Dosari,female,42,ALEXANDRIA,Alexandria,Egypt,VIP
203,Sophia Gaber,female,27,JEDDAH,Makkah,Saudi Arabia,Consumer
204,Hossam Nasser,male,22,SUEZ,Suez,Egypt,Consumer
205,  Robert Young,male,54,Abu Dhabi,Abu Dhabi,United Arab Emirates,Consumer
206,Sameh Nasser,M,65,Giza,Giza,Egypt,Small Business
207,Mahmoud Ibrahim,M,59,ALEXANDRIA,Alexandria,Egypt,Small Business
208,mohamed farouk,male,31,Riyadh,Riyadh,Saudi Arabia,Consumer
209,thomas mahmoud,male,60,Jeddah,Makkah,Saudi Arabia,Consumer
210,Menna Hassan,female,54,aswan,Aswan,Egypt,Consumer
211,Amelia Mahmoud,female,60,MANSOURA,Dakahlia,Egypt,Consumer
212,Noura Ramadan,Female,41,NEW CAIRO,Cairo,Egypt,Consumer
213,William Miller,Male,22,new cairo,Cairo,Egypt,Consumer
214,Aisha Khaled,F,52,giza,Giza,Egypt,Consumer
215,Robert King,Male,44,riyadh,Riyadh,Saudi Arabia,Consumer
216,Isabella Johnson,F,24,Port Said,Port Said,Egypt,Corporate
217,Dina Ibrahim  ,Female,58,Dubai,Dubai,United Arab Emirates,Consumer
218,Mona Hassan,Female,52,Cairo,Cairo,Egypt,Small Business
219,Robert Al Otaibi,male,41,Port Said,Port Said,Egypt,Small Business
220,Ghada Zaki,female,62,ASSIUT,Assiut,Egypt,Corporate
221,Mia Jackson,female,40,Cairo,Cairo,Egypt,VIP
222,Emily Scott,female,48,Cairo,Cairo,Egypt,Corporate
223,  William Davis,M,19,giza,Giza,Egypt,Consumer
224,Mohamed Khaled,male,63,NEW CAIRO,Cairo,Egypt,Corporate
225,Mostafa Mahmoud,male,63,SHARJAH,Sharjah,United Arab Emirates,Small Business
226,Ghada Rashad,F,29,DOHA,Doha,Qatar,Corporate
227,FAISAL AL DOSARI  ,male,46,NEW CAIRO,Cairo,Egypt,Small Business
228,James King,Male,53,Kuwait City,Al Asimah,Kuwait,Corporate
229,Michael Taylor,male,26,Giza,Giza,Egypt,Consumer
230,Sameh Ali,male,22,Dubai,Dubai,United Arab Emirates, VIP
231,Aisha Al Qahtani,female,46,Medina,Al Madinah,Saudi Arabia,Small Business
232,Youssef  Fahmy,male,44,Giza,Giza,Egypt,Corporate
233,Amr Rashad,male,36,dammam,Eastern Province,Saudi Arabia,Corporate
234,Nour Zaki,F,52,Abu Dhabi,Abu Dhabi,United Arab Emirates,Small Business
235,Doaa Salem,Female,20,Cairo,Cairo,Egypt,Consumer
236,Sara Al Harbi,F,43,Cairo,Cairo,Egypt,Consumer
237,Aisha Youssef,Female,48,jeddah,Makkah,Saudi Arabia,VIP
238,SULTAN FAROUK,Male,23,MECCA,Makkah,Saudi Arabia,Consumer
239,Hana  Nasser,F,41,medina,Al Madinah,Saudi Arabia,Consumer
240,Ashraf Ramadan,M,52,zagazig,Sharqia,Egypt,Corporate
241,Khaled Al Harbi,M,47,New Cairo,Cairo,Egypt,Small Business
242,Mariam Fahmy,Female,62,Cairo,Cairo,Egypt,Consumer
243,Majed Gaber,male,39,tanta,Gharbia,Egypt,Consumer
244,nour al otaibi,F,45,ALEXANDRIA,Alexandria,Egypt,Small Business
245,Dina Hassan,Female,62,ABU DHABI,Abu Dhabi,United Arab Emirates,Corporate
246,Abdullah Ali,male,28,alexandria,Alexandria,Egypt,Small Business
247,Yasmin Al Otaibi,female,55,6TH OF OCTOBER,Giza,Egypt,Corporate
248,Nour Al Dosari,F,41,cairo,Cairo,Egypt,Consumer
249,Yasmin Shalaby,F,33,Mansoura,Dakahlia,Egypt,Consumer
250,Fahad Abdelrahman,M,42,GIZA,Giza,Egypt,VIP
251,James Miller,male,62,6th of October,Giza,Egypt,Corporate
252,Aya Mostafa,Female,34,MEDINA,Al Madinah,Saudi Arabia,Corporate
253,Noura Gaber  ,F,46,Zagazig,Sharqia,Egypt,Small Business
254,MONA ALI,female,43,Dubai,Dubai,United Arab Emirates,Corporate
255,Michael Wright,M,22,Abu Dhabi,Abu Dhabi,United Arab Emirates,Consumer
256,Mostafa Al Qahtani,M,63,Cairo,Cairo,Egypt,VIP
257,Thomas Hassan,male,26,giza,Giza,Egypt,Consumer
258,  Joseph Mansour,male,34,Port Said,Port Said,Egypt,Consumer 
259,Emily Davis,Female,30,Tanta,Gharbia,Egypt,Corporate
260,Laila Saad,Female,56,6th of October,Giza,Egypt,Small Business
261,Amelia Gaber,Female,65,Cairo,Cairo,Egypt,Small Business
262,Amelia Nasser  ,female,41,Riyadh,Riyadh,Saudi Arabia,Consumer
263,Amr Saad,male,32,dubai,Dubai,United Arab Emirates,VIP
264,Ibrahim Al Dosari,male,64,New Cairo,Cairo,Egypt,Consumer
265,Robert  Al Dosari,male,34,SHARJAH,Sharjah,United Arab Emirates,VIP
266,Sameh Fahmy,M,59,Cairo,Cairo,Egypt, Consumer
267,Mia  Young,F,26,Suez,Suez,Egypt,Consumer 
268,Andrew Wilson,male,64,ABU DHABI,Abu Dhabi,United Arab Emirates,Small Business
269,Karim  Farouk,Male,65,Alexandria,Alexandria,Egypt,Small Business
270,Wael Shalaby,male,32,riyadh,Riyadh,Saudi Arabia,VIP
271,Joseph Taylor,male,60,Mansoura,Dakahlia,Egypt,Consumer
272,Sara Fahmy,female,57,dubai,Dubai,United Arab Emirates,Consumer
273,AMELIA SCOTT,Female,18,Doha,Doha,Qatar,Corporate
274,Bilal Al Dosari,male,28,Dubai,Dubai,United Arab Emirates,Small Business
275,Hossam Mostafa,Male,50,alexandria,Alexandria,Egypt,Consumer
276,Joseph Ramadan,male,35,Dubai,Dubai,United Arab Emirates,Consumer
277,Andrew Shalaby,M,21,MANSOURA,Dakahlia,Egypt,Small Business
278,Sophia Young,female,33,Alexandria,Alexandria,Egypt,Consumer
279,Sara Rashad,Female,43,alexandria,Alexandria,Egypt,Small Business
280,Aisha Mahmoud,Female,53,assiut,Assiut,Egypt,Small Business
281,Michael Jackson,Male,53,riyadh,Riyadh,Saudi Arabia,Small Business
282,Isabella Brown,Female,31,Dubai,Dubai,United Arab Emirates,Consumer
283,Omar Gaber,Male,20,Giza,Giza,Egypt,Consumer
284,Grace Taylor,F,52,Riyadh,Riyadh,Saudi Arabia,Consumer
285,Mostafa Al Qahtani,Male,42,6TH OF OCTOBER,Giza,Egypt,Consumer
286,Omar Al Ghamdi,M,44,Cairo,Cairo,Egypt,VIP
287,Latifa Shalaby,F,60,kuwait city,Al Asimah,Kuwait,Consumer
288,Andrew El Sayed  ,M,30,new cairo,Cairo,Egypt,Consumer
289,  Nada Mahmoud,Female,36,Cairo,Cairo,Egypt,Consumer
290,Isabella Khaled,Female,39,jeddah,Makkah,Saudi Arabia,Small Business
291,Laila Ibrahim,Female,51,Giza,Giza,Egypt,VIP
292,Reem Mansour,Female,57,Jeddah,Makkah,Saudi Arabia,Consumer
293,Ali  Khaled,M,59,TANTA,Gharbia,Egypt,Corporate
294,salma hassan,female,43,cairo,Cairo,Egypt,Corporate
295,Tarek Abdelrahman,M,42,MECCA,Makkah,Saudi Arabia,Small Business
296,FAHAD FAHMY  ,M,43,Cairo,Cairo,Egypt,Corporate
297,Sara Youssef,Female,20,Giza,Giza,Egypt,Consumer
298,sophia taylor,Female,53,Port Said,Port Said,Egypt,Consumer
299,Noura Al Otaibi,F,65,ISMAILIA,Ismailia,Egypt,Consumer
300,John Walker,male,26,alexandria,Alexandria,Egypt,Consumer
301,Noura Al Dosari,Female,26,Dubai,Dubai,United Arab Emirates,Consumer
302,Omar Al Qahtani,M,42,ALEXANDRIA,Alexandria,Egypt,Corporate
303,Aya Mostafa,Female,42,Medina,Al Madinah,Saudi Arabia,VIP
304,Dina Ali,female,42,Tanta,Gharbia,Egypt,Corporate
305,Khaled Rashad  ,male,19,Alexandria,Alexandria,Egypt,Corporate
306,William Miller,male,22,Cairo,Cairo,Egypt,Consumer
307,William Smith,male,61,NEW CAIRO,Cairo,Egypt,Small Business
308,Hana Ibrahim,female,43,CAIRO,Cairo,Egypt,Consumer
309,Mariam  Hassan,Female,22,kuwait city,Al Asimah,Kuwait,Corporate
310,  Ahmed Youssef,male,63,assiut,Assiut,Egypt,Consumer
311,Thomas Al Dosari,male,57,Alexandria,Alexandria,Egypt,Corporate
312,Thomas Jackson,Male,48,Mansoura,Dakahlia,Egypt,Corporate
313,David Taylor  ,M,46,Alexandria,Alexandria,Egypt,Consumer
314,Emma  Hall,female,26,MANSOURA,Dakahlia,Egypt,Corporate
315,Latifa Salem,female,53,giza,Giza,Egypt, Small Business
316,Heba Shalaby,Female,20,Mansoura,Dakahlia,Egypt,VIP
317,Fatima Mansour,F,26,Dubai,Dubai,United Arab Emirates,Consumer
318,Isabella Johnson,female,31,Dammam,Eastern Province,Saudi Arabia,Consumer
319,charlotte salem,female,34,Giza,Giza,Egypt,Consumer
320,yasmin gaber,female,60,Giza,Giza,Egypt,Corporate
321,AMELIA LEWIS,F,53,mansoura,Dakahlia,Egypt,Consumer
322,Salma Rashad,female,65,Abu Dhabi,Abu Dhabi,United Arab Emirates,VIP
323,Latifa Mostafa,Female,49,ismailia,Ismailia,Egypt,Consumer
324,Emily Walker,F,27,ASSIUT,Assiut,Egypt,Consumer
325,Michael Taylor,M,28,Doha,Doha,Qatar,Consumer
326,Reem Gaber,Female,48,RIYADH,Riyadh,Saudi Arabia, Consumer
327,Mariam Zaki,F,42,Abu Dhabi,Abu Dhabi,United Arab Emirates,Consumer
328,Emily Johnson,Female,49,GIZA,Giza,Egypt,Consumer 
329,  Ahmed Ali,Male,25,Ismailia,Ismailia,Egypt,Consumer
330,Mia Rashad,Female,60,Abu Dhabi,Abu Dhabi,United Arab Emirates,Consumer
331,John Ibrahim,Male,63,ASSIUT,Assiut,Egypt,Consumer
332,Nour Fahmy,F,37,Mansoura,Dakahlia,Egypt,Small Business 
333,ALI IBRAHIM,Male,19,luxor,Luxor,Egypt,Consumer
334,sultan saad,M,37,jeddah,Makkah,Saudi Arabia,Small Business
335,Mahmoud Ali,Male,57,Jeddah,Makkah,Saudi Arabia,Consumer
336,Ahmed Shalaby  ,Male,25,DAMMAM,Eastern Province,Saudi Arabia,Consumer
337,Joseph Brown,M,28,new cairo,Cairo,Egypt,VIP
338,Majed Shalaby,Male,61,cairo,Cairo,Egypt,Corporate
339,Ahmed Saad,M,42,Dammam,Eastern Province,Saudi Arabia,Corporate
340,Andrew Brown,M,28,ALEXANDRIA,Alexandria,Egypt,Corporate 
341,sameh  mansour,Male,36,NEW CAIRO,Cairo,Egypt,Small Business
342,laila rashad,Female,19,Kuwait City,Al Asimah,Kuwait, Corporate
343,Reem Khaled,female,58,giza,Giza,Egypt,Consumer
344,Shaimaa Ali  ,F,49,Dubai,Dubai,United Arab Emirates,Consumer
345,sara youssef,Female,38,Dubai,Dubai,United Arab Emirates,Consumer
346,Charlotte Davis,F,48,Giza,Giza,Egypt,Corporate
347,Yasmin Al Dosari  ,F,20,Alexandria,Alexandria,Egypt,Consumer
348,Mia Al Ghamdi,female,50,DAMMAM,Eastern Province,Saudi Arabia,Corporate
349,Nour Khaled,female,24,Giza,Giza,Egypt, Corporate
350,Sultan Saad,male,38,Jeddah,Makkah,Saudi Arabia,Consumer
351,Olivia Johnson  ,female,39,Suez,Suez,Egypt,Consumer
352,Joseph Farouk,Male,45,Riyadh,Riyadh,Saudi Arabia,Small Business
353,Mahmoud Khaled,male,30,Dubai,Dubai,United Arab Emirates,Consumer
354,Aisha Rashad,F,47,DUBAI,Dubai,United Arab Emirates,Consumer
355,Mohamed Rashad,Male,31,Alexandria,Alexandria,Egypt,Consumer
356,Fahad Al Ghamdi,Male,50,suez,Suez,Egypt,Consumer
357,Ava Smith,Female,21,GIZA,Giza,Egypt,Small Business
358,reem al otaibi,female,64,Sharjah,Sharjah,United Arab Emirates,Consumer
359,Mostafa Ali,male,26,ASWAN,Aswan,Egypt,Consumer
360,Sherif Abdelrahman,male,33,Dubai,Dubai,United Arab Emirates,VIP
361,Sherif Salem,M,44,dubai,Dubai,United Arab Emirates,Small Business
362,Michael Walker,Male,58,Ismailia,Ismailia,Egypt,Consumer
363,Mohamed Ibrahim,male,45,kuwait city,Al Asimah,Kuwait,Consumer
364,Ahmed Mostafa,M,50,dubai,Dubai,United Arab Emirates,Consumer
365,Noura Zaki,Female,49,GIZA,Giza,Egypt,Consumer
366,Majed Al Qahtani,M,51,DUBAI,Dubai,United Arab Emirates,Consumer
367,Bilal Ibrahim,M,53,Port Said,Port Said,Egypt,Consumer
368,Andrew Johnson,M,37,cairo,Cairo,Egypt,Corporate
369,IBRAHIM SAAD,Male,47,medina,Al Madinah,Saudi Arabia,Consumer
370,Tarek  Salem,Male,62,TANTA,Gharbia,Egypt,Consumer
371,Omar Mansour  ,male,40,abu dhabi,Abu Dhabi,United Arab Emirates,Consumer
372,Ali  Saad,Male,60,6th of october,Giza,Egypt,Small Business
373,Mohamed Khaled,Male,55,6th of October,Giza,Egypt,Consumer
374,Rana Mahmoud  ,female,27,6th of October,Giza,Egypt,Consumer
375,faisal saad,M,40,Jeddah,Makkah,Saudi Arabia,Consumer
376,William Rashad,Male,36,new cairo,Cairo,Egypt,Consumer
377,Andrew Hassan,male,55,doha,Doha,Qatar,Corporate
378,Robert Khaled,male,33,Mansoura,Dakahlia,Egypt,Corporate
379,Amelia Young  ,F,64,SUEZ,Suez,Egypt,Small Business
380,Yasmin Ali,Female,51,ALEXANDRIA,Alexandria,Egypt,Consumer
381,Faisal Ramadan  ,male,21,6th of October,Giza,Egypt,Consumer
382,Sameh  Mansour,male,37,Riyadh,Riyadh,Saudi Arabia,Corporate
383,Omar  Al Otaibi,M,25,Alexandria,Alexandria,Egypt,VIP
384,Ali Saad,Male,50,Mansoura,Dakahlia,Egypt,Consumer
385,isabella al ghamdi,Female,54,New Cairo,Cairo,Egypt,Corporate
386,James Wright  ,M,35,Abu Dhabi,Abu Dhabi,United Arab Emirates,Consumer
387,Omar El Sayed  ,Male,23,cairo,Cairo,Egypt,Consumer
388,Amr Salem,M,28,NEW CAIRO,Cairo,Egypt,Consumer
389,Hossam Mostafa,Male,40,Luxor,Luxor,Egypt,Corporate
390,William Young,male,51,Kuwait City,Al Asimah,Kuwait,Consumer
391,Ashraf Hassan,Male,54,Alexandria,Alexandria,Egypt,Small Business
392,Ali Salem,male,35,GIZA,Giza,Egypt,Consumer
393,Farida Salem,female,36,Cairo,Cairo,Egypt,Corporate
394,  Ali Ibrahim,male,39,KUWAIT CITY,Al Asimah,Kuwait,Consumer
395,Grace Ramadan  ,Female,48,dubai,Dubai,United Arab Emirates,Corporate
396,hassan saad,Male,62,Giza,Giza,Egypt,Consumer
397,Fahad Youssef  ,M,35,Dubai,Dubai,United Arab Emirates,Consumer
398,Mia Salem,Female,53,Tanta,Gharbia,Egypt,Corporate
399,Robert Hall,Male,43,dubai,Dubai,United Arab Emirates,Consumer
400,Mahmoud Fahmy,M,29,Jeddah,Makkah,Saudi Arabia,Small Business
401,Amira Gaber,F,56,ZAGAZIG,Sharqia,Egypt,Corporate 
402,Daniel Wilson,Male,27,Riyadh,Riyadh,Saudi Arabia,Consumer
403,Mia King,Female,59,Abu Dhabi,Abu Dhabi,United Arab Emirates,Corporate
404,Fahad Al Otaibi,male,55,medina,Al Madinah,Saudi Arabia,Corporate
405,Emily Clark,female,46,Riyadh,Riyadh,Saudi Arabia,VIP
406,Khaled Mahmoud,male,48,Alexandria,Alexandria,Egypt,Corporate
407,John Wilson,M,21,new cairo,Cairo,Egypt,Small Business
408,Nasser Ibrahim,male,61,cairo,Cairo,Egypt,Consumer
409,hassan mostafa,Male,50,Cairo,Cairo,Egypt,Corporate
410,Mohamed Farouk,Male,56,Sharjah,Sharjah,United Arab Emirates,Consumer
411,Karim Abdelrahman,Male,50,Zagazig,Sharqia,Egypt, Consumer
412,Doaa Mostafa,female,42,GIZA,Giza,Egypt,Corporate
413,Laila Zaki,Female,21,Mecca,Makkah,Saudi Arabia,Consumer
414,  Ibrahim Rashad,Male,28,GIZA,Giza,Egypt,Consumer
415,Wael Al Otaibi,male,46,Giza,Giza,Egypt,Consumer
416,Sherif  Abdelrahman,Male,35,Ismailia,Ismailia,Egypt,Corporate
417,Ibrahim Gaber,male,48,ALEXANDRIA,Alexandria,Egypt,Consumer
418,John Al Dosari,Male,37,assiut,Assiut,Egypt,Consumer
419,MOHAMED ZAKI,M,64,LUXOR,Luxor,Egypt,Corporate
420,  DOAA ZAKI,F,44,Kuwait City,Al Asimah,Kuwait,Consumer
421,Majed Rashad,M,53,MEDINA,Al Madinah,Saudi Arabia,Consumer
422,Andrew Hassan,male,29,Jeddah,Makkah,Saudi Arabia,Consumer
423,Latifa Mostafa,female,24,cairo,Cairo,Egypt,Corporate
424,HASSAN NASSER,M,64,riyadh,Riyadh,Saudi Arabia,Consumer
425,ashraf al harbi,Male,60,doha,Doha,Qatar,Consumer
426,Emma Saad,female,56,dammam,Eastern Province,Saudi Arabia,Consumer
427,Robert Brown,Male,57,Alexandria,Alexandria,Egypt,Corporate
428,Grace Smith,female,41,ASSIUT,Assiut,Egypt,Consumer
429,Fatima  Saad,female,48,6th of October,Giza,Egypt,Corporate
430,Mostafa Saad,Male,39,DOHA,Doha,Qatar,Corporate
431,Mohamed Al Qahtani,M,35,Riyadh,Riyadh,Saudi Arabia,Corporate
432,Tarek  Shalaby,M,34,NEW CAIRO,Cairo,Egypt,Corporate
433,Heba Farouk,F,55,mansoura,Dakahlia,Egypt,Consumer
434,John Gaber,Male,43,New Cairo,Cairo,Egypt,Consumer
435,Reem Mahmoud,female,59,Alexandria,Alexandria,Egypt,Consumer
436,William Miller  ,male,65,Abu Dhabi,Abu Dhabi,United Arab Emirates,Consumer
437,Joseph Fahmy  ,M,56,Tanta,Gharbia,Egypt,Consumer
438,Nada Al Qahtani,female,38,Tanta,Gharbia,Egypt,Consumer
439,Sultan Al Harbi,Male,27,ZAGAZIG,Sharqia,Egypt,Consumer
440,nasser abdelrahman,M,48,Sharjah,Sharjah,United Arab Emirates,VIP
441,MICHAEL BROWN,male,45,6th of October,Giza,Egypt,Consumer
442,Noura Hassan,F,22,Cairo,Cairo,Egypt,Consumer
443,Bilal Mansour  ,male,21,Riyadh,Riyadh,Saudi Arabia,Small Business
444,Mona  Ali,female,31,ismailia,Ismailia,Egypt,Corporate
445,Ali Khaled,M,27,Ismailia,Ismailia,Egypt,VIP
446,Joseph Clark  ,M,65,Cairo,Cairo,Egypt,Consumer
447,Mohamed Al Harbi,male,22,jeddah,Makkah,Saudi Arabia,Consumer 
448,Thomas  Youssef,M,45,Riyadh,Riyadh,Saudi Arabia,Consumer
449,David Thomas,M,31,assiut,Assiut,Egypt,Consumer
450,Abdullah El Sayed,male,57,Tanta,Gharbia,Egypt,Consumer
451,Hossam Mansour,Male,56,Dammam,Eastern Province,Saudi Arabia,Consumer
452,Faisal Mahmoud,male,51,Alexandria,Alexandria,Egypt,Corporate
453,Daniel El Sayed,male,52,Aswan,Aswan,Egypt,Consumer
454,Andrew Martin,Male,37,Abu Dhabi,Abu Dhabi,United Arab Emirates,VIP
455,Joseph  Saad,male,54,Kuwait City,Al Asimah,Kuwait,Corporate
456,Sophia Salem,Female,49,Mansoura,Dakahlia,Egypt,Corporate
457,Aya Al Qahtani,F,42,New Cairo,Cairo,Egypt,Corporate
458,Ghada El Sayed,female,54,Mecca,Makkah,Saudi Arabia,Consumer
459,ibrahim al ghamdi,male,63,Giza,Giza,Egypt,Corporate
460,Thomas Martin,Male,43,Luxor,Luxor,Egypt,Consumer
461,  Ava Scott,F,35,Cairo,Cairo,Egypt,Consumer
462,Fahad Ali,Male,48,Cairo,Cairo,Egypt,VIP
463,Ibrahim Mahmoud,M,48,cairo,Cairo,Egypt,Corporate
464,Ali Al Qahtani  ,male,23,6th of October,Giza,Egypt,Consumer
465,David Ramadan,M,29,Jeddah,Makkah,Saudi Arabia,Corporate
466,Youssef Al Ghamdi,male,27,Suez,Suez,Egypt,Consumer
467,Faisal Al Dosari,Male,33,Cairo,Cairo,Egypt,Consumer
468,Hassan Al Harbi,Male,25,Mansoura,Dakahlia,Egypt,Consumer
469,Ava Mostafa,female,25,dammam,Eastern Province,Saudi Arabia,Small Business
470,Sameh Al Harbi,M,41,Doha,Doha,Qatar,Consumer
471,andrew taylor,M,31,Assiut,Assiut,Egypt,Corporate
472,Mostafa Nasser,M,54,Cairo,Cairo,Egypt,Consumer
473,Mona Khaled,female,43,dammam,Eastern Province,Saudi Arabia,VIP
474,Salma Nasser,female,27,mansoura,Dakahlia,Egypt,Consumer
475,  Ava Clark,F,63,SUEZ,Suez,Egypt,Consumer
476,Youssef Mostafa,M,22,6TH OF OCTOBER,Giza,Egypt,Consumer
477,Mahmoud Gaber,M,60,alexandria,Alexandria,Egypt,Corporate
478,Yasmin Ibrahim  ,female,44,SUEZ,Suez,Egypt,Consumer
479,Sherif Al Qahtani,M,18,Dubai,Dubai,United Arab Emirates,Corporate
480,Amira Farouk,Female,57,Tanta,Gharbia,Egypt,Consumer
481,David Jackson,Male,40,Jeddah,Makkah,Saudi Arabia,Small Business
482,Noura Saad,F,46,assiut,Assiut,Egypt,Consumer
483,Charlotte Al Otaibi,female,25,alexandria,Alexandria,Egypt,Small Business
484,Sophia Young,Female,56,Riyadh,Riyadh,Saudi Arabia,Small Business
485,Robert Hassan,M,25,cairo,Cairo,Egypt,Consumer
486,Nasser Fahmy,Male,55,Assiut,Assiut,Egypt,Small Business
487,Youssef  Farouk,male,23,ISMAILIA,Ismailia,Egypt,Consumer
488,Nour Fahmy,Female,54,Cairo,Cairo,Egypt,Consumer
489,Doaa Farouk,F,50,CAIRO,Cairo,Egypt,Consumer
490,Andrew Mahmoud,male,25,DUBAI,Dubai,United Arab Emirates,Consumer
491,Robert Hall,Male,28,alexandria,Alexandria,Egypt,Consumer
492,  Grace Wilson,F,55,New Cairo,Cairo,Egypt,Consumer
493,Reem Zaki,female,55,new cairo,Cairo,Egypt,Small Business
494,Robert Youssef,Male,34,ALEXANDRIA,Alexandria,Egypt,Consumer
495,Robert Gaber,male,31,cairo,Cairo,Egypt,Consumer
496,SHERIF FAHMY,M,40,Cairo,Cairo,Egypt,Consumer
497,James Thomas,Male,61,ALEXANDRIA,Alexandria,Egypt,VIP
498,Youssef Farouk,Male,54,Cairo,Cairo,Egypt,Consumer
499,Hossam Nasser,male,37,Mansoura,Dakahlia,Egypt,Corporate
500,Aisha Fahmy,F,34,Cairo,Cairo,Egypt,Consumer
501,Nasser Al Otaibi,Male,46,Aswan,Aswan,Egypt,Corporate
502,Fatima Fahmy,Female,60,Sharjah,Sharjah,United Arab Emirates,Consumer
503,Khaled Mostafa,M,45,Alexandria,Alexandria,Egypt,Corporate
504,Bilal  Ramadan,Male,59,cairo,Cairo,Egypt,Small Business
505,Fatima Abdelrahman,Female,38,Luxor,Luxor,Egypt,Corporate
506,Hessa Ramadan,Female,65,Dubai,Dubai,United Arab Emirates,Consumer
507,Joseph Martin,M,21,Abu Dhabi,Abu Dhabi,United Arab Emirates,Small Business
508,ABDULLAH MOSTAFA,M,59,giza,Giza,Egypt,Consumer
509,Ali Gaber,male,41,Alexandria,Alexandria,Egypt,Consumer
510,Ghada Ali,Female,37,mecca,Makkah,Saudi Arabia,Small Business
511,Yasmin Al Harbi,female,22,Jeddah,Makkah,Saudi Arabia,Small Business
512,Heba Ramadan,F,22,Giza,Giza,Egypt,Corporate
513,Sara Youssef,F,43,alexandria,Alexandria,Egypt,Small Business
514,Mia Jackson,Female,33,Mansoura,Dakahlia,Egypt,Corporate
515,  Sameh Salem,M,51,luxor,Luxor,Egypt,VIP
516,Ali Mansour,male,58,CAIRO,Cairo,Egypt,Corporate
517,Farida Al Harbi,female,34,Cairo,Cairo,Egypt,Small Business
518,Nasser Nasser,male,49,ALEXANDRIA,Alexandria,Egypt,Consumer
519,Emma Shalaby,female,44,giza,Giza,Egypt,Consumer
520,Menna Al Dosari,F,37,Mansoura,Dakahlia,Egypt,Consumer
521,Grace Walker,F,25,TANTA,Gharbia,Egypt,Consumer
522,Mahmoud  Shalaby,male,54,Dammam,Eastern Province,Saudi Arabia,Small Business
523,Hessa Farouk,F,31,Riyadh,Riyadh,Saudi Arabia,VIP
524,Farida Gaber,female,18,doha,Doha,Qatar,Small Business
525,hessa ibrahim,female,49,assiut,Assiut,Egypt,Small Business
526,Sultan Salem  ,male,45,dubai,Dubai,United Arab Emirates,VIP
527,Hana Saad,Female,38,luxor,Luxor,Egypt,Consumer
528,Mohamed Farouk,Male,37,Tanta,Gharbia,Egypt,Consumer
529,Omar Hassan,Male,59,6th of October,Giza,Egypt,Consumer
530,Daniel Clark,M,47,cairo,Cairo,Egypt,Corporate
531,ibrahim ramadan,Male,22,Giza,Giza,Egypt,Small Business
532,Salma Rashad,F,22,Cairo,Cairo,Egypt,Small Business 
533,Amr Fahmy,male,59,Alexandria,Alexandria,Egypt,Consumer
534,Doaa Gaber,F,31,dubai,Dubai,United Arab Emirates,Consumer
535,Mohamed Gaber,Male,27,Aswan,Aswan,Egypt,VIP
536,Ghada Farouk  ,F,43,mecca,Makkah,Saudi Arabia,Consumer
537,  amira ali,female,30,cairo,Cairo,Egypt,Corporate
538,Mahmoud  Abdelrahman,Male,25,assiut,Assiut,Egypt,Consumer 
539,Amelia  Al Qahtani,Female,53,Giza,Giza,Egypt,Consumer
540,Dina Hassan,Female,34,CAIRO,Cairo,Egypt,Consumer
541,Karim Zaki,M,47,New Cairo,Cairo,Egypt,Consumer
542,Nour Gaber,female,47,Riyadh,Riyadh,Saudi Arabia,Consumer
543,Mariam Hassan,female,24,Mansoura,Dakahlia,Egypt,Corporate
544,Wael Ramadan,Male,42,6th of October,Giza,Egypt,Consumer
545,Mariam Gaber,F,22,KUWAIT CITY,Al Asimah,Kuwait,Consumer
546,Noura Mahmoud  ,Female,50,MANSOURA,Dakahlia,Egypt,VIP
547,Andrew Martin,M,64,Giza,Giza,Egypt,Consumer
548,William Thomas,M,34,Jeddah,Makkah,Saudi Arabia,Consumer
549,Olivia Ibrahim,F,30,Cairo,Cairo,Egypt,Consumer
550,omar al otaibi,M,40,new cairo,Cairo,Egypt,Consumer
551,Laila Fahmy,F,52,NEW CAIRO,Cairo,Egypt,Corporate
552,Olivia Fahmy,female,47,zagazig,Sharqia,Egypt,Consumer
553,Ghada Rashad,female,24,cairo,Cairo,Egypt,Consumer
554,Tarek Al Otaibi,M,58,mansoura,Dakahlia,Egypt,Consumer
555,Hassan Salem,Male,37,dubai,Dubai,United Arab Emirates,Consumer
556,Emily Clark,female,52,mansoura,Dakahlia,Egypt,Consumer
557,Abdullah Fahmy  ,Male,60,PORT SAID,Port Said,Egypt,Corporate 
558,Menna Fahmy,Female,37,Jeddah,Makkah,Saudi Arabia,Small Business
559,Majed  Rashad,M,33,Alexandria,Alexandria,Egypt,Small Business
560,hana el sayed,F,36,DAMMAM,Eastern Province,Saudi Arabia,Small Business
561,  Daniel Khaled,Male,40,Suez,Suez,Egypt,Consumer
562,Isabella El Sayed,female,48,Assiut,Assiut,Egypt,Consumer
563,Hassan Nasser,M,36,6th of October,Giza,Egypt,Consumer
564,Faisal Rashad,M,36,PORT SAID,Port Said,Egypt,Consumer
565,  Noura Ramadan,F,25,Alexandria,Alexandria,Egypt,Corporate 
566,Ava Walker,female,34,Cairo,Cairo,Egypt,Consumer
567,Abdullah Al Otaibi,Male,25,Abu Dhabi,Abu Dhabi,United Arab Emirates,Corporate
568,William King,M,30,ALEXANDRIA,Alexandria,Egypt,Consumer
569,Wael Youssef,M,51,New Cairo,Cairo,Egypt,Small Business
570,Farida  Ali,female,58,Alexandria,Alexandria,Egypt,Corporate
571,Sameh Mahmoud,M,64,6th of october,Giza,Egypt,Consumer
572,Abdullah Khaled,Male,21,cairo,Cairo,Egypt,Corporate
573,Mona El Sayed,female,63,Assiut,Assiut,Egypt,Corporate
574,Mariam Al Dosari,female,35,6th of October,Giza,Egypt, Small Business
575,Amr Al Dosari,Male,47,Riyadh,Riyadh,Saudi Arabia,Consumer
576,Mostafa  Mansour,male,28,Cairo,Cairo,Egypt,Small Business
577,Mia Clark,Female,59,Cairo,Cairo,Egypt,Consumer
578,Nasser Youssef,M,55,Giza,Giza,Egypt,Consumer
579,  Sophia Johnson,female,25,giza,Giza,Egypt,Consumer
580,Majed Shalaby  ,male,64,cairo,Cairo,Egypt,Consumer
581,Mohamed  Salem,male,51,alexandria,Alexandria,Egypt,Consumer
582,Amira Salem,F,47,Giza,Giza,Egypt,Consumer
583,Mia Lewis,female,47,Mecca,Makkah,Saudi Arabia,Small Business
584,OLIVIA RASHAD  ,Female,24,Dammam,Eastern Province,Saudi Arabia,VIP
585,Noura Hassan,Female,47,Jeddah,Makkah,Saudi Arabia,Consumer
586,  Youssef Mostafa,Male,26,GIZA,Giza,Egypt,VIP
587,Thomas Hassan,Male,48,Kuwait City,Al Asimah,Kuwait,Consumer
588,hessa al dosari,Female,60,Suez,Suez,Egypt,Consumer
589,Hassan Nasser,male,38,Kuwait City,Al Asimah,Kuwait,Corporate
590,Amira Ali,female,57,Alexandria,Alexandria,Egypt,Consumer
591,Ibrahim Zaki,male,58,assiut,Assiut,Egypt,Consumer
592,Salma Rashad,female,46,Jeddah,Makkah,Saudi Arabia,Consumer
593,William Davis,Male,44,ISMAILIA,Ismailia,Egypt,Corporate
594,Mohamed Ali,M,50,TANTA,Gharbia,Egypt,VIP
595,Hossam Fahmy,Male,56,PORT SAID,Port Said,Egypt,Consumer
596,Wael Zaki,M,36,Riyadh,Riyadh,Saudi Arabia,Corporate
597,Mariam Salem,Female,18,Alexandria,Alexandria,Egypt,Corporate
598,Tarek Zaki,Male,29,Kuwait City,Al Asimah,Kuwait,Consumer
599,Latifa Ali,Female,20,Sharjah,Sharjah,United Arab Emirates,Consumer 
600,Nour Al Qahtani,female,48,Mecca,Makkah,Saudi Arabia,Consumer
601,William Davis,M,19,6th of October,Giza,Egypt,Consumer
602,Tarek  Ali,M,50,Port Said,Port Said,Egypt,Corporate
603,Michael  Smith,M,36,ismailia,Ismailia,Egypt, Corporate
604,mia davis,F,38,Cairo,Cairo,Egypt,Corporate 
605,Amr Ali,male,28,zagazig,Sharqia,Egypt,Small Business
606,Laila Saad,female,25,Doha,Doha,Qatar,Consumer
607,CHARLOTTE MOORE,F,52,Riyadh,Riyadh,Saudi Arabia,Consumer
608,Khaled Zaki,Male,34,CAIRO,Cairo,Egypt, VIP
609,Nada Rashad,female,32,tanta,Gharbia,Egypt,Consumer
610,  Sherif Nasser,M,41,SHARJAH,Sharjah,United Arab Emirates,VIP
611,Hassan Ibrahim,male,21,Dubai,Dubai,United Arab Emirates,Consumer
612,Aisha Hassan,Female,53,Cairo,Cairo,Egypt,Consumer
613,Fahad Ali,Male,49,CAIRO,Cairo,Egypt,Consumer
614,William Nasser,M,57,Abu Dhabi,Abu Dhabi,United Arab Emirates,Consumer
615,Mona Salem,female,43,Giza,Giza,Egypt,VIP
616,Aya El Sayed,female,47,ALEXANDRIA,Alexandria,Egypt,Consumer
617,Joseph Zaki,M,45,Dubai,Dubai,United Arab Emirates,Corporate
618,Sultan Al Otaibi,male,29,doha,Doha,Qatar,Consumer
619,Hossam Al Qahtani,male,56,Cairo,Cairo,Egypt,Corporate
620,HOSSAM ALI,male,47,Dubai,Dubai,United Arab Emirates,Corporate
621,REEM  ZAKI,Female,56,Abu Dhabi,Abu Dhabi,United Arab Emirates,Consumer
622,Rana Al Ghamdi,F,25,Abu Dhabi,Abu Dhabi,United Arab Emirates,Corporate
623,Karim Saad,M,57,Alexandria,Alexandria,Egypt,Small Business
624,Karim Ramadan,Male,18,6th of october,Giza,Egypt,Consumer
625,faisal ali,Male,43,6th of October,Giza,Egypt,Small Business
626,Faisal Shalaby,M,23,Doha,Doha,Qatar,Corporate
627,Noura Mostafa,Female,34,ALEXANDRIA,Alexandria,Egypt,Corporate
628,Michael Moore,M,34,Giza,Giza,Egypt,Small Business
629,Sophia  Smith,F,33,GIZA,Giza,Egypt,Corporate
630,Robert Al Harbi,male,27,Doha,Doha,Qatar,Consumer
631,Nasser Al Otaibi,male,40,ALEXANDRIA,Alexandria,Egypt,Small Business
632,mia farouk,F,30,Suez,Suez,Egypt,Consumer
633,Khaled Zaki,Male,46,Alexandria,Alexandria,Egypt, Consumer
634,Sophia Thomas,F,63,riyadh,Riyadh,Saudi Arabia,Small Business
635,Daniel  Jackson,Male,41,Sharjah,Sharjah,United Arab Emirates,Small Business
636,OMAR SHALABY,Male,60,Giza,Giza,Egypt,Consumer
637,Charlotte Martin,Female,37,Port Said,Port Said,Egypt,VIP
638,Daniel Mahmoud,Male,52,giza,Giza,Egypt,Small Business
639,Ibrahim Ali,M,38,Cairo,Cairo,Egypt,Consumer
640,Noura Saad,female,44,Cairo,Cairo,Egypt,Consumer
641,Latifa Al Harbi,Female,63,Riyadh,Riyadh,Saudi Arabia,Consumer
642,Noura Al Otaibi,F,28,Doha,Doha,Qatar,Consumer
643,Shaimaa Mostafa,Female,61,Alexandria,Alexandria,Egypt,Consumer
644,  Karim Abdelrahman,male,59,abu dhabi,Abu Dhabi,United Arab Emirates,Corporate
645,SHERIF KHALED,male,35,ASWAN,Aswan,Egypt,Corporate
646,Nada  Al Qahtani,female,57,Dammam,Eastern Province,Saudi Arabia,Corporate
647,Sherif Fahmy,M,39,CAIRO,Cairo,Egypt,Consumer
648,Emily Scott  ,female,47,Mecca,Makkah,Saudi Arabia,Consumer
649,Sultan Nasser,M,33,Riyadh,Riyadh,Saudi Arabia,Small Business
650,Sherif Khaled,male,29,CAIRO,Cairo,Egypt,Consumer
651,Nasser Ramadan,M,27,Port Said,Port Said,Egypt,Consumer
652,Aya Mansour,female,47,alexandria,Alexandria,Egypt,Small Business
653,Youssef El Sayed,male,22,CAIRO,Cairo,Egypt,Consumer
654,Menna Ibrahim,F,37,riyadh,Riyadh,Saudi Arabia,Consumer
655,Joseph Al Dosari,male,23,Aswan,Aswan,Egypt,Corporate
656,Latifa Shalaby,F,51,Cairo,Cairo,Egypt,Consumer
657,ASHRAF HASSAN,M,45,6TH OF OCTOBER,Giza,Egypt, Consumer
658,Reem Farouk,female,18,Tanta,Gharbia,Egypt,Consumer
659,Ibrahim  Rashad,M,53,6th of october,Giza,Egypt,Corporate
660,Heba  Gaber,F,36,Cairo,Cairo,Egypt,Corporate
661,MOHAMED FAROUK,Male,27,ISMAILIA,Ismailia,Egypt,Consumer
662,Ashraf Nasser,Male,24,Mansoura,Dakahlia,Egypt,Small Business
663,Ashraf Salem,Male,52,assiut,Assiut,Egypt,Small Business
664,Yasmin Hassan,Female,22,Suez,Suez,Egypt,Consumer
665,sultan zaki,Male,58,Ismailia,Ismailia,Egypt,Corporate
666,Hossam Zaki,Male,36,Zagazig,Sharqia,Egypt,Corporate 
667,Yasmin Farouk,Female,33,Alexandria,Alexandria,Egypt,Consumer
668,Hassan Shalaby,M,29,assiut,Assiut,Egypt,Consumer
669,Fatima Shalaby,F,47,Riyadh,Riyadh,Saudi Arabia,Consumer
670,Noura Al Dosari,Female,43,zagazig,Sharqia,Egypt,Consumer
671,Sherif Al Dosari,Male,22,cairo,Cairo,Egypt,Corporate
672,Bilal Zaki,Male,24,Luxor,Luxor,Egypt,Consumer
673,  Farida Rashad,F,39,Aswan,Aswan,Egypt,VIP
674,  Yasmin Al Harbi,female,59,assiut,Assiut,Egypt,Small Business
675,Menna Abdelrahman,female,33,ZAGAZIG,Sharqia,Egypt,Corporate
676,  Mona Al Ghamdi,F,53,Mansoura,Dakahlia,Egypt,Corporate
677,sara al dosari,Female,24,sharjah,Sharjah,United Arab Emirates,Corporate
678,William Miller,Male,52,abu dhabi,Abu Dhabi,United Arab Emirates,Corporate
679,Ashraf Salem,male,21,Alexandria,Alexandria,Egypt,Consumer
680,Nasser Salem,M,21,Tanta,Gharbia,Egypt,Consumer
681,Noura Zaki,Female,22,Alexandria,Alexandria,Egypt,Consumer
682,Latifa Ibrahim,Female,63,Kuwait City,Al Asimah,Kuwait,Consumer
683,Grace Mansour,F,31,Suez,Suez,Egypt,Consumer
684,Salma Fahmy,female,25,Aswan,Aswan,Egypt,Corporate
685,Amelia  Moore,female,56,Alexandria,Alexandria,Egypt,VIP
686,Wael Nasser,male,59,Giza,Giza,Egypt,Corporate
687,Robert Thomas,Male,26,Dubai,Dubai,United Arab Emirates,Corporate
688,Ava Fahmy,female,28,alexandria,Alexandria,Egypt,Consumer
689,Joseph Anderson,Male,19,SUEZ,Suez,Egypt,Small Business
690,Fahad Mostafa,M,47,doha,Doha,Qatar,Consumer
691,  Omar Al Ghamdi,Male,35,Jeddah,Makkah,Saudi Arabia,Corporate
692,Yasmin Mostafa,female,54,Dubai,Dubai,United Arab Emirates,Small Business
693,  Fahad Hassan,Male,28,Port Said,Port Said,Egypt,Consumer
694,David Taylor,Male,24,Abu Dhabi,Abu Dhabi,United Arab Emirates,Corporate
695,Ibrahim  Al Qahtani,M,18,alexandria,Alexandria,Egypt,VIP
696,michael jackson  ,male,27,JEDDAH,Makkah,Saudi Arabia,Consumer
697,  Yasmin Al Dosari,F,39,Kuwait City,Al Asimah,Kuwait,Small Business
698,Majed Al Otaibi  ,male,26,PORT SAID,Port Said,Egypt,Small Business
699,Doaa Mansour,Female,33,Mansoura,Dakahlia,Egypt,Corporate
700,sultan farouk,M,37,Cairo,Cairo,Egypt,Corporate
701,Ava Anderson,Female,52,ALEXANDRIA,Alexandria,Egypt,Consumer
702,Sara Hassan,Female,38,Abu Dhabi,Abu Dhabi,United Arab Emirates,Corporate
703,Robert El Sayed,M,63,Cairo,Cairo,Egypt,Consumer
704,BILAL RASHAD,Male,53,Ismailia,Ismailia,Egypt,Corporate
705,John Clark,M,18,new cairo,Cairo,Egypt,Consumer
706,Majed Mostafa,M,44,6th of october,Giza,Egypt,Consumer
707,Robert King,Male,39,cairo,Cairo,Egypt,Small Business
708,Noura Al Qahtani  ,F,29,Dammam,Eastern Province,Saudi Arabia,Consumer
709,Sameh  Abdelrahman,Male,62,CAIRO,Cairo,Egypt,Corporate
710,Amira Nasser,female,19,Mecca,Makkah,Saudi Arabia,Consumer
711,Ali Rashad  ,M,34,giza,Giza,Egypt,Corporate
712,Thomas Walker,M,37,dammam,Eastern Province,Saudi Arabia,Consumer
713,Sherif Abdelrahman,Male,33,Cairo,Cairo,Egypt,Consumer
714,Faisal Al Dosari,Male,53,Luxor,Luxor,Egypt,Consumer
715,Emily Walker,Female,61,jeddah,Makkah,Saudi Arabia,Consumer
716,Emily  Brown,female,48,RIYADH,Riyadh,Saudi Arabia,Corporate
717,Fatima Al Dosari,Female,61,Kuwait City,Al Asimah,Kuwait,Consumer
718,Sherif Mansour,Male,22,CAIRO,Cairo,Egypt,Consumer
719,Grace Ibrahim,F,61,Riyadh,Riyadh,Saudi Arabia,Consumer
720,Rana Zaki,female,44,Giza,Giza,Egypt,Corporate
721,Sultan Ramadan,Male,32,Riyadh,Riyadh,Saudi Arabia,Corporate
722,Sherif Rashad,M,31,Giza,Giza,Egypt,Small Business
723,Yasmin Abdelrahman,female,55,6TH OF OCTOBER,Giza,Egypt,Consumer
724,Rana Salem,F,33,Alexandria,Alexandria,Egypt,Consumer
725,Nada Hassan  ,F,29,Giza,Giza,Egypt,Corporate
726,Thomas Jackson  ,M,38,ALEXANDRIA,Alexandria,Egypt,Consumer
727,Hassan Ibrahim,M,34,cairo,Cairo,Egypt,Consumer
728,Hassan Youssef,M,33,Port Said,Port Said,Egypt, Corporate
729,Farida Ramadan,F,19,6th of October,Giza,Egypt,Small Business
730,Youssef Al Otaibi,M,40,Cairo,Cairo,Egypt,Corporate
731,  Latifa Shalaby,F,59,ALEXANDRIA,Alexandria,Egypt,Consumer
732,IBRAHIM GABER,Male,34,Jeddah,Makkah,Saudi Arabia,Corporate
733,Laila Mansour,Female,62,TANTA,Gharbia,Egypt,Small Business
734,Nada Ali  ,Female,21,Cairo,Cairo,Egypt,Corporate
735,Majed Shalaby,M,59,riyadh,Riyadh,Saudi Arabia,Consumer
736,aisha rashad,female,26,RIYADH,Riyadh,Saudi Arabia,VIP
737,David  Walker,Male,38,6th of october,Giza,Egypt,Consumer
738,Wael Al Harbi,M,57,CAIRO,Cairo,Egypt,VIP
739,Thomas Jackson,M,38,New Cairo,Cairo,Egypt,Corporate
740,Aisha El Sayed,F,63,Riyadh,Riyadh,Saudi Arabia,Consumer
741,Mohamed Rashad,Male,30,Alexandria,Alexandria,Egypt,Corporate
742,Laila Al Ghamdi,female,37,Aswan,Aswan,Egypt, Small Business
743,Ali Al Ghamdi,Male,48,6th of October,Giza,Egypt,Consumer
744,Nasser Al Qahtani,Male,19,ismailia,Ismailia,Egypt,Consumer
745,Nour Al Dosari,Female,65,Cairo,Cairo,Egypt,Consumer
746,Joseph Davis,Male,37,JEDDAH,Makkah,Saudi Arabia,Consumer
747,Tarek Ali,M,26,Doha,Doha,Qatar,Corporate
748,Bilal Ali,male,44,Alexandria,Alexandria,Egypt,Consumer
749,FARIDA YOUSSEF  ,F,45,Dammam,Eastern Province,Saudi Arabia,Consumer
750,David Johnson,male,55,TANTA,Gharbia,Egypt,Consumer
751,wael al ghamdi,M,27,Port Said,Port Said,Egypt,VIP
752,Majed Gaber,Male,36,ALEXANDRIA,Alexandria,Egypt,Consumer
753,Joseph Jackson,male,32,Dubai,Dubai,United Arab Emirates,VIP
754,Fahad Ibrahim,Male,57,Dammam,Eastern Province,Saudi Arabia,Consumer
755,Michael Young,Male,29,Ismailia,Ismailia,Egypt,Corporate
756,Grace Shalaby,Female,58,Riyadh,Riyadh,Saudi Arabia,VIP
757,Rana El Sayed,female,45,Aswan,Aswan,Egypt,VIP
758,Karim Zaki,M,55,alexandria,Alexandria,Egypt,Corporate
759,Doaa Shalaby,Female,27,dubai,Dubai,United Arab Emirates,Corporate
760,Nasser Al Harbi,Male,61,Dubai,Dubai,United Arab Emirates,Consumer
761,  Shaimaa Mahmoud,Female,18,kuwait city,Al Asimah,Kuwait,Consumer
762,Ashraf Nasser,male,56,dubai,Dubai,United Arab Emirates,Consumer
763,Ali Fahmy,M,26,Abu Dhabi,Abu Dhabi,United Arab Emirates,Consumer
764,James Anderson,M,48,Giza,Giza,Egypt,Small Business
765,Sophia Martin,Female,24,abu dhabi,Abu Dhabi,United Arab Emirates,Small Business
766,Ibrahim Saad,male,60,ALEXANDRIA,Alexandria,Egypt,Small Business
767,Sultan Nasser,M,27,CAIRO,Cairo,Egypt,Small Business
768,Abdullah Youssef,male,54,Ismailia,Ismailia,Egypt,Corporate
769,Fahad Al Ghamdi,male,30,riyadh,Riyadh,Saudi Arabia,Consumer
770,Nada Al Dosari,female,33,Medina,Al Madinah,Saudi Arabia,VIP
771,Faisal Al Qahtani,male,18,New Cairo,Cairo,Egypt,Consumer 
772,Mohamed Nasser,male,35,RIYADH,Riyadh,Saudi Arabia,Consumer
773,Wael Mansour,male,35,DUBAI,Dubai,United Arab Emirates,Consumer
774,Youssef Rashad,male,18,dammam,Eastern Province,Saudi Arabia,Consumer
775,Khaled Rashad,male,38,cairo,Cairo,Egypt,Consumer
776,  NOUR MOSTAFA,F,58,Cairo,Cairo,Egypt,Consumer
777,isabella jackson,female,54,LUXOR,Luxor,Egypt,Small Business
778,Faisal Zaki,M,41,Alexandria,Alexandria,Egypt,Small Business
779,Reem Mostafa,F,58,Doha,Doha,Qatar,Consumer
780,Michael Ibrahim,Male,39,Giza,Giza,Egypt,Consumer
781,Mahmoud Mahmoud,M,60,Riyadh,Riyadh,Saudi Arabia,Small Business
782,Sameh  Farouk,Male,22,cairo,Cairo,Egypt,Corporate
783,Mariam Al Ghamdi,Female,64,Cairo,Cairo,Egypt,Consumer
784,Nada Nasser,F,24,Giza,Giza,Egypt,Consumer
785,Sara Nasser,Female,37,Riyadh,Riyadh,Saudi Arabia,Consumer
786,Farida Mostafa,F,25,kuwait city,Al Asimah,Kuwait,Consumer
787,Noura  Fahmy,female,28,sharjah,Sharjah,United Arab Emirates,Corporate
788,Robert Johnson,Male,32,alexandria,Alexandria,Egypt,Consumer
789,reem rashad,F,46,Zagazig,Sharqia,Egypt,Consumer
790,Noura El Sayed,F,31,MEDINA,Al Madinah,Saudi Arabia,Corporate
791,Hassan Gaber,M,21,Dammam,Eastern Province,Saudi Arabia,Small Business 
792,Mia Jackson,Female,26,6th of October,Giza,Egypt,Small Business
793,Emily Lewis,Female,43,New Cairo,Cairo,Egypt,Consumer
794,Sherif Fahmy,M,54,6TH OF OCTOBER,Giza,Egypt,Consumer
795,Isabella Abdelrahman,F,49,Giza,Giza,Egypt,Consumer
796,Sara Hassan,Female,31,Ismailia,Ismailia,Egypt,Corporate
797,Majed Nasser,Male,64,jeddah,Makkah,Saudi Arabia,Corporate 
798,Grace Clark,F,56,doha,Doha,Qatar,Consumer
799,NOURA EL SAYED,F,35,Cairo,Cairo,Egypt,Consumer
800,Aya Mahmoud,female,54,DUBAI,Dubai,United Arab Emirates,Corporate
801,Fahad Al Dosari,M,38,dubai,Dubai,United Arab Emirates,Corporate
802,Amelia Thomas,F,50,PORT SAID,Port Said,Egypt,Consumer
803,James Al Dosari,M,57,KUWAIT CITY,Al Asimah,Kuwait,Consumer
804,Mohamed Al Dosari,male,51,giza,Giza,Egypt,Consumer
805,Hossam Abdelrahman,M,60,Jeddah,Makkah,Saudi Arabia,Consumer
806,Emma Jackson,female,46,Assiut,Assiut,Egypt,Corporate
807,Menna Mahmoud,female,32,6th of October,Giza,Egypt,Consumer
808,  Faisal Ibrahim,M,41,Tanta,Gharbia,Egypt,Consumer
809,Emma Lewis,F,58,Medina,Al Madinah,Saudi Arabia,Consumer
810,Wael Fahmy,M,42,dubai,Dubai,United Arab Emirates,Consumer
811,Ava Fahmy,female,21,Riyadh,Riyadh,Saudi Arabia,Consumer
812,  Daniel Salem,Male,36,Dubai,Dubai,United Arab Emirates,Consumer
813,Mia Abdelrahman,Female,37,Cairo,Cairo,Egypt,Small Business
814,Hessa Al Ghamdi,Female,49,Riyadh,Riyadh,Saudi Arabia,Small Business
815,Youssef Al Dosari,male,45,Giza,Giza,Egypt,Consumer
816,Sameh Rashad,male,58,6th of october,Giza,Egypt,Consumer
817,Michael Hassan,M,47,6TH OF OCTOBER,Giza,Egypt,Consumer
818,Bilal Ali,Male,24,Kuwait City,Al Asimah,Kuwait,Small Business
819,Ibrahim Al Harbi,male,51,Cairo,Cairo,Egypt,Consumer
820,Nour Ramadan,female,43,Dubai,Dubai,United Arab Emirates,Small Business
821,Sultan Shalaby  ,Male,61,Medina,Al Madinah,Saudi Arabia,Consumer
822,Fatima Hassan,female,21,Assiut,Assiut,Egypt, Consumer
823,Majed Mostafa,male,50,Giza,Giza,Egypt,Consumer
824,Hossam Al Qahtani,male,56,cairo,Cairo,Egypt,Consumer
825,Farida Al Dosari,female,45,6th of october,Giza,Egypt,Corporate
826,Ibrahim  Khaled,male,49,Doha,Doha,Qatar,Corporate
827,Nada Fahmy,female,18,Cairo,Cairo,Egypt,Consumer
828,  Omar Farouk,male,56,Jeddah,Makkah,Saudi Arabia,Consumer
829,  Daniel King,Male,26,PORT SAID,Port Said,Egypt,Consumer
830,Menna Rashad,female,27,Riyadh,Riyadh,Saudi Arabia,Corporate
831,Ghada  Fahmy,F,43,cairo,Cairo,Egypt,Consumer
832,Dina El Sayed,female,24,Suez,Suez,Egypt,Consumer
833,Mona Hassan,F,46,Tanta,Gharbia,Egypt,Consumer
834,Mona Mahmoud,Female,41,CAIRO,Cairo,Egypt,Consumer
835,Olivia Walker,F,64,6th of October,Giza,Egypt,Small Business
836,Hassan Khaled,M,60,CAIRO,Cairo,Egypt,Consumer
837,Noura Saad,F,37,New Cairo,Cairo,Egypt,Consumer
838,Joseph  Al Qahtani,M,53,Tanta,Gharbia,Egypt,Consumer
839,bilal salem,Male,61,cairo,Cairo,Egypt,Consumer
840,Menna Ramadan,F,21,Suez,Suez,Egypt,Small Business
841,Ali Farouk,M,47,suez,Suez,Egypt,Consumer
842,Amira Shalaby,F,36,Riyadh,Riyadh,Saudi Arabia,Corporate
843,Ahmed Al Harbi  ,M,29,Dubai,Dubai,United Arab Emirates,Small Business
844,  Hossam Hassan,M,34,DUBAI,Dubai,United Arab Emirates, Consumer
845,Khaled  Al Qahtani,M,40,Luxor,Luxor,Egypt,Consumer
846,Karim El Sayed,Male,40,Cairo,Cairo,Egypt,Consumer
847,Daniel Al Qahtani,male,28,riyadh,Riyadh,Saudi Arabia,Consumer
848,Ashraf Al Otaibi,M,40,new cairo,Cairo,Egypt,Consumer
849,William Hall,Male,21,ABU DHABI,Abu Dhabi,United Arab Emirates,Corporate
850,YASMIN NASSER,F,54,cairo,Cairo,Egypt,Small Business
851,Hossam Abdelrahman,male,58,dubai,Dubai,United Arab Emirates,Small Business
852,Fahad Mostafa,Male,38,Jeddah,Makkah,Saudi Arabia,Consumer
853,Ava Moore,female,40,Cairo,Cairo,Egypt,Consumer
854,Abdullah Salem,Male,59,New Cairo,Cairo,Egypt,Consumer
855,Dina Al Otaibi,Female,52,jeddah,Makkah,Saudi Arabia,Small Business
856,Doaa Farouk,F,61,Luxor,Luxor,Egypt,Consumer
857,menna khaled,Female,61,Kuwait City,Al Asimah,Kuwait, Consumer
858,NOURA AL OTAIBI  ,Female,65,Giza,Giza,Egypt,Consumer
859,  Robert Thomas,male,31,New Cairo,Cairo,Egypt,Consumer
860,Ghada Salem,F,24,SHARJAH,Sharjah,United Arab Emirates,Corporate
861,Fahad  Khaled,Male,51,ABU DHABI,Abu Dhabi,United Arab Emirates,Consumer
862,Dina Abdelrahman,Female,62,NEW CAIRO,Cairo,Egypt,Consumer
863,Fahad Al Otaibi,Male,27,doha,Doha,Qatar,Corporate
864,Hassan Khaled,M,63,Tanta,Gharbia,Egypt,Small Business
865,omar ibrahim,male,28,Cairo,Cairo,Egypt,Consumer
866,Sherif Abdelrahman,M,56,Ismailia,Ismailia,Egypt,Consumer
867,  Mia Scott,Female,43,Assiut,Assiut,Egypt,Small Business
868,Fatima Al Qahtani,female,21,Cairo,Cairo,Egypt,Corporate
869,Mostafa Hassan,male,32,aswan,Aswan,Egypt,Consumer
870,Youssef Ramadan,Male,23,cairo,Cairo,Egypt, Corporate
871,doaa gaber,F,32,Abu Dhabi,Abu Dhabi,United Arab Emirates,Small Business
872,Ghada El Sayed,female,36,Doha,Doha,Qatar,Consumer
873,Ibrahim Al Qahtani,Male,49,jeddah,Makkah,Saudi Arabia,Consumer
874,john nasser,male,55,Suez,Suez,Egypt,Consumer
875,MOSTAFA FAHMY,Male,32,Abu Dhabi,Abu Dhabi,United Arab Emirates,Small Business
876,Farida Farouk,Female,38,Cairo,Cairo,Egypt, Consumer
877,Abdullah Gaber,M,57,Zagazig,Sharqia,Egypt,Corporate
878,Daniel Thomas,M,43,New Cairo,Cairo,Egypt,Consumer
879,Sherif Al Dosari,male,41,Doha,Doha,Qatar,Consumer
880,Hana Mansour,female,39,Giza,Giza,Egypt,Corporate
881,Fatima Al Ghamdi,female,44,NEW CAIRO,Cairo,Egypt,Consumer
882,William Wilson,M,26,Assiut,Assiut,Egypt,Consumer
883,Joseph Ali,Male,63,Jeddah,Makkah,Saudi Arabia,Consumer
884,Joseph Ramadan,male,49,Kuwait City,Al Asimah,Kuwait,Corporate
885,Khaled Khaled,Male,21,Dubai,Dubai,United Arab Emirates,Consumer
886,Karim  Hassan,M,28,CAIRO,Cairo,Egypt,Small Business
887,Mohamed Abdelrahman,male,37,Riyadh,Riyadh,Saudi Arabia,Consumer
888,Amira Hassan,Female,41,sharjah,Sharjah,United Arab Emirates,Corporate
889,Faisal Mansour,male,41,6TH OF OCTOBER,Giza,Egypt,VIP 
890,Doaa Rashad,Female,40,Mansoura,Dakahlia,Egypt,Small Business
891,Shaimaa Ibrahim,F,51,Abu Dhabi,Abu Dhabi,United Arab Emirates, Corporate
892,MOSTAFA ZAKI,male,56,Alexandria,Alexandria,Egypt,Small Business
893,Ghada Salem  ,Female,54,alexandria,Alexandria,Egypt,Corporate
894,Yasmin Ramadan,female,41,Alexandria,Alexandria,Egypt,Small Business
895,John King,Male,59,CAIRO,Cairo,Egypt,Consumer
896,Khaled Al Dosari,male,29,Tanta,Gharbia,Egypt,Consumer
897,Isabella Anderson,Female,20,LUXOR,Luxor,Egypt,VIP 
898,Doaa Mahmoud,Female,44,Doha,Doha,Qatar,Small Business
899,Amelia King,F,36,Alexandria,Alexandria,Egypt,Consumer
900,Aisha Mansour,F,26,Abu Dhabi,Abu Dhabi,United Arab Emirates,Consumer
901,Emily Martin,F,24,Tanta,Gharbia,Egypt,Consumer
902,Mahmoud Al Ghamdi,Male,36,Giza,Giza,Egypt,Small Business
903,Khaled Saad,Male,25,abu dhabi,Abu Dhabi,United Arab Emirates,Consumer
904,amira rashad,Female,18,Doha,Doha,Qatar,Small Business
905,James El Sayed,male,31,Aswan,Aswan,Egypt,Consumer
906,Andrew  Brown,M,59,6th of October,Giza,Egypt,Consumer
907,Mona  Zaki,female,56,New Cairo,Cairo,Egypt, Corporate
908,Nada Khaled,Female,26,CAIRO,Cairo,Egypt,VIP
909,Fatima Gaber,F,60,6th of October,Giza,Egypt,Corporate
910,Ali Ramadan,Male,62,tanta,Gharbia,Egypt,Consumer
911,Reem Ibrahim,Female,18,Cairo,Cairo,Egypt,Small Business
912,David Walker,Male,32,Riyadh,Riyadh,Saudi Arabia,Consumer
913,Salma  Al Harbi,Female,42,giza,Giza,Egypt,Corporate
914,Nour Abdelrahman  ,Female,18,Cairo,Cairo,Egypt,Consumer
915,Mona Abdelrahman,F,20,CAIRO,Cairo,Egypt,VIP
916,Karim Al Qahtani,M,57,Cairo,Cairo,Egypt,Consumer
917,Fahad Nasser,male,50,New Cairo,Cairo,Egypt,Corporate
918,Youssef Gaber,male,63,CAIRO,Cairo,Egypt,Small Business
919,Ahmed Mansour,male,59,cairo,Cairo,Egypt,Consumer 
920,Menna Mostafa,Female,60,Doha,Doha,Qatar,Consumer
921,Nada Gaber,Female,27,port said,Port Said,Egypt,Consumer
922,Sherif Rashad,Male,45,6th of October,Giza,Egypt,Corporate
923,Sara Farouk,female,63,new cairo,Cairo,Egypt,Consumer
924,James  Davis,Male,62,Kuwait City,Al Asimah,Kuwait,Consumer
925,  James Anderson,Male,39,New Cairo,Cairo,Egypt,Corporate
926,Aya Mostafa,Female,28,cairo,Cairo,Egypt,Consumer
927,Bilal El Sayed,male,51,Doha,Doha,Qatar,Corporate
928,Khaled Ibrahim,Male,36,Alexandria,Alexandria,Egypt,Consumer
929,Ava Salem  ,Female,32,Sharjah,Sharjah,United Arab Emirates,Corporate
930,Noura Mostafa,F,45,Jeddah,Makkah,Saudi Arabia,Consumer
931,Bilal Salem,M,58,6th of October,Giza,Egypt,Corporate
932,John Ibrahim,M,29,NEW CAIRO,Cairo,Egypt,Consumer
933,  FARIDA FAHMY,female,26,Kuwait City,Al Asimah,Kuwait,Corporate
934,Aisha Hassan  ,F,25,Cairo,Cairo,Egypt,Consumer
935,BILAL FAROUK,Male,46,CAIRO,Cairo,Egypt,Consumer
936,Thomas  Saad,male,64,Aswan,Aswan,Egypt,Consumer
937,Heba Salem,female,34,Abu Dhabi,Abu Dhabi,United Arab Emirates,Consumer
938,Hessa Youssef,F,56,Cairo,Cairo,Egypt,Consumer
939,Joseph Khaled,M,36,cairo,Cairo,Egypt,Corporate
940,aya fahmy,female,19,6th of October,Giza,Egypt,Consumer
941,Amr Zaki,male,22,Cairo,Cairo,Egypt,Consumer
942,Aya Al Otaibi,F,31,dammam,Eastern Province,Saudi Arabia,Consumer
943,Abdullah El Sayed,Male,49,tanta,Gharbia,Egypt,Consumer
944,Rana Saad,F,52,Alexandria,Alexandria,Egypt,Small Business
945,Andrew Lewis,male,23,cairo,Cairo,Egypt,Small Business
946,Thomas Ali,M,28,ISMAILIA,Ismailia,Egypt,Consumer
947,khaled mansour,male,29,Cairo,Cairo,Egypt,Small Business
948,Farida Hassan,Female,57,Giza,Giza,Egypt,Corporate
949,Charlotte Saad,F,61,Cairo,Cairo,Egypt,Small Business
950,William Thomas,Male,55,TANTA,Gharbia,Egypt,Consumer
951,Hassan Abdelrahman,M,23,Abu Dhabi,Abu Dhabi,United Arab Emirates,VIP
952,Nasser Mansour,male,56,Riyadh,Riyadh,Saudi Arabia,Consumer
953,Amelia Saad,Female,22,Doha,Doha,Qatar,Consumer
954,AMR  AL OTAIBI,M,31,Cairo,Cairo,Egypt,Consumer
955,Wael Ali,M,30,Cairo,Cairo,Egypt,Corporate
956,Andrew Rashad,M,38,Cairo,Cairo,Egypt,Consumer
957,Khaled Ramadan,Male,28,Luxor,Luxor,Egypt,Corporate
958,Karim Rashad,Male,54,Alexandria,Alexandria,Egypt,VIP
959,Heba Al Ghamdi,female,46,Aswan,Aswan,Egypt,Consumer
960,HASSAN FAHMY,male,25,Dammam,Eastern Province,Saudi Arabia,Corporate
961,Ahmed Salem,Male,59,Dammam,Eastern Province,Saudi Arabia,Corporate
962,James Al Qahtani  ,Male,59,Cairo,Cairo,Egypt,Corporate
963,Ahmed Mansour,M,43,Cairo,Cairo,Egypt,Small Business
964,bilal nasser,M,33,Cairo,Cairo,Egypt,Small Business
965,Yasmin Al Otaibi,Female,26,Jeddah,Makkah,Saudi Arabia,Corporate
966,Aisha Youssef,F,48,Sharjah,Sharjah,United Arab Emirates,Consumer
967,Ashraf Al Harbi,M,42,Abu Dhabi,Abu Dhabi,United Arab Emirates,Corporate
968,Sameh Ramadan,male,45,Assiut,Assiut,Egypt,Consumer
969,Andrew Scott,Male,35,Giza,Giza,Egypt,Corporate
970,Yasmin Saad,F,57,Alexandria,Alexandria,Egypt,Small Business
971,Andrew Lewis,male,62,GIZA,Giza,Egypt,Consumer
972,Grace Moore,female,26,Medina,Al Madinah,Saudi Arabia,Small Business
973,Mia Davis,F,59,New Cairo,Cairo,Egypt,Small Business
974,Bilal Saad,M,49,ALEXANDRIA,Alexandria,Egypt,Consumer
975,Laila Al Qahtani,F,22,mansoura,Dakahlia,Egypt,VIP 
976,Dina  El Sayed,F,29,Kuwait City,Al Asimah,Kuwait,Corporate
977,Menna Mahmoud,Female,61,6th of october,Giza,Egypt,Small Business
978,MONA KHALED,F,35,suez,Suez,Egypt, Consumer
979,Mohamed Al Qahtani,Male,59,Aswan,Aswan,Egypt, Small Business
980,Amira Fahmy,female,39,doha,Doha,Qatar,Corporate
981,Dina Ibrahim,female,50,giza,Giza,Egypt,VIP
982,SULTAN ALI,male,57,Port Said,Port Said,Egypt,Corporate
983,Salma Al Otaibi,female,57,Alexandria,Alexandria,Egypt,Corporate
984,YOUSSEF AL GHAMDI,M,33,jeddah,Makkah,Saudi Arabia, Consumer
985,Nour Zaki,female,32,Cairo,Cairo,Egypt,Small Business
986,David  Jackson,Male,62,CAIRO,Cairo,Egypt,Consumer
987,Mona Al Qahtani,female,41,Abu Dhabi,Abu Dhabi,United Arab Emirates,Consumer
988,Youssef Al Qahtani,male,56,riyadh,Riyadh,Saudi Arabia,Consumer
989,noura ali,F,22,Giza,Giza,Egypt,Corporate
990,Nasser Gaber  ,M,57,RIYADH,Riyadh,Saudi Arabia,VIP
991,Amelia Walker,Female,36,ASWAN,Aswan,Egypt,VIP
992,Olivia Davis,Female,18,RIYADH,Riyadh,Saudi Arabia,VIP
993,  Sameh Zaki,M,51,suez,Suez,Egypt,Consumer
994,Reem Mostafa,Female,45,abu dhabi,Abu Dhabi,United Arab Emirates,Consumer
995,Mahmoud Al Dosari,Male,28,cairo,Cairo,Egypt,Consumer
996,Daniel  Martin,Male,49,doha,Doha,Qatar,Consumer
997,Youssef Ramadan,Male,35,assiut,Assiut,Egypt,Consumer
998,James Hassan  ,Male,35,luxor,Luxor,Egypt,Consumer
999,  Sameh Mansour,M,24,DUBAI,Dubai,United Arab Emirates,Consumer
1000,David Johnson  ,M,25,ASSIUT,Assiut,Egypt,Small Business
1001,Mona Shalaby  ,female,65,6th of October,Giza,Egypt,Corporate
1002,Charlotte  Al Ghamdi,F,49,port said,Port Said,Egypt,Consumer
1003,Abdullah Mansour,male,34,Suez,Suez,Egypt,Corporate
1004,Joseph Smith,M,21,ALEXANDRIA,Alexandria,Egypt,Consumer
1005,  Majed Hassan,Male,21,alexandria,Alexandria,Egypt,VIP
1006,Mahmoud Abdelrahman  ,male,55,Aswan,Aswan,Egypt,Consumer
1007,Aya Fahmy,female,33,Giza,Giza,Egypt,Consumer
1008,aisha mostafa,F,33,CAIRO,Cairo,Egypt,Consumer
1009,Bilal Ali,M,26,ismailia,Ismailia,Egypt,Consumer
1010,Ahmed Al Dosari,Male,22,Giza,Giza,Egypt,Corporate
1011,Reem Al Otaibi,Female,42,CAIRO,Cairo,Egypt,Consumer
1012,Majed Al Harbi,M,65,ABU DHABI,Abu Dhabi,United Arab Emirates,Consumer
1013,Yasmin Al Ghamdi,female,22,6th of October,Giza,Egypt,Corporate
1014,John Clark,male,25,Ismailia,Ismailia,Egypt,Consumer
1015,Faisal Nasser,Male,47,Riyadh,Riyadh,Saudi Arabia,Corporate 
1016,Daniel Davis,Male,29,6th of October,Giza,Egypt,Consumer
1017,Sara Salem,F,35,New Cairo,Cairo,Egypt,Corporate
1018,Thomas Miller,Male,49,SHARJAH,Sharjah,United Arab Emirates,Consumer
1019,Mariam Gaber,F,47,Alexandria,Alexandria,Egypt,Consumer
1020,Michael Moore,M,51,Tanta,Gharbia,Egypt,Small Business
1021,Hessa  Mostafa,female,24,Cairo,Cairo,Egypt,Small Business
1022,Khaled Al Otaibi,Male,45,6th of october,Giza,Egypt,Consumer
1023,Mariam Zaki,F,31,cairo,Cairo,Egypt,Consumer
1024,Mohamed Ramadan,male,47,Doha,Doha,Qatar,Small Business
1025,Shaimaa Youssef,Female,57,RIYADH,Riyadh,Saudi Arabia,VIP
1026,Khaled Farouk,M,63,Cairo,Cairo,Egypt,Small Business
1027,Doaa Nasser,Female,22,Aswan,Aswan,Egypt, Consumer
1028,Sameh Abdelrahman,M,18,Sharjah,Sharjah,United Arab Emirates,Corporate
1029,Bilal Mostafa,M,60,Dubai,Dubai,United Arab Emirates,Consumer
1030,Sultan Al Ghamdi,M,55,PORT SAID,Port Said,Egypt,Consumer
1031,Amr Shalaby,Male,55,MECCA,Makkah,Saudi Arabia,Consumer
1032,Tarek Gaber,M,57,DAMMAM,Eastern Province,Saudi Arabia,Consumer
1033,Hossam Fahmy,Male,38,jeddah,Makkah,Saudi Arabia,Corporate
1034,Olivia  Gaber,female,46,Suez,Suez,Egypt,Consumer
1035,William El Sayed,M,31,giza,Giza,Egypt,Consumer
1036,Khaled Ali,Male,24,Tanta,Gharbia,Egypt,Consumer
1037,Olivia Khaled,female,62,Dammam,Eastern Province,Saudi Arabia,Consumer
1038,nasser al otaibi,M,34,Abu Dhabi,Abu Dhabi,United Arab Emirates,Small Business
1039,David Abdelrahman,male,59,Riyadh,Riyadh,Saudi Arabia,Consumer
1040,Khaled Al Otaibi,M,36,Cairo,Cairo,Egypt,Corporate
1041,BILAL AL GHAMDI,M,41,Alexandria,Alexandria,Egypt,Corporate
1042,Hessa Salem,F,63,alexandria,Alexandria,Egypt,Consumer
1043,Latifa Rashad,Female,18,Medina,Al Madinah,Saudi Arabia,Small Business 
1044,Hassan Ramadan,Male,21,jeddah,Makkah,Saudi Arabia,Consumer
1045,Farida Youssef,female,23,6th of october,Giza,Egypt,Consumer
1046,David Davis,male,20,Giza,Giza,Egypt,Small Business
1047,Wael Salem,M,53,Mecca,Makkah,Saudi Arabia,Small Business
1048,Bilal  Rashad,Male,56,SUEZ,Suez,Egypt,Corporate
1049,Abdullah Farouk  ,male,49,6th of October,Giza,Egypt,Consumer
1050,Aya Farouk,F,46,Cairo,Cairo,Egypt,Corporate
1051,Youssef Zaki,M,44,dubai,Dubai,United Arab Emirates,Small Business
1052,laila ramadan,Female,30,Suez,Suez,Egypt,Consumer
1053,Sophia  Mahmoud,F,63,Assiut,Assiut,Egypt,Corporate
1054,Shaimaa Mahmoud,F,23,Mecca,Makkah,Saudi Arabia,Corporate
1055,Sameh Mansour,male,51,port said,Port Said,Egypt,VIP
1056,Isabella Wilson  ,female,28,abu dhabi,Abu Dhabi,United Arab Emirates,Small Business
1057,Hessa Gaber,Female,45,CAIRO,Cairo,Egypt,Corporate
1058,Ahmed Al Harbi,Male,39,Zagazig,Sharqia,Egypt,Consumer
1059,James Davis,male,20,DUBAI,Dubai,United Arab Emirates,Consumer
1060,mona ali,F,65,suez,Suez,Egypt,Consumer
1061,ava king,female,23,CAIRO,Cairo,Egypt,Consumer
1062,William Clark,M,37,Aswan,Aswan,Egypt,Consumer
1063,Tarek Rashad,M,36,Tanta,Gharbia,Egypt,Small Business
1064,Michael Martin,M,47,Mecca,Makkah,Saudi Arabia,Corporate
1065,Sultan Al Harbi,male,26,Mecca,Makkah,Saudi Arabia,Corporate
1066,  Ahmed Al Dosari,male,28,Giza,Giza,Egypt,Consumer
1067,Khaled Saad,Male,51,tanta,Gharbia,Egypt,VIP
1068,amelia clark  ,Female,32,NEW CAIRO,Cairo,Egypt,Corporate
1069,sara  rashad,F,37,giza,Giza,Egypt,Corporate
1070,HASSAN ALI  ,M,58,new cairo,Cairo,Egypt,Small Business
1071,Fahad Khaled,M,51,RIYADH,Riyadh,Saudi Arabia,Small Business
1072,  Mia El Sayed,female,62,Dubai,Dubai,United Arab Emirates,Small Business
1073,Sameh Khaled,male,60,New Cairo,Cairo,Egypt,Corporate
1074,John Mahmoud,M,63,CAIRO,Cairo,Egypt,Consumer
1075,Mostafa Khaled,M,65,Giza,Giza,Egypt,Consumer
1076,Khaled Mansour,M,57,Alexandria,Alexandria,Egypt, VIP
1077,Farida Al Dosari,Female,30,Mecca,Makkah,Saudi Arabia,Consumer
1078,William  Scott,male,31,Giza,Giza,Egypt,Consumer
1079,Aya Hassan,F,35,kuwait city,Al Asimah,Kuwait,Corporate
1080,Abdullah Mansour,Male,65,Cairo,Cairo,Egypt,Consumer
1081,Wael Mahmoud  ,M,34,Cairo,Cairo,Egypt,Consumer
1082,  Mona Rashad,Female,59,Jeddah,Makkah,Saudi Arabia,Consumer
1083,Mia Miller,Female,42,Cairo,Cairo,Egypt,Consumer
1084,Emma Farouk,Female,60,Giza,Giza,Egypt,Small Business
1085,John Hall,Male,31,CAIRO,Cairo,Egypt,Consumer
1086,Robert Mansour,male,61,Cairo,Cairo,Egypt,Consumer
1087,  Daniel Miller,male,63,Suez,Suez,Egypt,Corporate
1088,Olivia Nasser,Female,20,6th of October,Giza,Egypt,Corporate
1089,  Grace Lewis,female,59,Mecca,Makkah,Saudi Arabia,Corporate
1090,  Sophia Zaki,F,59,6TH OF OCTOBER,Giza,Egypt,Consumer 
1091,Andrew Young,M,47,Jeddah,Makkah,Saudi Arabia,Consumer
1092,Amira  Ali,Female,60,mecca,Makkah,Saudi Arabia,Small Business
1093,Olivia  Al Harbi,female,18,6TH OF OCTOBER,Giza,Egypt,Consumer
1094,Joseph Johnson,male,41,CAIRO,Cairo,Egypt,Corporate
1095,Sherif Farouk,Male,55,Cairo,Cairo,Egypt, Consumer
1096,Isabella Miller,female,29,DUBAI,Dubai,United Arab Emirates,Corporate
1097,yasmin shalaby,Female,37,ABU DHABI,Abu Dhabi,United Arab Emirates,Corporate
1098,Thomas Mansour,Male,33,mansoura,Dakahlia,Egypt,Consumer
1099,Abdullah Abdelrahman,Male,63,Cairo,Cairo,Egypt,Corporate
1100,Latifa El Sayed,F,46,6th of october,Giza,Egypt,Consumer
1101,William Gaber,M,21,Doha,Doha,Qatar,VIP
1102,Mostafa Mostafa,M,39,SHARJAH,Sharjah,United Arab Emirates,Consumer
1103,Fatima Mansour,F,32,Cairo,Cairo,Egypt,VIP
1104,Sophia Ramadan,Female,52,6th of October,Giza,Egypt,Consumer
1105,Shaimaa Salem,F,38,DUBAI,Dubai,United Arab Emirates,Small Business
1106,Emily Taylor  ,F,53,Mecca,Makkah,Saudi Arabia,Consumer
1107,Ahmed Fahmy,Male,51,Kuwait City,Al Asimah,Kuwait,Consumer
1108,Farida  Zaki,Female,62,Suez,Suez,Egypt,Consumer
1109,Michael  Nasser,Male,48,Giza,Giza,Egypt,Corporate
1110,Khaled Mansour,Male,32,Doha,Doha,Qatar,Consumer
1111,ghada hassan,female,22,new cairo,Cairo,Egypt,Consumer 
1112,Yasmin Ali,F,26,cairo,Cairo,Egypt,Consumer
1113,Sameh Al Harbi,Male,45,cairo,Cairo,Egypt,Consumer
1114,Noura Zaki,female,33,Doha,Doha,Qatar,VIP
1115,Karim Youssef,male,63,Ismailia,Ismailia,Egypt,Consumer
1116,bilal zaki,Male,33,6TH OF OCTOBER,Giza,Egypt,Consumer
1117,Ashraf Mostafa,male,38,abu dhabi,Abu Dhabi,United Arab Emirates,Consumer
1118,Latifa  Al Qahtani,Female,37,Zagazig,Sharqia,Egypt,Small Business
1119,Amr Salem,Male,27,Jeddah,Makkah,Saudi Arabia,Corporate
1120,Thomas Ibrahim  ,Male,52,riyadh,Riyadh,Saudi Arabia,Consumer
1121,Nasser Al Otaibi,Male,26,Dammam,Eastern Province,Saudi Arabia,Consumer
1122,Nasser Salem,Male,31,New Cairo,Cairo,Egypt,Consumer
1123,Aya  Mahmoud,Female,29,Giza,Giza,Egypt,Corporate
1124,Ibrahim Zaki  ,Male,21,Alexandria,Alexandria,Egypt,Consumer
1125,Abdullah El Sayed,male,48,Cairo,Cairo,Egypt,Corporate
1126,Mahmoud Mostafa,male,65,Dubai,Dubai,United Arab Emirates,Small Business
1127,heba al otaibi,F,54,zagazig,Sharqia,Egypt,Small Business
1128,Mia Saad,F,24,6th of october,Giza,Egypt,Corporate
1129,Sophia Al Harbi,female,28,ALEXANDRIA,Alexandria,Egypt,Consumer
1130,Isabella  Rashad,F,57,Dubai,Dubai,United Arab Emirates,Consumer
1131,Ali Hassan,male,43,Port Said,Port Said,Egypt,Consumer
1132,Emma Walker,Female,56,Cairo,Cairo,Egypt,Corporate
1133,Khaled  Nasser,male,31,Sharjah,Sharjah,United Arab Emirates,Consumer
1134,Karim Zaki,male,39,Riyadh,Riyadh,Saudi Arabia, Small Business
1135,Sophia Rashad,F,34,Riyadh,Riyadh,Saudi Arabia,Consumer
1136,wael ibrahim,M,57,giza,Giza,Egypt,Consumer
1137,Olivia Al Dosari,Female,24,JEDDAH,Makkah,Saudi Arabia,Consumer
1138,Mahmoud Al Harbi,M,18,Assiut,Assiut,Egypt,Small Business
1139,Heba Rashad,F,31,Cairo,Cairo,Egypt,Consumer
1140,Sameh Fahmy,M,32,Dubai,Dubai,United Arab Emirates,Consumer
1141,Latifa Mansour,F,26,Tanta,Gharbia,Egypt,Corporate
1142,  Ava Young,Female,37,dammam,Eastern Province,Saudi Arabia,Consumer
1143,Nasser Al Qahtani,M,60,Giza,Giza,Egypt,Small Business
1144,Mostafa Youssef,Male,63,Aswan,Aswan,Egypt,Consumer
1145,Fahad Salem  ,Male,65,6th of october,Giza,Egypt,Consumer
1146,Mia Anderson,Female,23,giza,Giza,Egypt,Consumer
1147,Shaimaa  Ramadan,Female,39,JEDDAH,Makkah,Saudi Arabia,Small Business
1148,Salma Nasser,F,62,ALEXANDRIA,Alexandria,Egypt, Corporate
1149,Latifa Rashad,female,65,Medina,Al Madinah,Saudi Arabia,Consumer
1150,Reem Hassan,F,42,Aswan,Aswan,Egypt,VIP
1151,Wael Farouk,male,50,Giza,Giza,Egypt,Corporate
1152,Reem Zaki,female,61,cairo,Cairo,Egypt,VIP
1153,Nour Gaber,female,19,aswan,Aswan,Egypt,Consumer
1154,Wael Rashad,Male,44,Dubai,Dubai,United Arab Emirates,Consumer
1155,John Ali  ,M,25,Dubai,Dubai,United Arab Emirates,VIP
1156,Emily Johnson,female,19,6th of October,Giza,Egypt,Small Business
1157,Reem Abdelrahman  ,F,39,Giza,Giza,Egypt,Corporate
1158,Hessa Ramadan,F,42,6th of October,Giza,Egypt,Small Business
1159,Mia Hassan,female,25,6th of october,Giza,Egypt,Corporate
1160,Hassan Zaki,M,33,Riyadh,Riyadh,Saudi Arabia,Consumer
1161,tarek el sayed  ,Male,41,Port Said,Port Said,Egypt,Consumer
1162,Ali Nasser,M,32,cairo,Cairo,Egypt,Consumer
1163,Ashraf Mostafa,male,60,Port Said,Port Said,Egypt,Corporate
1164,James Mahmoud,male,46,Giza,Giza,Egypt,Corporate
1165,Yasmin Zaki,female,24,Assiut,Assiut,Egypt,Consumer
1166,Ahmed Gaber,Male,55,Dubai,Dubai,United Arab Emirates,Small Business
1167,Ahmed Al Dosari,Male,42,Assiut,Assiut,Egypt,Consumer
1168,MARIAM SHALABY,Female,21,TANTA,Gharbia,Egypt,Small Business
1169,Sultan Youssef,male,54,Dammam,Eastern Province,Saudi Arabia,VIP
1170,Andrew Gaber,Male,63,Cairo,Cairo,Egypt,Consumer
1171,Amr Ibrahim,Male,23,Port Said,Port Said,Egypt,Consumer
1172,Wael Shalaby,Male,42,New Cairo,Cairo,Egypt,Consumer
1173,Amira Youssef,female,64,Dubai,Dubai,United Arab Emirates,Consumer
1174,Ahmed Shalaby,male,45,Medina,Al Madinah,Saudi Arabia,VIP
1175,Omar Nasser,Male,48,Kuwait City,Al Asimah,Kuwait,Small Business
1176,Majed Ibrahim,M,38,JEDDAH,Makkah,Saudi Arabia,Consumer
1177,Mia Smith,female,64,abu dhabi,Abu Dhabi,United Arab Emirates,Consumer
1178,Dina Farouk,F,42,Jeddah,Makkah,Saudi Arabia,Corporate
1179,Omar Youssef,male,64,Cairo,Cairo,Egypt,Small Business
1180,Andrew Saad,male,63,ZAGAZIG,Sharqia,Egypt,Small Business
1181,Isabella Lewis,female,56,Cairo,Cairo,Egypt,Consumer
1182,Majed Khaled,Male,26,Jeddah,Makkah,Saudi Arabia,Corporate
1183,Abdullah Mostafa,M,56,New Cairo,Cairo,Egypt,Consumer
1184,Isabella Saad  ,F,52,Cairo,Cairo,Egypt,Consumer
1185,John Mostafa,Male,61,Aswan,Aswan,Egypt,Consumer
1186,David Davis,M,56,assiut,Assiut,Egypt,Consumer
1187,Shaimaa Fahmy,Female,38,Cairo,Cairo,Egypt,Consumer
1188,James Wilson,male,42,Ismailia,Ismailia,Egypt,Small Business
1189,Charlotte Martin,Female,46,Cairo,Cairo,Egypt,Corporate
1190,Ahmed Farouk,Male,50,NEW CAIRO,Cairo,Egypt,Consumer
1191,john youssef,M,23,Port Said,Port Said,Egypt,Small Business
1192,Salma Abdelrahman,Female,54,New Cairo,Cairo,Egypt,Consumer
1193,Amr Al Harbi,Male,59,Assiut,Assiut,Egypt,Consumer
1194,Emma Ibrahim,Female,54,Tanta,Gharbia,Egypt,Corporate
1195,Reem Al Dosari,female,44,Dammam,Eastern Province,Saudi Arabia,VIP
1196,NADA  ZAKI,female,21,Zagazig,Sharqia,Egypt,Consumer
1197,Abdullah Khaled,male,25,cairo,Cairo,Egypt,Small Business
1198,Sultan Shalaby,M,28,port said,Port Said,Egypt,Consumer
1199,Mariam Ibrahim,Female,54,6th of october,Giza,Egypt,Corporate
1200,Mostafa  Ibrahim,male,28,Doha,Doha,Qatar,Consumer
1201,Bilal Saad,male,38,Abu Dhabi,Abu Dhabi,United Arab Emirates,Small Business
1202,Sultan Saad,male,33,Dubai,Dubai,United Arab Emirates,Consumer
1203,Sameh Salem,M,22,Tanta,Gharbia,Egypt,Consumer
1204,Ashraf Hassan,male,32,Cairo,Cairo,Egypt,Corporate
1205,  Amr Abdelrahman,male,18,Tanta,Gharbia,Egypt,Consumer
1206,  Robert Salem,M,19,giza,Giza,Egypt,Corporate
1207,Joseph Anderson  ,M,26,Jeddah,Makkah,Saudi Arabia,Consumer
1208,Grace Young,female,38,Assiut,Assiut,Egypt,Small Business
1209,Grace  Davis,female,29,cairo,Cairo,Egypt,Corporate
1210,Karim Shalaby,Male,38,Cairo,Cairo,Egypt,Corporate
1211,Farida Salem,F,21,giza,Giza,Egypt,Small Business
1212,Noura Al Otaibi,Female,32,giza,Giza,Egypt,Consumer
1213,Fatima Khaled,F,47,Cairo,Cairo,Egypt,Consumer
1214,Faisal Abdelrahman,Male,47,Dubai,Dubai,United Arab Emirates,Consumer
1215,John  Shalaby,male,51,ASSIUT,Assiut,Egypt,Corporate
1216,Joseph Hassan,Male,39,New Cairo,Cairo,Egypt,Consumer
1217,Karim  Mahmoud,M,57,Abu Dhabi,Abu Dhabi,United Arab Emirates,Small Business
1218,John El Sayed,male,61,ASSIUT,Assiut,Egypt,Small Business
1219,Daniel Moore,M,21,Riyadh,Riyadh,Saudi Arabia,Corporate
1220,Tarek Al Ghamdi,M,34,Suez,Suez,Egypt,Small Business
1221,Mostafa Farouk  ,male,21,6th of October,Giza,Egypt,Consumer
1222,Ava Clark,female,26,Giza,Giza,Egypt,Corporate 
1223,Emma Hassan,F,47,Doha,Doha,Qatar,Small Business
1224,Amr Ramadan,male,39,Giza,Giza,Egypt, Consumer
1225,Doaa Abdelrahman,Female,35,DAMMAM,Eastern Province,Saudi Arabia,Corporate
1226,daniel moore,M,64,GIZA,Giza,Egypt, Consumer
1227,Ali  Mahmoud,male,61,mansoura,Dakahlia,Egypt,Corporate
1228,Hassan Mansour,M,45,Aswan,Aswan,Egypt,Corporate
1229,Ghada Ramadan,F,32,cairo,Cairo,Egypt,Consumer
1230,Thomas Jackson,Male,54,6TH OF OCTOBER,Giza,Egypt,Small Business
1231,michael  mahmoud,male,56,JEDDAH,Makkah,Saudi Arabia,Small Business
1232,Yasmin Salem,female,27,Cairo,Cairo,Egypt, Consumer
1233,Ahmed Al Qahtani,Male,43,Medina,Al Madinah,Saudi Arabia,Consumer
1234,Joseph  Al Dosari,male,63,PORT SAID,Port Said,Egypt,Consumer
1235,Thomas Jackson,male,29,6th of october,Giza,Egypt,Consumer
1236,Emma Walker,Female,52,Doha,Doha,Qatar,Corporate
1237,Ibrahim Gaber,M,55,Riyadh,Riyadh,Saudi Arabia,Consumer
1238,Hana Farouk,female,19,ASWAN,Aswan,Egypt,Consumer
1239,Ashraf Salem,male,58,jeddah,Makkah,Saudi Arabia,VIP
1240,  Mostafa Nasser,M,54,DUBAI,Dubai,United Arab Emirates,VIP 
1241,Michael Young  ,male,33,ABU DHABI,Abu Dhabi,United Arab Emirates,Corporate
1242,Olivia Al Dosari,F,27,6TH OF OCTOBER,Giza,Egypt,Consumer
1243,Aya Mostafa,female,25,New Cairo,Cairo,Egypt,Small Business
1244,Aya  Zaki,F,53,Alexandria,Alexandria,Egypt,Small Business
1245,Amr Abdelrahman,M,41,New Cairo,Cairo,Egypt,Corporate
1246,GHADA ZAKI,Female,55,Dammam,Eastern Province,Saudi Arabia, Consumer
1247,Mariam  Mansour,Female,47,Abu Dhabi,Abu Dhabi,United Arab Emirates,Small Business
1248,Mohamed Farouk,M,64,Giza,Giza,Egypt,Consumer
1249,Ahmed  El Sayed,M,59,Dubai,Dubai,United Arab Emirates,Corporate
1250,Mostafa Al Dosari,M,65,KUWAIT CITY,Al Asimah,Kuwait,Consumer
1251,  Aya Abdelrahman,female,32,Kuwait City,Al Asimah,Kuwait,Consumer
1252,MAHMOUD GABER,Male,30,Tanta,Gharbia,Egypt,Corporate
1253,Charlotte Wilson  ,F,41,Cairo,Cairo,Egypt,Corporate
1254,Heba Gaber,F,49,Kuwait City,Al Asimah,Kuwait,VIP
1255,emily gaber,female,24,GIZA,Giza,Egypt,Corporate
1256,Doaa Shalaby,Female,62,ZAGAZIG,Sharqia,Egypt,Consumer
1257,Noura Hassan,F,29,Cairo,Cairo,Egypt,Consumer
1258,Shaimaa Ibrahim,F,31,Alexandria,Alexandria,Egypt,Consumer
1259,john  davis,male,41,Cairo,Cairo,Egypt,Consumer
1260,Wael Saad,Male,49,Dubai,Dubai,United Arab Emirates,Consumer
1261,Heba El Sayed,Female,63,Abu Dhabi,Abu Dhabi,United Arab Emirates,Consumer
1262,  Menna Ibrahim,female,53,CAIRO,Cairo,Egypt,Consumer
1263,Sherif Gaber,male,36,jeddah,Makkah,Saudi Arabia,Small Business
1264,Amr Al Otaibi,Male,56,Abu Dhabi,Abu Dhabi,United Arab Emirates,Small Business
1265,Salma Ibrahim,F,29,NEW CAIRO,Cairo,Egypt,Consumer
1266,robert  farouk,Male,64,Dammam,Eastern Province,Saudi Arabia,Corporate
1267,Abdullah Rashad,male,18,Dubai,Dubai,United Arab Emirates,Corporate
1268,Faisal Mostafa,M,41,alexandria,Alexandria,Egypt,Corporate
1269,Hessa Ali,Female,20,Alexandria,Alexandria,Egypt,Consumer
1270,Majed Gaber,Male,62,riyadh,Riyadh,Saudi Arabia,Consumer
1271,Emma Brown,F,36,ASWAN,Aswan,Egypt,Consumer
1272,Nour Rashad,F,50,CAIRO,Cairo,Egypt,Corporate
1273,Salma Mahmoud,F,30,Cairo,Cairo,Egypt,Corporate
1274,Tarek Ali,male,29,aswan,Aswan,Egypt,Consumer
1275,Laila Farouk,Female,23,Medina,Al Madinah,Saudi Arabia,Consumer
1276,Omar Hassan,Male,47,cairo,Cairo,Egypt,Consumer
1277,Nour Rashad  ,Female,47,NEW CAIRO,Cairo,Egypt,Consumer
1278,Khaled  Fahmy,Male,37,Cairo,Cairo,Egypt,Corporate
1279,Mahmoud Saad,M,56,Jeddah,Makkah,Saudi Arabia,Consumer
1280,Mia Clark,F,65,mansoura,Dakahlia,Egypt,Consumer
1281,AHMED IBRAHIM,Male,29,dubai,Dubai,United Arab Emirates,Corporate
1282,Bilal  Farouk,male,63,Jeddah,Makkah,Saudi Arabia,Small Business
1283,Aisha Al Dosari,F,25,New Cairo,Cairo,Egypt,Small Business
1284,Charlotte Smith,Female,50,Jeddah,Makkah,Saudi Arabia,VIP
1285,Khaled Fahmy,Male,44,Cairo,Cairo,Egypt,Consumer 
1286,  Emily King,Female,49,Tanta,Gharbia,Egypt, Consumer
1287,Michael Zaki,male,48,Alexandria,Alexandria,Egypt,Consumer
1288,Mohamed Mahmoud,Male,58,Cairo,Cairo,Egypt,Consumer
1289,Hossam Al Qahtani,male,39,Abu Dhabi,Abu Dhabi,United Arab Emirates,Consumer
1290,Isabella Moore,female,62,Doha,Doha,Qatar,Corporate
1291,Fatima Gaber,F,37,Jeddah,Makkah,Saudi Arabia,Consumer
1292,Latifa Al Harbi,F,56,Cairo,Cairo,Egypt,Corporate
1293,Bilal Al Ghamdi,male,61,MECCA,Makkah,Saudi Arabia,Corporate
1294,Wael Gaber,M,20,6TH OF OCTOBER,Giza,Egypt,Consumer
1295,Emma Khaled,Female,26,cairo,Cairo,Egypt,Consumer
1296,William Young,male,22,Port Said,Port Said,Egypt,Consumer
1297,Ashraf Ali,male,54,GIZA,Giza,Egypt, Corporate
1298,Emma Martin,Female,54,Zagazig,Sharqia,Egypt,Small Business
1299,rana zaki  ,female,64,giza,Giza,Egypt,VIP
1300,Youssef Zaki,Male,61,dammam,Eastern Province,Saudi Arabia,Consumer
1301,Omar Salem,male,32,MANSOURA,Dakahlia,Egypt,Consumer
1302,Youssef Mostafa,male,65,DOHA,Doha,Qatar,Consumer
1303,GRACE TAYLOR  ,F,33,Ismailia,Ismailia,Egypt,Consumer
1304,Hassan Farouk,Male,59,Cairo,Cairo,Egypt,Small Business
1305,Amira Nasser,F,53,6th of October,Giza,Egypt,Small Business
1306,AHMED YOUSSEF,M,52,dubai,Dubai,United Arab Emirates,Small Business
1307,Amelia Hassan,F,62,MECCA,Makkah,Saudi Arabia,Small Business
1308,MENNA ZAKI,female,23,Dubai,Dubai,United Arab Emirates,Consumer
1309,Doaa Mansour,female,55,RIYADH,Riyadh,Saudi Arabia,Consumer
1310,SOPHIA RASHAD,F,29,cairo,Cairo,Egypt,Consumer
1311,Latifa Al Dosari,Female,60,Giza,Giza,Egypt,VIP
1312,Ibrahim Hassan,M,32,Riyadh,Riyadh,Saudi Arabia,Consumer
1313,SARA ZAKI,Female,59,Dubai,Dubai,United Arab Emirates,Consumer
1314,Fahad El Sayed,Male,26,Dammam,Eastern Province,Saudi Arabia,Consumer
1315,Latifa Al Dosari,F,36,MANSOURA,Dakahlia,Egypt,Consumer
1316,Farida Hassan,Female,44,cairo,Cairo,Egypt,Consumer
1317,Ava Ibrahim,female,27,Jeddah,Makkah,Saudi Arabia,Small Business
1318,Reem Shalaby,F,45,abu dhabi,Abu Dhabi,United Arab Emirates,Corporate 
1319,Charlotte Miller,F,28,Aswan,Aswan,Egypt, Consumer
1320,Heba Al Dosari,female,63,SUEZ,Suez,Egypt,Consumer
1321,mariam shalaby  ,F,54,kuwait city,Al Asimah,Kuwait,Corporate
1322,Ahmed Al Qahtani,M,55,abu dhabi,Abu Dhabi,United Arab Emirates,Corporate
1323,Mona Rashad,female,25,Doha,Doha,Qatar,Corporate
1324,Noura El Sayed,Female,44,alexandria,Alexandria,Egypt,Consumer
1325,Andrew Lewis  ,M,33,giza,Giza,Egypt,Consumer 
1326,Amira Mansour,female,27,Cairo,Cairo,Egypt,Consumer
1327,Salma Shalaby,F,34,assiut,Assiut,Egypt,Consumer
1328,sameh al otaibi,Male,20,New Cairo,Cairo,Egypt,Consumer
1329,Khaled Mostafa,Male,52,ASSIUT,Assiut,Egypt,Consumer
1330,Hassan Mostafa,Male,18,ALEXANDRIA,Alexandria,Egypt,Consumer
1331,  John Mahmoud,Male,43,ASSIUT,Assiut,Egypt,Consumer
1332,Youssef Rashad,Male,49,Riyadh,Riyadh,Saudi Arabia,Consumer
1333,Michael Salem,M,18,New Cairo,Cairo,Egypt,Corporate
1334,doaa nasser,female,55,NEW CAIRO,Cairo,Egypt,VIP
1335,Reem Nasser,F,64,Cairo,Cairo,Egypt,Corporate
1336,john ibrahim,Male,21,abu dhabi,Abu Dhabi,United Arab Emirates,Corporate
1337,Nada Salem,female,39,Cairo,Cairo,Egypt,Consumer
1338,Thomas Youssef,M,48,New Cairo,Cairo,Egypt,Consumer
1339,FAISAL  HASSAN,M,26,Riyadh,Riyadh,Saudi Arabia,Corporate
1340,Charlotte Salem  ,female,18,Dubai,Dubai,United Arab Emirates,Small Business
1341,NOUR FAROUK  ,female,65,Cairo,Cairo,Egypt,Consumer
1342,Shaimaa Al Harbi,female,52,Giza,Giza,Egypt,Consumer
1343,Aisha Mansour,F,28,new cairo,Cairo,Egypt,Corporate
1344,Fahad Al Harbi,male,64,Dammam,Eastern Province,Saudi Arabia,Corporate
1345,Sameh Mansour,M,63,assiut,Assiut,Egypt,Consumer
1346,Mohamed Rashad,Male,28,abu dhabi,Abu Dhabi,United Arab Emirates,Corporate
1347,Ali Al Otaibi,Male,56,mecca,Makkah,Saudi Arabia,Consumer
1348,Robert Hall,male,43,LUXOR,Luxor,Egypt,VIP
1349,Bilal Gaber,Male,64,Dubai,Dubai,United Arab Emirates, Small Business
1350,David Brown,male,48,LUXOR,Luxor,Egypt,Corporate
1351,Tarek Ibrahim  ,Male,43,6th of October,Giza,Egypt,Consumer
1352,Wael Gaber,male,61,giza,Giza,Egypt,Consumer
1353,Sophia Nasser,female,38,Giza,Giza,Egypt,Consumer
1354,Hassan Shalaby,M,64,giza,Giza,Egypt,Consumer
1355,Fatima Fahmy,F,55,Tanta,Gharbia,Egypt,VIP
1356,James Gaber,M,29,ALEXANDRIA,Alexandria,Egypt, Consumer
1357,Olivia Wright,F,20,Jeddah,Makkah,Saudi Arabia,Consumer
1358,Thomas Lewis,male,25,Mansoura,Dakahlia,Egypt,Consumer
1359,Dina Mostafa,Female,36,Dubai,Dubai,United Arab Emirates,Corporate
1360,Amr Khaled,M,52,Dammam,Eastern Province,Saudi Arabia,Consumer
1361,Robert Smith,M,53,Riyadh,Riyadh,Saudi Arabia,Corporate
1362,Tarek Fahmy,Male,56,alexandria,Alexandria,Egypt,Consumer
1363,  Amr Al Otaibi,M,63,New Cairo,Cairo,Egypt,Small Business
1364,  Shaimaa Farouk,female,36,New Cairo,Cairo,Egypt,Consumer
1365,Michael Jackson,M,18,cairo,Cairo,Egypt,Consumer
1366,Aisha Gaber  ,F,46,Cairo,Cairo,Egypt,Small Business
1367,Fahad Zaki,male,52,Cairo,Cairo,Egypt,Consumer
1368,Mona Hassan,Female,27,new cairo,Cairo,Egypt,Corporate
1369,Hessa Al Qahtani,F,60,New Cairo,Cairo,Egypt,Consumer
1370,Charlotte Ibrahim,F,53,New Cairo,Cairo,Egypt,Consumer
1371,  Heba Mahmoud,Female,49,Assiut,Assiut,Egypt,Small Business
1372,Youssef Farouk,M,46,Cairo,Cairo,Egypt,Consumer
1373,Amira Salem,Female,51,Jeddah,Makkah,Saudi Arabia,Small Business
1374,Heba Mansour,female,42,Alexandria,Alexandria,Egypt,Small Business
1375,Isabella Saad,female,20,Mecca,Makkah,Saudi Arabia,Consumer
1376,Omar Hassan,Male,42,6th of October,Giza,Egypt,Consumer
1377,James Shalaby,Male,44,Doha,Doha,Qatar,Corporate 
1378,Charlotte Mostafa,Female,34,Dubai,Dubai,United Arab Emirates,Consumer
1379,Robert Smith,M,37,Cairo,Cairo,Egypt, Consumer
1380,Doaa Al Ghamdi,Female,43,kuwait city,Al Asimah,Kuwait,Corporate
1381,Faisal Abdelrahman,M,18,New Cairo,Cairo,Egypt,Consumer
1382,Sultan Saad,Male,27,Assiut,Assiut,Egypt,VIP
1383,Charlotte Wilson,Female,36,6th of october,Giza,Egypt,Corporate
1384,Abdullah Ali,M,46,Medina,Al Madinah,Saudi Arabia,Corporate
1385,Robert Clark,M,43,6TH OF OCTOBER,Giza,Egypt,Consumer
1386,Laila El Sayed,F,61,Alexandria,Alexandria,Egypt,VIP
1387,Faisal Hassan,male,38,Tanta,Gharbia,Egypt,Small Business
1388,Hassan Mahmoud,Male,47,NEW CAIRO,Cairo,Egypt, Consumer
1389,Bilal Hassan,M,22,TANTA,Gharbia,Egypt,Small Business
1390,Tarek Youssef,Male,36,DAMMAM,Eastern Province,Saudi Arabia,Small Business
1391,Nada Al Ghamdi,female,60,CAIRO,Cairo,Egypt,Corporate
1392,Hessa Salem,F,26,New Cairo,Cairo,Egypt,Corporate
1393,Laila  Rashad,Female,23,KUWAIT CITY,Al Asimah,Kuwait,Consumer
1394,Hossam Shalaby,M,38,Mansoura,Dakahlia,Egypt,Consumer 
1395,Mahmoud Rashad,M,25,Cairo,Cairo,Egypt,Consumer
1396,Doaa Al Harbi,Female,27,Abu Dhabi,Abu Dhabi,United Arab Emirates,Small Business
1397,Nasser Al Harbi,Male,26,luxor,Luxor,Egypt,Consumer
1398,salma salem,F,29,Tanta,Gharbia,Egypt,Consumer
1399,Faisal Nasser,M,35,Doha,Doha,Qatar, Consumer
1400,Mariam Al Dosari,F,48,JEDDAH,Makkah,Saudi Arabia,Consumer
1401,Robert Al Ghamdi,male,41,luxor,Luxor,Egypt,Corporate
1402,Khaled Farouk,male,46,RIYADH,Riyadh,Saudi Arabia,Consumer
1403,Salma Youssef,F,30,tanta,Gharbia,Egypt,Small Business
1404,Laila Abdelrahman,Female,60,Doha,Doha,Qatar,Corporate
1405,Mahmoud Saad,male,29,Alexandria,Alexandria,Egypt,Consumer
1406,Emma Jackson,Female,48,TANTA,Gharbia,Egypt,Small Business
1407,Thomas  Anderson,male,54,Jeddah,Makkah,Saudi Arabia,Small Business
1408,Nada El Sayed,F,35,Ismailia,Ismailia,Egypt,VIP
1409,Robert Lewis,Male,25,Riyadh,Riyadh,Saudi Arabia,Corporate
1410,Menna Saad,Female,49,DUBAI,Dubai,United Arab Emirates,Consumer
1411,Thomas Young,male,36,Cairo,Cairo,Egypt,Consumer
1412,Sara  El Sayed,Female,58,Kuwait City,Al Asimah,Kuwait,Corporate
1413,David Smith,Male,44,zagazig,Sharqia,Egypt,Small Business
1414,Dina Saad,F,20,6th of october,Giza,Egypt,Consumer
1415,Fahad Gaber,Male,22,GIZA,Giza,Egypt,Small Business
1416,David King,male,28,giza,Giza,Egypt,Consumer
1417,Emily Martin,female,37,ALEXANDRIA,Alexandria,Egypt,Corporate
1418,Emma Jackson,F,58,jeddah,Makkah,Saudi Arabia,Small Business
1419,WILLIAM SMITH,male,19,New Cairo,Cairo,Egypt,Consumer
1420,Nasser Rashad,Male,18,Riyadh,Riyadh,Saudi Arabia,Consumer
1421,Amr Gaber,M,23,ALEXANDRIA,Alexandria,Egypt,Consumer
1422,Nour Shalaby,Female,59,SUEZ,Suez,Egypt,Corporate
1423,Majed Youssef,male,54,Cairo,Cairo,Egypt,Corporate
1424,Menna Gaber,Female,63,Mansoura,Dakahlia,Egypt,Consumer
1425,Ali Ibrahim,male,46,zagazig,Sharqia,Egypt,VIP
1426,sameh ali,male,44,MANSOURA,Dakahlia,Egypt,Consumer
1427,Olivia  Scott,Female,22,dammam,Eastern Province,Saudi Arabia,Corporate
1428,Charlotte Wright,F,31,Dubai,Dubai,United Arab Emirates,Consumer
1429,Olivia King,female,39,New Cairo,Cairo,Egypt,Consumer
1430,James Wright  ,male,56,Suez,Suez,Egypt,Consumer
1431,Heba Gaber,F,63,6th of october,Giza,Egypt,Corporate
1432,Mona Al Otaibi,female,24,new cairo,Cairo,Egypt,Consumer
1433,Olivia Taylor,female,34,Giza,Giza,Egypt,Small Business
1434,Sara  Ibrahim,female,65,6th of october,Giza,Egypt,VIP
1435,Fatima Fahmy,Female,54,doha,Doha,Qatar,VIP
1436,Michael  Smith,M,48,New Cairo,Cairo,Egypt,Corporate
1437,Aisha Nasser,female,55,Giza,Giza,Egypt,Consumer
1438,Sophia Salem,Female,44,Dammam,Eastern Province,Saudi Arabia,VIP
1439,Menna Ibrahim,Female,64,Dubai,Dubai,United Arab Emirates,Consumer
1440,YOUSSEF FAHMY,male,53,Port Said,Port Said,Egypt,Corporate
1441,David Young,Male,44,6th of October,Giza,Egypt,Corporate
1442,Tarek Al Ghamdi,male,25,CAIRO,Cairo,Egypt,Consumer 
1443,Sultan Al Otaibi,Male,48,Dubai,Dubai,United Arab Emirates,Consumer
1444,Emma Davis,F,52,Assiut,Assiut,Egypt,Consumer
1445,Mohamed  Shalaby,M,45,Dammam,Eastern Province,Saudi Arabia,Consumer
1446,Farida Saad,F,43,Mecca,Makkah,Saudi Arabia,Consumer
1447,Reem Hassan,F,35,6th of October,Giza,Egypt,Corporate
1448,Hassan Mansour,Male,50,Cairo,Cairo,Egypt,Consumer
1449,Hassan Nasser,male,56,RIYADH,Riyadh,Saudi Arabia,Corporate
1450,Salma  Ramadan,female,40,6th of October,Giza,Egypt,Consumer
1451,Ibrahim Mahmoud,M,53,Giza,Giza,Egypt,Consumer
1452,james mahmoud,M,50,dubai,Dubai,United Arab Emirates,Consumer
1453,James Young,M,52,LUXOR,Luxor,Egypt,Consumer
1454,  Faisal Al Ghamdi,M,60,Jeddah,Makkah,Saudi Arabia, Small Business
1455,Wael Youssef,male,25,Suez,Suez,Egypt,Small Business
1456,EMILY ABDELRAHMAN,female,32,abu dhabi,Abu Dhabi,United Arab Emirates,Consumer
1457,Hana Al Qahtani,Female,25,Cairo,Cairo,Egypt,Consumer
1458,Thomas Shalaby,Male,61,6th of October,Giza,Egypt,Small Business
1459,Sameh Al Dosari,M,46,GIZA,Giza,Egypt,Consumer
1460,john martin,male,55,Alexandria,Alexandria,Egypt,Corporate
1461,Ali Zaki,male,53,New Cairo,Cairo,Egypt,Corporate
1462,JAMES MOORE,Male,25,Port Said,Port Said,Egypt,Corporate
1463,Abdullah Al Harbi,M,54,Giza,Giza,Egypt, Corporate
1464,Mohamed Gaber,M,33,DOHA,Doha,Qatar,Consumer
1465,AMR SALEM,Male,61,Giza,Giza,Egypt,Consumer
1466,  Ava Young,Female,63,JEDDAH,Makkah,Saudi Arabia, Corporate
1467,Bilal Mahmoud,Male,57,Riyadh,Riyadh,Saudi Arabia,Consumer
1468,Olivia Mostafa,Female,64,6TH OF OCTOBER,Giza,Egypt,Consumer
1469,Mohamed Hassan,Male,20,New Cairo,Cairo,Egypt,Consumer
1470,Nasser El Sayed,M,39,new cairo,Cairo,Egypt,Corporate
1471,Ava Moore,F,28,Suez,Suez,Egypt,Consumer
1472,Khaled Al Dosari,Male,56,doha,Doha,Qatar,Small Business
1473,Hassan Gaber,M,29,Jeddah,Makkah,Saudi Arabia,VIP
1474,Tarek Al Ghamdi,Male,55,new cairo,Cairo,Egypt,Consumer
1475,Hana Zaki,F,51,Dammam,Eastern Province,Saudi Arabia,Corporate
1476,  Charlotte Al Otaibi,F,19,PORT SAID,Port Said,Egypt,Small Business
1477,nasser saad,male,49,Abu Dhabi,Abu Dhabi,United Arab Emirates,Consumer
1478,Nada Zaki,Female,23,Zagazig,Sharqia,Egypt,Corporate
1479,Omar El Sayed,Male,18,riyadh,Riyadh,Saudi Arabia,Corporate
1480,James Anderson,Male,42,kuwait city,Al Asimah,Kuwait,Consumer
1481,Hassan Ibrahim,male,42,Alexandria,Alexandria,Egypt,Corporate
1482,Sameh El Sayed,Male,37,MEDINA,Al Madinah,Saudi Arabia,Consumer
1483,Hessa Salem,female,35,Port Said,Port Said,Egypt,Consumer
1484,Sophia Hassan,Female,37,DOHA,Doha,Qatar,Corporate
1485,Ibrahim Zaki,M,22,RIYADH,Riyadh,Saudi Arabia,Consumer
1486,SALMA ABDELRAHMAN,female,65,MANSOURA,Dakahlia,Egypt,Corporate
1487,Grace Lewis,F,37,Abu Dhabi,Abu Dhabi,United Arab Emirates,Corporate
1488,Tarek  Al Otaibi,male,57,Cairo,Cairo,Egypt,Small Business
1489,Mostafa Ramadan,M,23,Medina,Al Madinah,Saudi Arabia,VIP
1490,Amelia Rashad,Female,36,kuwait city,Al Asimah,Kuwait, VIP
1491,Thomas Brown,M,47,LUXOR,Luxor,Egypt,VIP
1492,Faisal Ibrahim,male,56,assiut,Assiut,Egypt,Consumer
1493,Dina Ramadan,Female,27,jeddah,Makkah,Saudi Arabia,Consumer
1494,Amira Ramadan,Female,25,jeddah,Makkah,Saudi Arabia,Small Business
1495,  Emily Moore,F,54,Suez,Suez,Egypt,Consumer
1496,Youssef Rashad,Male,39,6th of October,Giza,Egypt,VIP
1497,Amr  Hassan,Male,58,RIYADH,Riyadh,Saudi Arabia,Corporate
1498,REEM AL QAHTANI,F,23,Tanta,Gharbia,Egypt,Consumer
1499,John Jackson,M,65,assiut,Assiut,Egypt,Small Business
1500,JOHN CLARK,M,44,Tanta,Gharbia,Egypt,Consumer
1501,James  Al Harbi,M,55,dubai,Dubai,United Arab Emirates,Corporate
1502,Charlotte Ibrahim,Female,49,Giza,Giza,Egypt,Small Business
1503,Andrew Davis,M,21,abu dhabi,Abu Dhabi,United Arab Emirates,Consumer
1504,Nada Farouk,female,28,Cairo,Cairo,Egypt,Consumer
1505,Joseph Salem,male,48,Aswan,Aswan,Egypt,Consumer
1506,Fatima Gaber,F,65,Alexandria,Alexandria,Egypt,Consumer
1507,Omar Youssef,M,32,ZAGAZIG,Sharqia,Egypt,Small Business
1508,Joseph Lewis,M,38,Assiut,Assiut,Egypt,Consumer
1509,Ava Ramadan,Female,43,Riyadh,Riyadh,Saudi Arabia,Corporate
1510,  Ava Khaled,Female,38,abu dhabi,Abu Dhabi,United Arab Emirates,Small Business
1511,Mahmoud Salem,male,48,Jeddah,Makkah,Saudi Arabia,Small Business
1512,Ahmed Al Otaibi,M,20,6th of october,Giza,Egypt,Corporate
1513,Emily Clark,female,26,MANSOURA,Dakahlia,Egypt,Corporate
1514,Hana Al Harbi,F,65,SUEZ,Suez,Egypt,Small Business
1515,Abdullah Farouk,male,26,assiut,Assiut,Egypt,Consumer
1516,Ava Taylor  ,female,56,suez,Suez,Egypt,VIP
1517,Wael Farouk,male,56,LUXOR,Luxor,Egypt,Consumer
1518,William Miller,Male,47,SUEZ,Suez,Egypt,Consumer
1519,Rana Mostafa,F,54,mecca,Makkah,Saudi Arabia,Consumer
1520,Andrew Jackson,Male,26,Kuwait City,Al Asimah,Kuwait,Consumer
1521,Emma Martin,Female,18,Sharjah,Sharjah,United Arab Emirates,Consumer 
1522,Shaimaa Al Dosari,female,63,Mecca,Makkah,Saudi Arabia,Small Business
1523,Sameh Al Ghamdi,M,64,PORT SAID,Port Said,Egypt,Small Business
1524,Ali Al Otaibi,M,52,Abu Dhabi,Abu Dhabi,United Arab Emirates,Small Business
1525,Tarek  Abdelrahman,M,62,Mansoura,Dakahlia,Egypt,Corporate
1526,Doaa Ibrahim  ,female,18,Cairo,Cairo,Egypt,Consumer
1527,Thomas Thomas,Male,56,Abu Dhabi,Abu Dhabi,United Arab Emirates,Small Business
1528,Mahmoud Rashad,Male,20,Dammam,Eastern Province,Saudi Arabia,Corporate
1529,Heba Ali,F,26,giza,Giza,Egypt,Small Business
1530,Emily Abdelrahman,Female,45,GIZA,Giza,Egypt,Consumer
1531,Tarek Rashad,male,26,aswan,Aswan,Egypt, Consumer
1532,mia al otaibi,female,54,DUBAI,Dubai,United Arab Emirates,Consumer
1533,Hessa Gaber,Female,50,ALEXANDRIA,Alexandria,Egypt,Consumer
1534,Andrew Al Qahtani,M,50,Doha,Doha,Qatar,Corporate
1535,Bilal Youssef  ,Male,26,Doha,Doha,Qatar,Consumer
1536,Mohamed Saad,male,28,DOHA,Doha,Qatar,Consumer
1537,Nour Abdelrahman,female,30,Suez,Suez,Egypt,Consumer
1538,Sara Fahmy,female,63,cairo,Cairo,Egypt,Corporate
1539,Daniel Ibrahim,Male,43,CAIRO,Cairo,Egypt,Corporate
1540,Salma Salem,female,29,Sharjah,Sharjah,United Arab Emirates,Corporate
1541,Rana Farouk  ,Female,33,ALEXANDRIA,Alexandria,Egypt,Consumer
1542,Doaa  Farouk,F,27,New Cairo,Cairo,Egypt,Consumer
1543,Sameh Youssef,male,21,luxor,Luxor,Egypt,Consumer
1544,Fahad Al Otaibi,Male,23,Luxor,Luxor,Egypt,VIP
1545,Reem Ibrahim,F,58,assiut,Assiut,Egypt,Corporate
1546,Fahad  Khaled,Male,56,Abu Dhabi,Abu Dhabi,United Arab Emirates,VIP
1547,Nour Ramadan,female,48,Riyadh,Riyadh,Saudi Arabia,Consumer
1548,Khaled Ibrahim,Male,48,JEDDAH,Makkah,Saudi Arabia,Consumer
1549,Emily Ramadan,Female,21,Ismailia,Ismailia,Egypt,VIP
1550,Ibrahim  Hassan,Male,28,Doha,Doha,Qatar,Corporate
1551,Shaimaa Youssef,Female,23,Medina,Al Madinah,Saudi Arabia,Consumer
1552,Yasmin  Fahmy,F,26,CAIRO,Cairo,Egypt,Corporate
1553,Grace Youssef,F,49,cairo,Cairo,Egypt,VIP
1554,Ali Al Ghamdi,male,46,Tanta,Gharbia,Egypt,Consumer
1555,William  Anderson,male,31,Luxor,Luxor,Egypt,VIP
1556,Ali Al Ghamdi,Male,18,Dammam,Eastern Province,Saudi Arabia,Small Business
1557,Amira Ali,F,24,zagazig,Sharqia,Egypt,Corporate
1558,Heba Khaled,Female,60,NEW CAIRO,Cairo,Egypt,VIP
1559,Tarek Nasser,M,55,PORT SAID,Port Said,Egypt,VIP
1560,  MAHMOUD YOUSSEF,male,51,New Cairo,Cairo,Egypt,Consumer 
1561,mohamed mansour,M,29,Dubai,Dubai,United Arab Emirates,Small Business
1562,Bilal Fahmy,Male,39,Dubai,Dubai,United Arab Emirates,VIP
1563,Isabella Jackson,Female,25,Mecca,Makkah,Saudi Arabia,Consumer
1564,Daniel Gaber,male,22,Mansoura,Dakahlia,Egypt,Corporate
1565,Thomas Smith,Male,50,Cairo,Cairo,Egypt,Consumer
1566,Amr Saad,M,33,6TH OF OCTOBER,Giza,Egypt,Consumer
1567,Emma Scott,F,28,CAIRO,Cairo,Egypt,Small Business
1568,Mariam El Sayed,F,55,Giza,Giza,Egypt,Consumer
1569,Abdullah Gaber,M,65,ABU DHABI,Abu Dhabi,United Arab Emirates,Consumer
1570,Mahmoud Al Ghamdi,male,57,suez,Suez,Egypt,Corporate
1571,Mona Al Harbi,female,51,Giza,Giza,Egypt,Small Business
1572,Nada Mostafa,female,49,DAMMAM,Eastern Province,Saudi Arabia,Corporate
1573,Majed Shalaby,male,61,alexandria,Alexandria,Egypt,Consumer
1574,Latifa Abdelrahman,F,40,new cairo,Cairo,Egypt,Corporate
1575,Thomas Clark,M,55,sharjah,Sharjah,United Arab Emirates,Corporate
1576,FARIDA FAHMY,female,51,6TH OF OCTOBER,Giza,Egypt,Small Business
1577,Fahad Hassan,Male,25,ASSIUT,Assiut,Egypt,VIP
1578,Robert Taylor,male,25,CAIRO,Cairo,Egypt,Consumer
1579,Ghada Khaled,F,56,Kuwait City,Al Asimah,Kuwait,Consumer
1580,Michael Martin,M,63,Kuwait City,Al Asimah,Kuwait,VIP
1581,Emily Lewis,female,21,GIZA,Giza,Egypt,Consumer
1582,Mahmoud Farouk,male,58,Riyadh,Riyadh,Saudi Arabia,Consumer
1583,Amira Ramadan,female,18,cairo,Cairo,Egypt,Small Business
1584,Hassan Fahmy,male,43,ABU DHABI,Abu Dhabi,United Arab Emirates,Corporate
1585,Ali Khaled,male,34,riyadh,Riyadh,Saudi Arabia,Small Business
1586,Charlotte  Taylor,Female,23,medina,Al Madinah,Saudi Arabia, Consumer
1587,YOUSSEF NASSER,male,38,cairo,Cairo,Egypt,Consumer
1588,Fatima Ramadan,female,56,LUXOR,Luxor,Egypt,Corporate
1589,Amira Nasser,F,57,Medina,Al Madinah,Saudi Arabia,Consumer
1590,Abdullah Khaled,Male,18,Port Said,Port Said,Egypt,Consumer
1591,EMMA ANDERSON,F,65,Abu Dhabi,Abu Dhabi,United Arab Emirates,Small Business
1592,Aisha Al Qahtani,Female,20,TANTA,Gharbia,Egypt,Consumer
1593,Robert Rashad,male,21,6th of October,Giza,Egypt,Small Business
1594,sherif  nasser,Male,21,giza,Giza,Egypt,Corporate
1595,Emily Farouk,F,32,DUBAI,Dubai,United Arab Emirates, Consumer
1596,Ava Shalaby,F,22,KUWAIT CITY,Al Asimah,Kuwait,Corporate
1597,Fahad Mansour,M,58,Cairo,Cairo,Egypt,Corporate
1598,Faisal  Shalaby,Male,28,CAIRO,Cairo,Egypt,Consumer
1599,Joseph King,male,39,port said,Port Said,Egypt,Small Business
1600,  Khaled Rashad,male,42,Jeddah,Makkah,Saudi Arabia,Small Business
1601,  Sophia Anderson,F,51,JEDDAH,Makkah,Saudi Arabia,Consumer 
1602,Majed  Nasser,male,29,alexandria,Alexandria,Egypt,Corporate
1603,ROBERT MANSOUR,Male,45,jeddah,Makkah,Saudi Arabia,Consumer
1604,Robert Young,Male,46,Cairo,Cairo,Egypt, Corporate
1605,Mohamed  Nasser,M,26,doha,Doha,Qatar,Consumer
1606,Emma  Mostafa,F,38,Alexandria,Alexandria,Egypt,VIP
1607,Faisal Mansour,male,46,Cairo,Cairo,Egypt,Consumer
1608,  Hassan El Sayed,Male,20,Ismailia,Ismailia,Egypt,VIP
1609,Yasmin Zaki,female,44,Dammam,Eastern Province,Saudi Arabia,VIP
1610,Aisha Saad,Female,46,Dubai,Dubai,United Arab Emirates,Consumer
1611,Hessa Hassan,F,64,Giza,Giza,Egypt,Small Business
1612,Rana Mansour,female,29,cairo,Cairo,Egypt,Corporate
1613,Heba Mostafa,female,20,Dubai,Dubai,United Arab Emirates,Consumer
1614,Ava  Taylor,Female,62,Cairo,Cairo,Egypt,Corporate
1615,Joseph Al Qahtani,Male,51,Kuwait City,Al Asimah,Kuwait,Consumer
1616,Faisal Youssef  ,Male,62,abu dhabi,Abu Dhabi,United Arab Emirates,Small Business
1617,Reem Mansour,Female,19,Cairo,Cairo,Egypt,Consumer
1618,Sara Mahmoud,Female,31,Abu Dhabi,Abu Dhabi,United Arab Emirates,Consumer
1619,Hana  Ibrahim,Female,35,Cairo,Cairo,Egypt,Small Business
1620,Yasmin Mahmoud,Female,35,MANSOURA,Dakahlia,Egypt,Consumer
1621,Joseph Martin,Male,41,riyadh,Riyadh,Saudi Arabia,Small Business
1622,Hana Saad,female,44,TANTA,Gharbia,Egypt,Corporate
1623,Hossam Mansour,M,29,Zagazig,Sharqia,Egypt,Corporate
1624,Robert Clark,male,34,ABU DHABI,Abu Dhabi,United Arab Emirates,Consumer
1625,Thomas Anderson,M,20,Luxor,Luxor,Egypt,Consumer
1626,AMELIA YOUSSEF,Female,31,Giza,Giza,Egypt,Consumer
1627,Sara Mahmoud,Female,35,giza,Giza,Egypt,Consumer
1628,Charlotte Smith,female,32,Doha,Doha,Qatar,Corporate
1629,Emma Al Ghamdi,Female,32,Luxor,Luxor,Egypt,Consumer
1630,Hossam Abdelrahman,M,61,ASSIUT,Assiut,Egypt,Consumer
1631,sherif al dosari,male,46,luxor,Luxor,Egypt,Corporate
1632,Khaled Hassan,male,35,Tanta,Gharbia,Egypt,Consumer
1633,menna mansour,Female,50,Cairo,Cairo,Egypt,Corporate
1634,  Fatima El Sayed,Female,61,suez,Suez,Egypt,Corporate
1635,Mahmoud Abdelrahman,male,34,Giza,Giza,Egypt,Consumer
1636,ROBERT SAAD,M,18,Alexandria,Alexandria,Egypt,Consumer 
1637,Daniel Taylor,Male,30,Jeddah,Makkah,Saudi Arabia,Consumer
1638,  Nasser Al Harbi,M,22,Aswan,Aswan,Egypt,Corporate
1639,Mostafa  Salem,M,42,Dubai,Dubai,United Arab Emirates,Small Business
1640,  Daniel Johnson,male,60,KUWAIT CITY,Al Asimah,Kuwait,Consumer
1641,Amira  Abdelrahman,F,52,Dubai,Dubai,United Arab Emirates,VIP 
1642,Sherif Hassan,M,55,kuwait city,Al Asimah,Kuwait,Consumer
1643,Hana Rashad,female,39,Dubai,Dubai,United Arab Emirates,Consumer
1644,Mariam Farouk,female,63,giza,Giza,Egypt,Corporate
1645,Latifa Farouk,F,53,riyadh,Riyadh,Saudi Arabia,VIP
1646,Salma  Khaled,female,49,Mecca,Makkah,Saudi Arabia,Consumer
1647,DANIEL SALEM,M,23,6th of october,Giza,Egypt,Consumer
1648,Ashraf Abdelrahman,Male,19,6th of October,Giza,Egypt,Small Business
1649,Ahmed  Abdelrahman,M,51,Assiut,Assiut,Egypt,Consumer
1650,Amira Al Harbi,female,29,Jeddah,Makkah,Saudi Arabia,Corporate
1651,NOUR NASSER,F,41,GIZA,Giza,Egypt,Corporate 
1652,AMR KHALED,M,65,Doha,Doha,Qatar,Consumer
1653,Grace Clark,Female,58,Zagazig,Sharqia,Egypt,Corporate
1654,Doaa Zaki,female,19,Riyadh,Riyadh,Saudi Arabia,Corporate
1655,Faisal Al Harbi,M,51,DOHA,Doha,Qatar,Corporate
1656,Omar Al Ghamdi,M,28,GIZA,Giza,Egypt,Consumer
1657,Amira Fahmy,F,35,Zagazig,Sharqia,Egypt,Consumer
1658,  Nour Rashad,F,26,Assiut,Assiut,Egypt,Corporate
1659,Majed  Salem,M,61,Jeddah,Makkah,Saudi Arabia,Consumer
1660,Hassan Ibrahim,Male,48,kuwait city,Al Asimah,Kuwait,Corporate
1661,  Youssef Khaled,male,36,aswan,Aswan,Egypt,Consumer
1662,Sultan Al Harbi,M,37,medina,Al Madinah,Saudi Arabia,Consumer
1663,William Davis,male,40,Riyadh,Riyadh,Saudi Arabia,Corporate
1664,Robert Davis,Male,47,Mecca,Makkah,Saudi Arabia,Consumer
1665,Olivia Smith,Female,52,NEW CAIRO,Cairo,Egypt,Small Business
1666,John Saad,Male,48,ISMAILIA,Ismailia,Egypt,Consumer
1667,Emily Martin,Female,35,GIZA,Giza,Egypt,Small Business
1668,Karim Al Harbi,male,50,Cairo,Cairo,Egypt,Consumer
1669,Sara Fahmy  ,F,32,Alexandria,Alexandria,Egypt,Consumer
1670,Farida Al Dosari,F,36,6th of October,Giza,Egypt,Consumer
1671,  Omar Mahmoud,M,59,GIZA,Giza,Egypt,Consumer
1672,Mostafa Gaber,male,18,ALEXANDRIA,Alexandria,Egypt,VIP
1673,Andrew Al Qahtani,M,55,CAIRO,Cairo,Egypt,Consumer
1674,Ava Mostafa,female,27,Kuwait City,Al Asimah,Kuwait,Consumer
1675,Ali Salem,Male,29,Cairo,Cairo,Egypt,Small Business
1676,Amira Youssef,female,36,giza,Giza,Egypt,Corporate 
1677,Ashraf Fahmy,Male,19,giza,Giza,Egypt,Small Business
1678,Ava Hassan,Female,55,ZAGAZIG,Sharqia,Egypt,Consumer
1679,Latifa Mahmoud,F,53,Jeddah,Makkah,Saudi Arabia,Consumer
1680,Menna Khaled,female,47,NEW CAIRO,Cairo,Egypt,Consumer
1681,Nada Al Otaibi,F,51,CAIRO,Cairo,Egypt,Consumer
1682,Tarek Zaki,Male,23,port said,Port Said,Egypt,Consumer 
1683,Faisal Al Harbi,M,61,Cairo,Cairo,Egypt,VIP
1684,Latifa  Hassan,female,26,Medina,Al Madinah,Saudi Arabia,Consumer
1685,DANIEL YOUNG,male,55,new cairo,Cairo,Egypt,Small Business
1686,Farida Al Ghamdi,Female,48,Mansoura,Dakahlia,Egypt,VIP
1687,Ghada Farouk,Female,53,Riyadh,Riyadh,Saudi Arabia,Consumer
1688,Noura Rashad,F,63,Luxor,Luxor,Egypt,Small Business
1689,Doaa Al Qahtani  ,female,39,Cairo,Cairo,Egypt,Consumer
1690,Latifa Youssef,Female,35,kuwait city,Al Asimah,Kuwait,Consumer
1691,Sophia Wilson,F,42,ASSIUT,Assiut,Egypt,Small Business 
1692,Faisal Mansour,male,60,Dubai,Dubai,United Arab Emirates,Consumer
1693,Fahad Zaki  ,M,28,Zagazig,Sharqia,Egypt,Small Business
1694,john anderson,male,63,giza,Giza,Egypt,Consumer
1695,Karim Farouk,M,58,Abu Dhabi,Abu Dhabi,United Arab Emirates,Consumer
1696,Doaa Mahmoud,Female,34,Cairo,Cairo,Egypt,Consumer
1697,Ibrahim Mostafa,Male,41,Dubai,Dubai,United Arab Emirates,Small Business
1698,Omar Al Otaibi,M,51,riyadh,Riyadh,Saudi Arabia,Consumer
1699,  Daniel Thomas,M,25,ABU DHABI,Abu Dhabi,United Arab Emirates,Consumer
1700,Nada Saad,Female,58,Aswan,Aswan,Egypt,Consumer
1701,Mohamed Ibrahim  ,male,63,6th of October,Giza,Egypt,VIP
1702,Sherif Ramadan,M,30,Cairo,Cairo,Egypt,Consumer
1703,Abdullah Youssef  ,M,51,giza,Giza,Egypt,Consumer
1704,Daniel Salem,Male,30,Jeddah,Makkah,Saudi Arabia,Consumer
1705,Hossam Ali,Male,59,DUBAI,Dubai,United Arab Emirates, Consumer
1706,Sherif Al Qahtani,M,65,RIYADH,Riyadh,Saudi Arabia,Small Business
1707,Thomas Mansour,M,65,GIZA,Giza,Egypt,Consumer
1708,Grace  Ali,female,52,6th of October,Giza,Egypt,Consumer
1709,Ava Al Otaibi,Female,48,6TH OF OCTOBER,Giza,Egypt, Corporate
1710,Heba Farouk,F,53,CAIRO,Cairo,Egypt,Consumer
1711,Sophia Salem,female,55,RIYADH,Riyadh,Saudi Arabia,Consumer
1712,Yasmin  El Sayed,F,33,dubai,Dubai,United Arab Emirates,Corporate
1713,Mia Taylor,female,40,Giza,Giza,Egypt,VIP
1714,mia youssef,female,26,ALEXANDRIA,Alexandria,Egypt,Consumer
1715,Rana Zaki,Female,44,cairo,Cairo,Egypt,Consumer
1716,Khaled Al Otaibi,Male,57,Giza,Giza,Egypt,VIP
1717,Salma El Sayed,female,24,Jeddah,Makkah,Saudi Arabia,Small Business
1718,Khaled Mostafa  ,Male,31,6th of October,Giza,Egypt,Corporate
1719,Majed Ali,Male,24,Giza,Giza,Egypt,Consumer
1720,Mia Smith,female,56,New Cairo,Cairo,Egypt,Consumer
1721,Khaled Khaled,M,58,Kuwait City,Al Asimah,Kuwait,VIP
1722,Grace Rashad,F,23,Dammam,Eastern Province,Saudi Arabia,VIP
1723,  Amr Ibrahim,Male,44,MANSOURA,Dakahlia,Egypt,Corporate
1724,John Johnson,M,27,ABU DHABI,Abu Dhabi,United Arab Emirates,Consumer
1725,  Mona Abdelrahman,F,41,Aswan,Aswan,Egypt,Consumer
1726,Abdullah Khaled  ,Male,31,DAMMAM,Eastern Province,Saudi Arabia,Corporate
1727,William Young,male,64,GIZA,Giza,Egypt,Corporate
1728,Karim Ali,Male,59,Cairo,Cairo,Egypt,Consumer
1729,Tarek Mansour,male,19,doha,Doha,Qatar,Small Business
1730,Majed Rashad,male,47,Ismailia,Ismailia,Egypt,Corporate
1731,Faisal Youssef,M,32,tanta,Gharbia,Egypt,Consumer
1732,Aya Fahmy,F,53,Abu Dhabi,Abu Dhabi,United Arab Emirates,Consumer
1733,Hessa  Al Ghamdi,Female,47,New Cairo,Cairo,Egypt,Corporate
1734,Isabella Moore,F,20,Dubai,Dubai,United Arab Emirates,Small Business
1735,sameh fahmy,Male,54,new cairo,Cairo,Egypt,Consumer
1736,Sara Mahmoud,F,51,Zagazig,Sharqia,Egypt,Consumer
1737,Ashraf  Mansour,male,56,Dammam,Eastern Province,Saudi Arabia,Consumer
1738,James Scott,male,30,6th of october,Giza,Egypt,Consumer
1739,John Al Otaibi,male,31,Suez,Suez,Egypt,Consumer
1740,John Young,Male,52,DAMMAM,Eastern Province,Saudi Arabia,Consumer
1741,HANA RAMADAN,Female,51,Suez,Suez,Egypt,Consumer
1742,Tarek Shalaby,M,31,Dubai,Dubai,United Arab Emirates,Consumer
1743,John Khaled,male,55,Jeddah,Makkah,Saudi Arabia,Consumer
1744,Sameh Mahmoud  ,M,23,riyadh,Riyadh,Saudi Arabia,VIP
1745,Sophia Gaber,Female,31,Giza,Giza,Egypt,Consumer
1746,Amr Ibrahim,male,18,Abu Dhabi,Abu Dhabi,United Arab Emirates,Corporate
1747,Sara Al Harbi,Female,27,Riyadh,Riyadh,Saudi Arabia, Small Business
1748,Hessa  Hassan,F,29,6th of October,Giza,Egypt,Consumer
1749,Sophia Clark,female,61,ASSIUT,Assiut,Egypt,Consumer
1750,Sultan Shalaby,M,49,Dubai,Dubai,United Arab Emirates,Corporate
1751,Mahmoud Ramadan,male,60,KUWAIT CITY,Al Asimah,Kuwait,Consumer
1752,WILLIAM RAMADAN,male,40,Medina,Al Madinah,Saudi Arabia,Small Business
1753,Charlotte Fahmy  ,Female,31,new cairo,Cairo,Egypt,Corporate
1754,Amira El Sayed,Female,57,Cairo,Cairo,Egypt,Consumer
1755,Ava Taylor,Female,20,6th of October,Giza,Egypt,Consumer
1756,joseph johnson,Male,47,New Cairo,Cairo,Egypt,Corporate
1757,Menna Farouk,female,43,alexandria,Alexandria,Egypt,Consumer
1758,Amira El Sayed,F,60,6th of October,Giza,Egypt,Consumer
1759,Mostafa Farouk,Male,55,Aswan,Aswan,Egypt,Small Business
1760,Mostafa  Saad,M,34,Assiut,Assiut,Egypt,Consumer
1761,Fatima Saad,Female,53,Abu Dhabi,Abu Dhabi,United Arab Emirates,Small Business
1762,  Wael Nasser,M,60,Giza,Giza,Egypt,Corporate
1763,Sara Abdelrahman,female,28,Mansoura,Dakahlia,Egypt,Consumer
1764,Hassan Mahmoud,male,39,New Cairo,Cairo,Egypt,Consumer
1765,Yasmin Gaber,F,63,Port Said,Port Said,Egypt,Corporate
1766,Laila Mahmoud  ,F,19,Riyadh,Riyadh,Saudi Arabia,Corporate
1767,Dina Al Ghamdi,female,26,ALEXANDRIA,Alexandria,Egypt,Consumer
1768,  Nasser Youssef,M,57,Mecca,Makkah,Saudi Arabia,Consumer
1769,Grace  Walker,Female,39,ABU DHABI,Abu Dhabi,United Arab Emirates,Corporate
1770,  Rana Ibrahim,F,64,Mecca,Makkah,Saudi Arabia,Corporate
1771,Daniel Gaber,male,26,Alexandria,Alexandria,Egypt,Small Business
1772,Dina Farouk,Female,29,Dubai,Dubai,United Arab Emirates,Consumer
1773,Majed Ramadan,male,36,zagazig,Sharqia,Egypt,VIP
1774,Yasmin Saad,Female,44,Riyadh,Riyadh,Saudi Arabia,Consumer
1775,Salma Hassan,F,22,Alexandria,Alexandria,Egypt,Corporate
1776,Nour Mostafa,Female,50,Luxor,Luxor,Egypt,Small Business
1777,Mostafa Al Dosari  ,male,34,Alexandria,Alexandria,Egypt,Consumer
1778,  Michael Miller,M,59,6th of october,Giza,Egypt,Corporate
1779,Tarek Zaki,Male,21,mansoura,Dakahlia,Egypt,Corporate
1780,Doaa Youssef,F,49,cairo,Cairo,Egypt,Consumer
1781,Sherif Al Harbi,male,38,Cairo,Cairo,Egypt,Consumer
1782,KARIM ZAKI,Male,25,New Cairo,Cairo,Egypt,Consumer
1783,Salma Fahmy,Female,46,cairo,Cairo,Egypt,Consumer
1784,William Khaled,male,43,Dubai,Dubai,United Arab Emirates,Consumer
1785,Nasser Farouk,M,28,cairo,Cairo,Egypt,Corporate
1786,Bilal Ramadan,M,34,Cairo,Cairo,Egypt,Consumer
1787,Shaimaa Abdelrahman  ,female,53,Luxor,Luxor,Egypt,Consumer
1788,Sara Al Otaibi,Female,45,Riyadh,Riyadh,Saudi Arabia,Consumer
1789,Sameh Hassan,Male,44,NEW CAIRO,Cairo,Egypt,Consumer
1790,Sophia Al Harbi,F,34,PORT SAID,Port Said,Egypt,Consumer
1791,David Thomas,male,38,Dammam,Eastern Province,Saudi Arabia,Consumer
1792,Amr Mansour,male,23,cairo,Cairo,Egypt,Small Business
1793,  Emma Fahmy,female,62,Sharjah,Sharjah,United Arab Emirates,Consumer
1794,AHMED FAHMY  ,M,38,CAIRO,Cairo,Egypt,Consumer
1795,Hassan  Zaki,male,18,Riyadh,Riyadh,Saudi Arabia,Corporate
1796,Emily Fahmy,F,39,Ismailia,Ismailia,Egypt, Consumer
1797,Reem Al Qahtani,F,24,Alexandria,Alexandria,Egypt,Consumer
1798,Hana Al Harbi,F,24,giza,Giza,Egypt,Corporate
1799,Amira Gaber,F,38,Jeddah,Makkah,Saudi Arabia,Corporate
1800,Farida Saad,Female,24,cairo,Cairo,Egypt,Corporate
1801,Hana Al Qahtani,female,49,Alexandria,Alexandria,Egypt,Consumer
1802,SHERIF MOSTAFA,Male,41,CAIRO,Cairo,Egypt,Consumer
1803,Latifa Al Harbi,Female,64,alexandria,Alexandria,Egypt,Consumer
1804,Laila Al Otaibi,F,29,Ismailia,Ismailia,Egypt,Consumer
1805,Andrew Brown,Male,38,sharjah,Sharjah,United Arab Emirates,Corporate
1806,Mia Abdelrahman,female,27,mansoura,Dakahlia,Egypt,VIP
1807,Farida Mostafa,Female,40,Dubai,Dubai,United Arab Emirates,VIP
1808,Bilal Youssef,M,31,Luxor,Luxor,Egypt,Small Business
1809,Amelia Khaled,Female,35,Cairo,Cairo,Egypt,Corporate
1810,Aya Khaled,F,21,Cairo,Cairo,Egypt,Consumer
1811,Joseph Thomas,Male,47,6th of October,Giza,Egypt, Consumer
1812,Wael Al Dosari,Male,49,Dubai,Dubai,United Arab Emirates,Consumer
1813,Ava Ramadan,female,59,Zagazig,Sharqia,Egypt,Consumer
1814,Ibrahim Rashad,M,30,Dubai,Dubai,United Arab Emirates,Corporate
1815,Joseph Walker,M,42,Riyadh,Riyadh,Saudi Arabia,Consumer
1816,emma hall,F,57,Dammam,Eastern Province,Saudi Arabia,Consumer
1817,  Fahad Al Qahtani,male,44,GIZA,Giza,Egypt,Consumer
1818,  Aya Mostafa,Female,63,New Cairo,Cairo,Egypt,Consumer
1819,Aya Gaber,Female,23,Giza,Giza,Egypt,Consumer
1820,Charlotte Al Dosari,Female,43,NEW CAIRO,Cairo,Egypt,Small Business
1821,Rana Al Harbi,female,49,Suez,Suez,Egypt,Small Business
1822,Khaled Abdelrahman,Male,37,Zagazig,Sharqia,Egypt, Consumer
1823,Nasser Ramadan,M,24,Alexandria,Alexandria,Egypt,Consumer
1824,Nada Al Dosari,Female,30,riyadh,Riyadh,Saudi Arabia,Corporate
1825,Omar  Youssef,M,48,doha,Doha,Qatar,Corporate
1826,Mostafa Saad  ,Male,61,Giza,Giza,Egypt,Consumer
1827,Andrew Al Ghamdi,Male,29,alexandria,Alexandria,Egypt,Consumer
1828,Mahmoud Zaki,M,45,Giza,Giza,Egypt,Consumer
1829,Michael Mostafa,M,27,abu dhabi,Abu Dhabi,United Arab Emirates,Consumer
1830,michael jackson,Male,22,Cairo,Cairo,Egypt,Consumer
1831,MICHAEL ZAKI,Male,23,6TH OF OCTOBER,Giza,Egypt,Consumer
1832,Doaa Salem,Female,32,Giza,Giza,Egypt,Consumer
1833,Majed  El Sayed,M,64,Cairo,Cairo,Egypt,Consumer
1834,  Isabella Thomas,F,42,Mecca,Makkah,Saudi Arabia,Consumer
1835,Nasser Ramadan,M,39,Sharjah,Sharjah,United Arab Emirates,Corporate
1836,Olivia King,Female,48,Cairo,Cairo,Egypt, Consumer
1837,Laila Ibrahim,female,52,Assiut,Assiut,Egypt,Small Business
1838,Fahad Saad,M,36,Cairo,Cairo,Egypt,Corporate
1839,James Wright,male,19,JEDDAH,Makkah,Saudi Arabia,Consumer
1840,fatima nasser,female,37,riyadh,Riyadh,Saudi Arabia,Consumer
1841,Karim Zaki,M,27,Cairo,Cairo,Egypt,Consumer
1842,Hessa  Shalaby,Female,50,Doha,Doha,Qatar,Consumer 
1843,Charlotte Saad  ,Female,32,abu dhabi,Abu Dhabi,United Arab Emirates,Corporate
1844,Omar Al Otaibi,Male,29,Giza,Giza,Egypt,Consumer
1845,Amr Fahmy,Male,39,cairo,Cairo,Egypt,Corporate
1846,Andrew Salem,Male,54,ISMAILIA,Ismailia,Egypt,VIP
1847,IBRAHIM YOUSSEF,Male,56,Zagazig,Sharqia,Egypt,Consumer
1848,Dina  Mostafa,F,38,RIYADH,Riyadh,Saudi Arabia,Consumer
1849,Robert Taylor,male,36,Suez,Suez,Egypt,Consumer
1850,Khaled Mahmoud,Male,50,New Cairo,Cairo,Egypt,Consumer
1851,Robert Mahmoud,male,55,Kuwait City,Al Asimah,Kuwait,Corporate
1852,  Sameh Gaber,M,31,New Cairo,Cairo,Egypt,Consumer
1853,Joseph Mahmoud,M,59,Giza,Giza,Egypt,Consumer
1854,Shaimaa Ramadan,F,27,Cairo,Cairo,Egypt,Consumer
1855,Laila Al Dosari,F,53,Cairo,Cairo,Egypt,Consumer
1856,Hassan Shalaby,Male,40,DUBAI,Dubai,United Arab Emirates,Small Business
1857,Grace Farouk,female,24,Riyadh,Riyadh,Saudi Arabia,VIP
1858,Hossam Hassan  ,Male,48,Assiut,Assiut,Egypt,Consumer
1859,James Salem,Male,18,Sharjah,Sharjah,United Arab Emirates, Consumer
1860,JOSEPH MOORE,Male,38,Abu Dhabi,Abu Dhabi,United Arab Emirates,Consumer
1861,Faisal Nasser,M,59,Riyadh,Riyadh,Saudi Arabia,Corporate
1862,Ibrahim Mostafa,M,59,cairo,Cairo,Egypt,Consumer
1863,John Martin,male,43,Giza,Giza,Egypt,Corporate
1864,Khaled Mansour,Male,55,Dubai,Dubai,United Arab Emirates,Consumer
1865,Sherif Mostafa,Male,28,Doha,Doha,Qatar,Consumer
1866,Youssef Shalaby,male,48,CAIRO,Cairo,Egypt,Consumer
1867,David Johnson,Male,28,DUBAI,Dubai,United Arab Emirates,Consumer 
1868,Nada Al Ghamdi,F,42,Tanta,Gharbia,Egypt,Consumer
1869,Emily Rashad,female,47,ALEXANDRIA,Alexandria,Egypt,Consumer
1870,David Al Harbi,Male,45,Jeddah,Makkah,Saudi Arabia, Small Business
1871,Aisha Khaled,F,31,Mecca,Makkah,Saudi Arabia,Consumer
1872,Ahmed Salem,M,55,Cairo,Cairo,Egypt,Corporate
1873,Andrew Moore,Male,58,Kuwait City,Al Asimah,Kuwait,Consumer
1874,Omar Mansour,M,31,Zagazig,Sharqia,Egypt,Consumer
1875,Ava Taylor,female,65,ALEXANDRIA,Alexandria,Egypt,VIP
1876,Andrew  Zaki,male,45,Giza,Giza,Egypt,Small Business
1877,Youssef Al Ghamdi,Male,34,SHARJAH,Sharjah,United Arab Emirates,Small Business
1878,Mia Ibrahim,F,55,Cairo,Cairo,Egypt,VIP
1879,Nasser Ibrahim,M,32,dammam,Eastern Province,Saudi Arabia,Consumer
1880,DANIEL DAVIS,Male,49,mecca,Makkah,Saudi Arabia,Corporate
1881,BILAL RAMADAN,M,44,Alexandria,Alexandria,Egypt,Corporate
1882,Sherif Mansour,male,36,aswan,Aswan,Egypt, VIP
1883,Charlotte King,Female,36,Dammam,Eastern Province,Saudi Arabia,VIP
1884,Khaled Mansour,Male,22,cairo,Cairo,Egypt,Consumer
1885,Sultan Ali,Male,54,ALEXANDRIA,Alexandria,Egypt,Corporate
1886,David Wilson,M,53,Cairo,Cairo,Egypt,Consumer
1887,Yasmin Al Harbi,F,51,Cairo,Cairo,Egypt,Consumer
1888,Ghada Youssef,female,38,Dammam,Eastern Province,Saudi Arabia,Consumer
1889,Noura Mahmoud,female,35,6TH OF OCTOBER,Giza,Egypt,Small Business
1890,Latifa Farouk,F,32,CAIRO,Cairo,Egypt,VIP
1891,Ava  Clark,F,44,Giza,Giza,Egypt,Consumer
1892,FATIMA RAMADAN,F,37,Dammam,Eastern Province,Saudi Arabia,Consumer
1893,  Nasser Hassan,Male,29,Dubai,Dubai,United Arab Emirates,Consumer
1894,Ali Al Otaibi,Male,51,Tanta,Gharbia,Egypt,Consumer
1895,David Al Ghamdi,Male,43,6th of October,Giza,Egypt,VIP
1896,  Fahad Zaki,M,29,alexandria,Alexandria,Egypt,Corporate
1897,faisal al otaibi,M,37,CAIRO,Cairo,Egypt,Corporate
1898,Karim Khaled,M,25,ASWAN,Aswan,Egypt,VIP
1899,Sameh  Farouk,M,48,zagazig,Sharqia,Egypt,Consumer
1900,Sultan Ramadan  ,male,63,Alexandria,Alexandria,Egypt,Consumer
1901,sameh al ghamdi,Male,49,MECCA,Makkah,Saudi Arabia,Small Business
1902,Ali Gaber,male,40,DAMMAM,Eastern Province,Saudi Arabia,Consumer
1903,Mohamed Mostafa,male,20,giza,Giza,Egypt, Consumer
1904,Fatima Al Otaibi,F,23,ALEXANDRIA,Alexandria,Egypt,Consumer
1905,Robert Rashad,Male,38,Cairo,Cairo,Egypt, Corporate
1906,Farida Fahmy,female,32,doha,Doha,Qatar,Consumer
1907,Hossam Saad,M,26,JEDDAH,Makkah,Saudi Arabia,Corporate
1908,Rana Khaled,F,22,Zagazig,Sharqia,Egypt,Consumer
1909,David Shalaby,male,51,Riyadh,Riyadh,Saudi Arabia,Consumer
1910,Isabella Johnson,female,25,Cairo,Cairo,Egypt,Small Business
1911,Andrew Miller,male,25,New Cairo,Cairo,Egypt,Corporate
1912,Amr Mostafa,Male,25,cairo,Cairo,Egypt,Corporate
1913,Majed Nasser,M,55,GIZA,Giza,Egypt,VIP
1914,Shaimaa Ibrahim,F,40,giza,Giza,Egypt,Corporate
1915,Menna Shalaby,F,57,cairo,Cairo,Egypt,Consumer
1916,Mostafa Shalaby,Male,24,6TH OF OCTOBER,Giza,Egypt,Consumer
1917,Khaled Ramadan,Male,58,Mansoura,Dakahlia,Egypt,VIP
1918,AVA BROWN,female,43,Doha,Doha,Qatar,Consumer
1919,FATIMA  RASHAD,Female,53,Dubai,Dubai,United Arab Emirates,Consumer
1920,Aya Al Otaibi,Female,37,Cairo,Cairo,Egypt,Consumer
1921,SAMEH  AL DOSARI,M,45,Kuwait City,Al Asimah,Kuwait,Corporate
1922,Abdullah Ali,Male,53,ALEXANDRIA,Alexandria,Egypt,Consumer
1923,Emma  Al Ghamdi,F,51,abu dhabi,Abu Dhabi,United Arab Emirates, Small Business
1924,Shaimaa Shalaby,female,53,Giza,Giza,Egypt,Small Business
1925,Yasmin Ibrahim,Female,58,Giza,Giza,Egypt,Consumer
1926,  Abdullah Mansour,Male,30,Dubai,Dubai,United Arab Emirates,Consumer
1927,Tarek Youssef,Male,49,Cairo,Cairo,Egypt,Consumer
1928,Michael Johnson,Male,30,Dubai,Dubai,United Arab Emirates,Consumer
1929,IBRAHIM NASSER,Male,20,Sharjah,Sharjah,United Arab Emirates,Consumer
1930,Sara Saad,F,44,GIZA,Giza,Egypt,Consumer
1931,Ahmed Ibrahim,M,40,alexandria,Alexandria,Egypt,Corporate
1932,Ashraf Ramadan,M,57,Riyadh,Riyadh,Saudi Arabia,Consumer
1933,Ali Khaled,Male,60,Zagazig,Sharqia,Egypt,Consumer
1934,William Davis  ,male,41,6th of october,Giza,Egypt,Consumer
1935,AHMED SHALABY,M,53,Cairo,Cairo,Egypt,Consumer
1936,Aya Al Ghamdi,female,18,Alexandria,Alexandria,Egypt,Consumer
1937,Emily Scott,female,30,cairo,Cairo,Egypt,Consumer
1938,Grace Walker,Female,36,mansoura,Dakahlia,Egypt,Consumer
1939,David Moore,male,34,Aswan,Aswan,Egypt,Consumer
1940,Majed Saad,M,38,dubai,Dubai,United Arab Emirates,Small Business 
1941,Tarek Mostafa,male,50,Cairo,Cairo,Egypt,Corporate
1942,Daniel Khaled,male,50,abu dhabi,Abu Dhabi,United Arab Emirates,Consumer 
1943,Wael Fahmy,M,41,ISMAILIA,Ismailia,Egypt,Consumer
1944,Ava Wilson,Female,21,Cairo,Cairo,Egypt,VIP
1945,Tarek Al Qahtani,M,64,JEDDAH,Makkah,Saudi Arabia,Corporate 
1946,Mia Hassan,female,58,Cairo,Cairo,Egypt,Small Business
1947,Ava Zaki,F,47,medina,Al Madinah,Saudi Arabia,Consumer
1948,Isabella El Sayed,Female,51,NEW CAIRO,Cairo,Egypt,Consumer
1949,Mohamed Nasser,M,30,assiut,Assiut,Egypt,Corporate
1950,ASHRAF SHALABY  ,male,18,Medina,Al Madinah,Saudi Arabia,Consumer
1951,Emily Young,F,62,ISMAILIA,Ismailia,Egypt,Consumer
1952,Emily Young,F,20,MECCA,Makkah,Saudi Arabia,Consumer
1953,Sophia Abdelrahman,F,44,Dammam,Eastern Province,Saudi Arabia,Consumer
1954,Faisal Ramadan,M,31,Dubai,Dubai,United Arab Emirates,Small Business
1955,Ashraf Mostafa,male,50,Alexandria,Alexandria,Egypt, Consumer
1956,James Taylor,M,42,ALEXANDRIA,Alexandria,Egypt,VIP
1957,Mariam Farouk,Female,22,Medina,Al Madinah,Saudi Arabia,Consumer 
1958,Andrew  Moore,male,60,Riyadh,Riyadh,Saudi Arabia,Corporate
1959,  Ibrahim Farouk,M,40,Alexandria,Alexandria,Egypt,VIP
1960,Amira Ibrahim,female,48,6th of October,Giza,Egypt,Consumer
1961,Karim Saad,M,32,Mansoura,Dakahlia,Egypt,Consumer
1962,James Moore,Male,22,Cairo,Cairo,Egypt,Corporate
1963,Nour Rashad,Female,55,dubai,Dubai,United Arab Emirates,Consumer
1964,Noura Al Otaibi,female,25,Dubai,Dubai,United Arab Emirates,Consumer
1965,IBRAHIM HASSAN,Male,49,Aswan,Aswan,Egypt,Corporate
1966,Ali Gaber,M,46,Kuwait City,Al Asimah,Kuwait,Consumer
1967,william scott,M,31,Riyadh,Riyadh,Saudi Arabia,Consumer
1968,Joseph El Sayed,Male,58,ABU DHABI,Abu Dhabi,United Arab Emirates,Consumer
1969,Hassan Gaber,Male,37,mecca,Makkah,Saudi Arabia,Small Business
1970,Amira Hassan,Female,57,Jeddah,Makkah,Saudi Arabia,Corporate
1971,WILLIAM CLARK  ,Male,50,TANTA,Gharbia,Egypt,Small Business 
1972,Rana Al Dosari,female,29,CAIRO,Cairo,Egypt,VIP
1973,Wael Rashad,M,47,alexandria,Alexandria,Egypt,Consumer
1974,Ibrahim Youssef,male,46,ALEXANDRIA,Alexandria,Egypt,Small Business
1975,Mahmoud Khaled,Male,50,Dubai,Dubai,United Arab Emirates,Consumer
1976,sultan nasser,M,23,Medina,Al Madinah,Saudi Arabia,Corporate
1977,Nour Farouk,Female,20,Port Said,Port Said,Egypt,Corporate
1978,Andrew Moore,Male,57,Giza,Giza,Egypt,Consumer
1979,Abdullah Zaki,Male,50,Cairo,Cairo,Egypt,Small Business
1980,Joseph Anderson,M,35,Dammam,Eastern Province,Saudi Arabia,Consumer
1981,Tarek Salem,M,23,Doha,Doha,Qatar,Consumer
1982,Mariam Shalaby,female,45,Luxor,Luxor,Egypt,Consumer
1983,William Ramadan,M,31,Cairo,Cairo,Egypt,Consumer
1984,Isabella Shalaby,female,50,SUEZ,Suez,Egypt,Small Business
1985,Ibrahim El Sayed,male,62,Suez,Suez,Egypt,Consumer
1986,Mahmoud Salem,Male,46,new cairo,Cairo,Egypt,Small Business
1987,Nour Salem,F,33,New Cairo,Cairo,Egypt,Consumer
1988,Mona El Sayed,F,48,dubai,Dubai,United Arab Emirates,Consumer
1989,Hassan El Sayed,male,64,zagazig,Sharqia,Egypt,Consumer
1990,Hessa Youssef,female,48,Abu Dhabi,Abu Dhabi,United Arab Emirates,Corporate
1991,Emily Wilson,F,64,mansoura,Dakahlia,Egypt,Consumer
1992,Faisal Al Otaibi,male,34,ASSIUT,Assiut,Egypt,Consumer
1993,Joseph Salem,Male,58,aswan,Aswan,Egypt, Consumer
1994,Charlotte Ramadan,female,63,Cairo,Cairo,Egypt,Consumer 
1995,Emma Martin,F,28,Cairo,Cairo,Egypt,VIP 
1996,James Salem,Male,20,Medina,Al Madinah,Saudi Arabia, Consumer
1997,Majed Salem,male,31,New Cairo,Cairo,Egypt,Small Business
1998,Aya Farouk,F,29,Port Said,Port Said,Egypt,Corporate
1999,Bilal Youssef  ,M,38,Alexandria,Alexandria,Egypt,Consumer
2000,Emily Clark,Female,19,Abu Dhabi,Abu Dhabi,United Arab Emirates,Consumer
2001,Youssef Gaber,male,47,ismailia,Ismailia,Egypt,Consumer
2002,  Sara Mahmoud,female,22,Giza,Giza,Egypt,Small Business
2003,Robert  Moore,male,22,cairo,Cairo,Egypt,Consumer
2004,Hassan Salem,M,44,Giza,Giza,Egypt,Consumer
2005,Shaimaa Mansour,F,20,Giza,Giza,Egypt,Consumer
2006,Sultan Al Qahtani,male,57,Giza,Giza,Egypt,Consumer
2007,Andrew Miller,M,30,Assiut,Assiut,Egypt,Small Business
2008,Sameh Abdelrahman,Male,42,ZAGAZIG,Sharqia,Egypt,Small Business
2009,Abdullah Fahmy,M,62,ABU DHABI,Abu Dhabi,United Arab Emirates,Small Business
2010,Bilal Fahmy,male,52,Dubai,Dubai,United Arab Emirates,Consumer
2011,Sara Ibrahim  ,female,26,giza,Giza,Egypt,Consumer
2012,Khaled Rashad,Male,49,Alexandria,Alexandria,Egypt,Consumer
2013,John Wilson,M,32,Suez,Suez,Egypt,Corporate
2014,Ashraf Abdelrahman,M,27,Giza,Giza,Egypt,Small Business 
2015,DAVID  ABDELRAHMAN,M,31,dubai,Dubai,United Arab Emirates,Consumer
2016,Ava Al Qahtani,female,57,Sharjah,Sharjah,United Arab Emirates,Corporate
2017,Ahmed Khaled,M,28,Sharjah,Sharjah,United Arab Emirates,Consumer 
2018,Daniel Thomas,M,46,Mansoura,Dakahlia,Egypt,Consumer
2019,Isabella Shalaby,female,31,Mecca,Makkah,Saudi Arabia,Consumer 
2020,Andrew Young,M,22,DOHA,Doha,Qatar,Corporate
2021,Fahad Al Otaibi,M,21,CAIRO,Cairo,Egypt, Corporate
2022,Dina Ibrahim,female,32,New Cairo,Cairo,Egypt,VIP
2023,Shaimaa Ramadan,Female,62,cairo,Cairo,Egypt,Consumer
2024,Sara Shalaby,female,29,Kuwait City,Al Asimah,Kuwait,Small Business
2025,William Davis,M,32,Cairo,Cairo,Egypt,Consumer
2026,Heba Gaber,Female,30,Sharjah,Sharjah,United Arab Emirates,Consumer
2027,Mostafa Shalaby,M,25,Assiut,Assiut,Egypt,Corporate
2028,Abdullah  Zaki,M,27,New Cairo,Cairo,Egypt,Corporate
2029,Omar Abdelrahman,Male,54,Giza,Giza,Egypt,Corporate
2030,David Clark,M,45,MANSOURA,Dakahlia,Egypt,VIP
2031,Andrew Shalaby,male,25,Mecca,Makkah,Saudi Arabia,Consumer
2032,Aya Al Ghamdi,Female,29,dammam,Eastern Province,Saudi Arabia,Consumer
2033,Hessa Fahmy,F,38,cairo,Cairo,Egypt,Consumer
2034,dina khaled,Female,48,Alexandria,Alexandria,Egypt,Consumer
2035,Emily  Smith,F,61,doha,Doha,Qatar,Corporate
2036,Mahmoud  Al Dosari,male,22,kuwait city,Al Asimah,Kuwait,Consumer
2037,Sultan Al Otaibi,Male,30,6th of October,Giza,Egypt,Consumer
2038,Bilal Abdelrahman,male,24,MANSOURA,Dakahlia,Egypt,VIP
2039,CHARLOTTE AL GHAMDI,Female,48,new cairo,Cairo,Egypt,Corporate
2040,Olivia Zaki,F,65,Giza,Giza,Egypt,Corporate
2041,Heba Ali,female,63,ALEXANDRIA,Alexandria,Egypt,Consumer
2042,Robert Clark,Male,31,Giza,Giza,Egypt,Consumer
2043,Mohamed Al Otaibi,male,55,New Cairo,Cairo,Egypt,Consumer
2044,Amira  Saad,F,62,Giza,Giza,Egypt,Consumer
2045,Aisha Gaber,female,42,6th of October,Giza,Egypt,Corporate
2046,Daniel Jackson,male,51,Giza,Giza,Egypt,Consumer
2047,Salma Al Harbi,female,32,giza,Giza,Egypt,Corporate
2048,Mariam Salem,female,43,CAIRO,Cairo,Egypt,Small Business
2049,Majed Abdelrahman  ,M,45,Cairo,Cairo,Egypt,Small Business
2050,Mariam El Sayed,Female,44,GIZA,Giza,Egypt,Small Business
2051,Grace Walker,female,41,ISMAILIA,Ismailia,Egypt,VIP
2052,David  Wright,male,29,6th of october,Giza,Egypt, Small Business
2053,Sameh Mahmoud,M,29,Mansoura,Dakahlia,Egypt,Consumer
2054,Amr Ramadan,Male,46,ABU DHABI,Abu Dhabi,United Arab Emirates,Consumer
2055,Mahmoud  Zaki,M,26,Mecca,Makkah,Saudi Arabia,Consumer
2056,Mona Al Otaibi,female,18,ABU DHABI,Abu Dhabi,United Arab Emirates,Consumer
2057,Sherif Nasser,Male,31,6th of October,Giza,Egypt,Corporate
2058,Omar  El Sayed,Male,56,6th of October,Giza,Egypt, Small Business
2059,Khaled Zaki,male,41,Abu Dhabi,Abu Dhabi,United Arab Emirates,VIP
2060,  doaa ramadan,F,39,dubai,Dubai,United Arab Emirates,Consumer
2061,mahmoud shalaby,M,61,Mansoura,Dakahlia,Egypt,VIP
2062,William Gaber,male,30,GIZA,Giza,Egypt,Consumer
2063,Sophia Lewis,Female,38,GIZA,Giza,Egypt,Consumer
2064,Yasmin Ali,female,28,SUEZ,Suez,Egypt,Corporate
2065,David Rashad,male,50,ISMAILIA,Ismailia,Egypt,Small Business 
2066,Mia Hall,female,48,Jeddah,Makkah,Saudi Arabia,Corporate
2067,Bilal Rashad,male,44,Zagazig,Sharqia,Egypt,Consumer
2068,  David Clark,Male,37,New Cairo,Cairo,Egypt,Consumer
2069,James Brown,M,60,CAIRO,Cairo,Egypt,Small Business
2070,  James Johnson,male,18,assiut,Assiut,Egypt,Consumer
2071,Amira  Mahmoud,Female,22,Cairo,Cairo,Egypt,Consumer
2072,Ava Mostafa,female,45,Dammam,Eastern Province,Saudi Arabia,Consumer
2073,Ghada Al Harbi,female,64,New Cairo,Cairo,Egypt,Consumer
2074,Bilal Al Ghamdi  ,male,22,Riyadh,Riyadh,Saudi Arabia,Small Business
2075,Ahmed Farouk,Male,59,Cairo,Cairo,Egypt,Corporate
2076,Fahad Abdelrahman,Male,50,Dubai,Dubai,United Arab Emirates,Corporate
2077,wael rashad,male,39,Cairo,Cairo,Egypt,Consumer
2078,Amira Farouk,Female,36,6TH OF OCTOBER,Giza,Egypt,Consumer
2079,Fatima Zaki  ,F,40,Suez,Suez,Egypt,Corporate
2080,David Wilson  ,male,19,Jeddah,Makkah,Saudi Arabia,Corporate
2081,Dina Al Qahtani,F,49,Port Said,Port Said,Egypt,Consumer
2082,Wael  Abdelrahman,M,48,medina,Al Madinah,Saudi Arabia,Corporate
2083,  Yasmin Al Ghamdi,F,58,riyadh,Riyadh,Saudi Arabia,Consumer
2084,Noura Ali,F,63,Cairo,Cairo,Egypt,Consumer
2085,Doaa Al Ghamdi,F,47,TANTA,Gharbia,Egypt,Small Business
2086,  Doaa Al Otaibi,F,41,Cairo,Cairo,Egypt, Consumer
2087,Laila Farouk,F,44,Medina,Al Madinah,Saudi Arabia,Consumer
2088,Emily Johnson,Female,39,Jeddah,Makkah,Saudi Arabia,Consumer
2089,  AMR GABER,Male,61,Riyadh,Riyadh,Saudi Arabia, Corporate
2090,Reem Saad,F,24,Dammam,Eastern Province,Saudi Arabia,Consumer
2091,Hana Fahmy,F,38,TANTA,Gharbia,Egypt,Corporate
2092,James Jackson,male,65,ASWAN,Aswan,Egypt,VIP
2093,Aya Ali,F,27,Zagazig,Sharqia,Egypt,Corporate
2094,  Ali Mahmoud,M,52,Doha,Doha,Qatar,Consumer
2095,John Johnson  ,M,24,MEDINA,Al Madinah,Saudi Arabia, Consumer
2096,  Wael Youssef,male,55,Cairo,Cairo,Egypt,Small Business
2097,Ashraf Hassan,Male,60,Medina,Al Madinah,Saudi Arabia,Consumer
2098,Latifa Hassan,F,20,KUWAIT CITY,Al Asimah,Kuwait,VIP
2099,Faisal Hassan,Male,29,6TH OF OCTOBER,Giza,Egypt,Consumer
2100,Amr Abdelrahman,Male,34,Riyadh,Riyadh,Saudi Arabia,Small Business
2101,Faisal Al Ghamdi,M,50,6TH OF OCTOBER,Giza,Egypt,Consumer
2102,Ahmed Salem,male,54,MECCA,Makkah,Saudi Arabia,Small Business
2103,Wael Youssef,M,46,Aswan,Aswan,Egypt,Corporate
2104,Shaimaa Al Harbi,female,56,Jeddah,Makkah,Saudi Arabia,Consumer
2105,Karim Zaki,M,36,TANTA,Gharbia,Egypt,Corporate
2106,BILAL AL OTAIBI,male,53,6th of October,Giza,Egypt,Consumer
2107,Rana Shalaby,F,26,Alexandria,Alexandria,Egypt,Small Business
2108,Daniel Wilson,M,39,alexandria,Alexandria,Egypt,Consumer 
2109,Khaled Al Ghamdi,male,46,DUBAI,Dubai,United Arab Emirates,Small Business
2110,Daniel Ibrahim,male,43,ZAGAZIG,Sharqia,Egypt,Small Business
2111,Shaimaa Shalaby,Female,40,Jeddah,Makkah,Saudi Arabia,Consumer
2112,Majed  Nasser,Male,40,Cairo,Cairo,Egypt,Consumer
2113,Latifa Abdelrahman,female,40,Zagazig,Sharqia,Egypt,Small Business
2114,Emily Fahmy,female,58,Alexandria,Alexandria,Egypt,VIP
2115,  Sultan Al Otaibi,Male,48,Doha,Doha,Qatar,Consumer
2116,Khaled Mahmoud,male,21,Dubai,Dubai,United Arab Emirates,Consumer
2117,Aisha Youssef  ,Female,23,Zagazig,Sharqia,Egypt,Corporate
2118,Joseph Nasser,M,24,Dubai,Dubai,United Arab Emirates,Corporate
2119,Andrew Young,male,50,Aswan,Aswan,Egypt,Small Business
2120,Ahmed Ibrahim,Male,51,dammam,Eastern Province,Saudi Arabia,Corporate
2121,James Al Qahtani,Male,51,Aswan,Aswan,Egypt,Small Business
2122,  Fahad Gaber,Male,56,Luxor,Luxor,Egypt,Consumer
2123,Mohamed Al Ghamdi,male,63,Abu Dhabi,Abu Dhabi,United Arab Emirates,VIP
2124,Sara Ramadan,Female,27,New Cairo,Cairo,Egypt,VIP
2125,Hassan Al Harbi  ,male,41,Zagazig,Sharqia,Egypt,Small Business
2126,David Walker,male,21,Cairo,Cairo,Egypt,Small Business
2127,Ghada Gaber,female,54,cairo,Cairo,Egypt,Corporate
2128,Sameh Rashad,Male,28,Cairo,Cairo,Egypt,VIP
2129,Reem Al Qahtani,Female,30,DUBAI,Dubai,United Arab Emirates,VIP
2130,Yasmin Saad,Female,57,Alexandria,Alexandria,Egypt,Consumer
2131,Salma Hassan,F,57,dubai,Dubai,United Arab Emirates,Consumer
2132,John Brown,male,31,Zagazig,Sharqia,Egypt,Consumer
2133,Shaimaa Al Otaibi,female,23,dubai,Dubai,United Arab Emirates,Small Business
2134,mohamed  ali,male,53,ABU DHABI,Abu Dhabi,United Arab Emirates,VIP
2135,Sherif Mostafa,M,63,ALEXANDRIA,Alexandria,Egypt,Corporate
2136,James Mahmoud,Male,41,Dubai,Dubai,United Arab Emirates,Consumer
2137,Youssef Mansour,M,44,Cairo,Cairo,Egypt,Consumer
2138,Farida Al Dosari,female,62,Riyadh,Riyadh,Saudi Arabia,Consumer
2139,Heba Ibrahim,F,59,Riyadh,Riyadh,Saudi Arabia,Corporate
2140,Amr Youssef,male,46,new cairo,Cairo,Egypt,VIP
2141,Sultan Al Otaibi,male,59,ABU DHABI,Abu Dhabi,United Arab Emirates,Small Business
2142,Amelia Brown,Female,47,Mansoura,Dakahlia,Egypt,Consumer
2143,Sophia Nasser,Female,42,Mansoura,Dakahlia,Egypt,VIP
2144,Charlotte Al Qahtani,F,35,6TH OF OCTOBER,Giza,Egypt,Small Business
2145,Doaa Mansour,F,47,Giza,Giza,Egypt,Small Business
2146,RANA SALEM,female,42,Abu Dhabi,Abu Dhabi,United Arab Emirates,Consumer
2147,Grace Mansour,Female,35,dubai,Dubai,United Arab Emirates,Consumer
2148,Laila Ali,Female,43,doha,Doha,Qatar,Consumer
2149,Aisha Hassan,F,41,new cairo,Cairo,Egypt,Consumer
2150,Andrew Zaki,Male,38,Aswan,Aswan,Egypt,Corporate
2151,Laila Fahmy,F,59,Luxor,Luxor,Egypt,Consumer
2152,Sultan Khaled,M,41,RIYADH,Riyadh,Saudi Arabia,Consumer
2153,Majed El Sayed,Male,33,Kuwait City,Al Asimah,Kuwait,Consumer
2154,Mariam Rashad  ,Female,46,Giza,Giza,Egypt,Consumer
2155,Nada Al Dosari,Female,57,New Cairo,Cairo,Egypt,Consumer
2156,Latifa Al Dosari,F,54,Luxor,Luxor,Egypt,Consumer
2157,Olivia Fahmy,F,38,cairo,Cairo,Egypt,Small Business
2158,Mohamed  Salem,male,22,cairo,Cairo,Egypt,Corporate
2159,Tarek Ibrahim,Male,35,Zagazig,Sharqia,Egypt,Corporate
2160,Ashraf Nasser  ,M,63,Kuwait City,Al Asimah,Kuwait,Consumer
2161,Bilal Al Qahtani,male,36,CAIRO,Cairo,Egypt,Corporate
2162,Mariam Shalaby,Female,56,assiut,Assiut,Egypt,Consumer
2163,Faisal Nasser,Male,64,CAIRO,Cairo,Egypt,Consumer
2164,Michael Mansour,male,63,Giza,Giza,Egypt,VIP
2165,Grace Davis,Female,20,Kuwait City,Al Asimah,Kuwait,Consumer
2166,Latifa Ibrahim,Female,51,Dubai,Dubai,United Arab Emirates,Corporate
2167,Hassan Ali,Male,23,new cairo,Cairo,Egypt,Corporate
2168,Fatima Ali,F,26,new cairo,Cairo,Egypt,Corporate
2169,Amira Farouk,Female,63,Cairo,Cairo,Egypt,Consumer
2170,YASMIN AL QAHTANI,Female,54,alexandria,Alexandria,Egypt,Consumer
2171,Aisha Al Harbi,Female,48,Alexandria,Alexandria,Egypt,Small Business
2172,Ghada Shalaby,female,43,Riyadh,Riyadh,Saudi Arabia,Consumer
2173,Robert  Lewis,Male,52,New Cairo,Cairo,Egypt,Small Business
2174,Mahmoud Ali,Male,47,new cairo,Cairo,Egypt,Small Business
2175,Laila Rashad,Female,29,Alexandria,Alexandria,Egypt,Consumer
2176,Shaimaa Mansour,female,51,Port Said,Port Said,Egypt,Corporate
2177,Mia Farouk,F,34,giza,Giza,Egypt,Corporate
2178,Shaimaa Ramadan,female,40,Medina,Al Madinah,Saudi Arabia,Consumer
2179,Heba  Mansour,female,26,DOHA,Doha,Qatar,Consumer
2180,Hana Al Dosari,Female,44,jeddah,Makkah,Saudi Arabia,Consumer 
2181,Mariam Nasser,female,51,cairo,Cairo,Egypt,Consumer
2182,Yasmin Ibrahim,F,60,Ismailia,Ismailia,Egypt,Consumer
2183,James Lewis,M,34,Doha,Doha,Qatar,Corporate
2184,Aisha Ramadan,Female,32,Abu Dhabi,Abu Dhabi,United Arab Emirates,Consumer
2185,Menna Fahmy,female,27,Dubai,Dubai,United Arab Emirates,Consumer
2186,  Mohamed Ibrahim,male,38,Cairo,Cairo,Egypt,Consumer
2187,Heba  Hassan,Female,56,Jeddah,Makkah,Saudi Arabia,Corporate
2188,Charlotte Wilson,Female,59,Cairo,Cairo,Egypt,Consumer
2189,Amr  Ramadan,male,51,Alexandria,Alexandria,Egypt,Corporate
2190,Mostafa Gaber,Male,19,Cairo,Cairo,Egypt,Consumer
2191,Fahad Gaber,male,44,cairo,Cairo,Egypt,Consumer
2192,Nasser Al Qahtani,M,21,Cairo,Cairo,Egypt,Consumer
2193,Sultan Mansour,male,45,Giza,Giza,Egypt,Consumer
2194,Menna Khaled,F,28,Alexandria,Alexandria,Egypt,Consumer
2195,Salma Farouk,female,41,mecca,Makkah,Saudi Arabia,Consumer
2196,Mohamed Al Ghamdi  ,M,34,Giza,Giza,Egypt,Corporate
2197,Amelia Johnson,F,40,Giza,Giza,Egypt,Corporate
2198,Wael Al Ghamdi,male,18,Doha,Doha,Qatar,Consumer
2199,Tarek Khaled,M,35,riyadh,Riyadh,Saudi Arabia,Consumer
2200,ABDULLAH ALI,M,29,Giza,Giza,Egypt,Corporate
2201,Isabella Walker,Female,29,doha,Doha,Qatar,Consumer
2202,Robert Anderson,male,49,Port Said,Port Said,Egypt,Consumer
2203,Sara Shalaby,female,31,MANSOURA,Dakahlia,Egypt,Corporate
2204,JOSEPH  DAVIS,male,39,Riyadh,Riyadh,Saudi Arabia,VIP
2205,laila  fahmy,Female,48,6th of October,Giza,Egypt,Corporate
2206,Sherif Ali,male,44,Tanta,Gharbia,Egypt,Consumer
2207,Abdullah Salem,male,59,DOHA,Doha,Qatar,Consumer
2208,Amira Hassan  ,female,59,Giza,Giza,Egypt,Consumer
2209,Majed Nasser,M,22,giza,Giza,Egypt,Corporate
2210,Aya  Mostafa,Female,46,ALEXANDRIA,Alexandria,Egypt,Corporate
2211,Sara Gaber,female,50,abu dhabi,Abu Dhabi,United Arab Emirates,Small Business
2212,Farida Rashad,F,48,Alexandria,Alexandria,Egypt,Consumer
2213,Sherif Mahmoud,male,63,NEW CAIRO,Cairo,Egypt,Corporate
2214,Wael Youssef,male,19,Dubai,Dubai,United Arab Emirates, Consumer
2215,Fahad Abdelrahman,M,21,DAMMAM,Eastern Province,Saudi Arabia,Consumer
2216,Ghada Mansour,Female,55,DOHA,Doha,Qatar,Corporate
2217,Khaled Farouk,Male,21,Cairo,Cairo,Egypt,Consumer
2218,daniel wilson  ,M,52,Abu Dhabi,Abu Dhabi,United Arab Emirates,Consumer
2219,Mohamed Ibrahim,Male,31,6th of october,Giza,Egypt,Small Business
2220,Michael Smith,M,57,Sharjah,Sharjah,United Arab Emirates,VIP
2221,john moore,male,44,Luxor,Luxor,Egypt,Consumer
2222,Youssef Gaber,Male,63,Jeddah,Makkah,Saudi Arabia,Small Business
2223,Abdullah Al Dosari,M,58,Cairo,Cairo,Egypt,Corporate 
2224,William  Mansour,M,48,riyadh,Riyadh,Saudi Arabia,Small Business
2225,Sara Mostafa,female,59,Assiut,Assiut,Egypt,Corporate
2226,david anderson,Male,39,Alexandria,Alexandria,Egypt,Consumer
2227,Olivia Walker,female,25,Dubai,Dubai,United Arab Emirates,VIP
2228,Ali Al Harbi,M,41,dubai,Dubai,United Arab Emirates,Consumer
2229,William Thomas,Male,59,Riyadh,Riyadh,Saudi Arabia,Small Business
2230,ahmed ibrahim  ,male,37,CAIRO,Cairo,Egypt,Consumer
2231,Ghada Shalaby,F,24,giza,Giza,Egypt,VIP
2232,David Young,male,45,Port Said,Port Said,Egypt,Consumer
2233,Faisal Al Dosari,Male,59,Sharjah,Sharjah,United Arab Emirates,Consumer
2234,karim mostafa,M,49,CAIRO,Cairo,Egypt,Consumer
2235,Khaled Mansour,male,63,New Cairo,Cairo,Egypt,VIP
2236,Karim  Zaki,male,47,Mansoura,Dakahlia,Egypt,Small Business
2237,Thomas Mansour,Male,22,Dammam,Eastern Province,Saudi Arabia,Corporate
2238,Omar Al Dosari,male,46,Luxor,Luxor,Egypt,Consumer
2239,Andrew Anderson,male,56,mecca,Makkah,Saudi Arabia,Small Business
2240,  Omar Gaber,male,33,abu dhabi,Abu Dhabi,United Arab Emirates,Small Business
2241,Heba Al Otaibi  ,Female,52,GIZA,Giza,Egypt,Consumer
2242,Rana Ramadan,female,29,New Cairo,Cairo,Egypt,VIP
2243,Grace Clark,Female,58,Riyadh,Riyadh,Saudi Arabia,Consumer
2244,Olivia  Anderson,F,19,Giza,Giza,Egypt,Consumer
2245,Dina  Abdelrahman,F,29,CAIRO,Cairo,Egypt,Consumer
2246,john khaled,male,20,Assiut,Assiut,Egypt,Corporate
2247,amelia zaki,F,27,New Cairo,Cairo,Egypt,Consumer
2248,Doaa Al Dosari,female,33,Cairo,Cairo,Egypt,Small Business
2249,Aisha Khaled,F,44,Dubai,Dubai,United Arab Emirates,Corporate
2250,Abdullah Khaled,Male,45,Alexandria,Alexandria,Egypt,Small Business
2251,  Khaled Nasser,Male,38,Jeddah,Makkah,Saudi Arabia,Small Business
2252,Abdullah Ibrahim,male,53,kuwait city,Al Asimah,Kuwait, Small Business
2253,Sophia Lewis,F,33,Riyadh,Riyadh,Saudi Arabia,Consumer
2254,Robert Davis,M,56,Port Said,Port Said,Egypt,Small Business
2255,  Ghada Ali,F,57,Medina,Al Madinah,Saudi Arabia,Corporate 
2256,James Miller,male,55,Jeddah,Makkah,Saudi Arabia,Consumer
2257,JAMES AL HARBI,M,37,Doha,Doha,Qatar,Consumer
2258,  Daniel Nasser,Male,55,MECCA,Makkah,Saudi Arabia,Corporate
2259,Fatima Mostafa,Female,55,Alexandria,Alexandria,Egypt,Consumer
2260,Reem Abdelrahman,female,34,Jeddah,Makkah,Saudi Arabia,Small Business
2261,Ghada El Sayed,F,61,Riyadh,Riyadh,Saudi Arabia,Consumer
2262,MONA  RAMADAN,F,19,GIZA,Giza,Egypt,Corporate
2263,Emma Young,female,58,Giza,Giza,Egypt,Consumer
2264,Wael Al Harbi,male,32,Jeddah,Makkah,Saudi Arabia,Consumer
2265,Mona Salem,Female,28,CAIRO,Cairo,Egypt,Consumer
2266,Hessa Al Harbi,female,55,Alexandria,Alexandria,Egypt,Consumer
2267,Hossam Al Otaibi,male,50,Doha,Doha,Qatar, Small Business
2268,Youssef Saad  ,male,62,CAIRO,Cairo,Egypt,VIP
2269,William Rashad,Male,59,6th of October,Giza,Egypt,Consumer
2270,Shaimaa Salem,Female,44,Cairo,Cairo,Egypt,Consumer
2271,MOHAMED AL QAHTANI,male,26,Ismailia,Ismailia,Egypt,Consumer
2272,Amira Shalaby,female,64,CAIRO,Cairo,Egypt,Consumer
2273,Nour Mahmoud,female,59,mansoura,Dakahlia,Egypt,Consumer
2274,Omar Mansour,M,62,ismailia,Ismailia,Egypt,VIP
2275,Mia Smith,female,56,New Cairo,Cairo,Egypt,Consumer
2276,Faisal Shalaby,male,62,NEW CAIRO,Cairo,Egypt,Small Business
2277,Nada Al Harbi,Female,54,Tanta,Gharbia,Egypt,Small Business
2278,ALI EL SAYED,M,49,CAIRO,Cairo,Egypt,Consumer
2279,Doaa Nasser,Female,46,6th of october,Giza,Egypt,Consumer
2280,Mariam Ibrahim,F,42,riyadh,Riyadh,Saudi Arabia,Consumer
2281,Khaled Al Dosari,M,49,Zagazig,Sharqia,Egypt,Small Business
2282,David Moore,Male,29,6TH OF OCTOBER,Giza,Egypt,Corporate
2283,Latifa Saad,female,45,MANSOURA,Dakahlia,Egypt,Corporate
2284,Fahad  Al Harbi,Male,38,New Cairo,Cairo,Egypt,VIP
2285,Ava Al Qahtani,Female,29,Alexandria,Alexandria,Egypt,Consumer
2286,Aisha Rashad,Female,43,RIYADH,Riyadh,Saudi Arabia,Consumer
2287,Sherif Nasser,Male,36,Cairo,Cairo,Egypt,Consumer
2288,aisha al ghamdi,female,53,Cairo,Cairo,Egypt,Consumer
2289,Latifa Al Dosari,female,51,Sharjah,Sharjah,United Arab Emirates,Consumer
2290,Andrew Miller,Male,52,Jeddah,Makkah,Saudi Arabia,Consumer
2291,Nasser Ali,male,64,giza,Giza,Egypt,Corporate
2292,Doaa Ali,female,24,Dubai,Dubai,United Arab Emirates,VIP
2293,  Karim Saad,male,25,Zagazig,Sharqia,Egypt,Consumer
2294,Heba Salem,Female,27,doha,Doha,Qatar,Consumer
2295,nada al dosari,female,30,jeddah,Makkah,Saudi Arabia,Consumer
2296,Laila Ali  ,female,38,Ismailia,Ismailia,Egypt,Corporate
2297,shaimaa gaber,female,36,Alexandria,Alexandria,Egypt,Corporate
2298,  Farida Mostafa,female,21,alexandria,Alexandria,Egypt,Small Business
2299,Hana Al Dosari,female,65,Dubai,Dubai,United Arab Emirates,Consumer
2300,DINA HASSAN,female,50,New Cairo,Cairo,Egypt,Small Business
2301,Ahmed  Hassan,male,46,ABU DHABI,Abu Dhabi,United Arab Emirates,Consumer
2302,  Laila Salem,Female,47,luxor,Luxor,Egypt,Consumer
2303,WILLIAM HALL,Male,46,Abu Dhabi,Abu Dhabi,United Arab Emirates,Corporate
2304,Hassan Mostafa,male,50,Dubai,Dubai,United Arab Emirates,VIP
2305,Charlotte Young,female,22,Tanta,Gharbia,Egypt,Consumer
2306,OLIVIA MOORE,female,44,Tanta,Gharbia,Egypt,VIP
2307,Ahmed Farouk,male,21,cairo,Cairo,Egypt,Small Business
2308,  Sara Youssef,female,48,6TH OF OCTOBER,Giza,Egypt,Consumer
2309,Mostafa Youssef,M,58,Doha,Doha,Qatar,Consumer
2310,Daniel Zaki,male,55,Giza,Giza,Egypt,Consumer
2311,Ahmed  Rashad,M,43,Luxor,Luxor,Egypt,Corporate
2312,Mahmoud Ibrahim,Male,62,Alexandria,Alexandria,Egypt,Consumer
2313,Isabella Ali,Female,57,Luxor,Luxor,Egypt,Consumer
2314,Shaimaa Khaled,F,18,Zagazig,Sharqia,Egypt,Consumer 
2315,Sherif  Ali,male,44,DUBAI,Dubai,United Arab Emirates,Consumer
2316,Mia Shalaby,Female,54,GIZA,Giza,Egypt,Corporate
2317,Aya Abdelrahman,female,54,DUBAI,Dubai,United Arab Emirates,Corporate
2318,Dina Zaki,F,56,giza,Giza,Egypt,Consumer
2319,Nasser Rashad,Male,53,GIZA,Giza,Egypt,Small Business
2320,WILLIAM YOUSSEF,M,39,Alexandria,Alexandria,Egypt,Consumer
2321,  Mariam Ali,Female,64,Abu Dhabi,Abu Dhabi,United Arab Emirates,Consumer
2322,Mohamed Youssef,male,42,Port Said,Port Said,Egypt,Consumer
2323,Bilal Mahmoud,Male,39,Alexandria,Alexandria,Egypt,Small Business
2324,  Ashraf Farouk,M,52,sharjah,Sharjah,United Arab Emirates,Consumer
2325,Grace Nasser,Female,26,Aswan,Aswan,Egypt,Consumer
2326,ava young,Female,56,JEDDAH,Makkah,Saudi Arabia,Consumer
2327,Menna Ibrahim,F,37,Jeddah,Makkah,Saudi Arabia,Consumer
2328,Faisal Mahmoud  ,M,34,Alexandria,Alexandria,Egypt,Corporate
2329,Sameh Mansour,male,29,Assiut,Assiut,Egypt,Consumer
2330,Nada Al Ghamdi,Female,29,Dubai,Dubai,United Arab Emirates,Consumer
2331,Daniel Al Otaibi,male,50,dubai,Dubai,United Arab Emirates,Consumer
2332,Doaa Ali,Female,61,Tanta,Gharbia,Egypt,Consumer
2333,John Mostafa,male,28,dubai,Dubai,United Arab Emirates,Consumer
2334,ashraf al harbi,M,35,6TH OF OCTOBER,Giza,Egypt,Corporate
2335,  Olivia Jackson,F,19,Giza,Giza,Egypt,Consumer
2336,Farida Al Dosari,female,64,abu dhabi,Abu Dhabi,United Arab Emirates,Consumer
2337,Mia Shalaby,female,55,Dubai,Dubai,United Arab Emirates,Small Business
2338,John Hall,male,19,dammam,Eastern Province,Saudi Arabia,Consumer
2339,Mostafa Youssef,M,58,JEDDAH,Makkah,Saudi Arabia,Consumer
2340,Nasser Salem,male,46,New Cairo,Cairo,Egypt, Small Business
2341,Ashraf Youssef,Male,27,Abu Dhabi,Abu Dhabi,United Arab Emirates,Consumer
2342,Reem Khaled,Female,45,Giza,Giza,Egypt,Small Business
2343,  Ahmed Gaber,M,43,Cairo,Cairo,Egypt,Consumer
2344,James Wilson  ,M,27,Jeddah,Makkah,Saudi Arabia,Consumer
2345,Mia Salem  ,Female,48,giza,Giza,Egypt,Corporate
2346,Amr El Sayed,Male,62,RIYADH,Riyadh,Saudi Arabia,Corporate
2347,Karim Saad,M,59,Giza,Giza,Egypt,Consumer
2348,Emily Anderson,female,53,Jeddah,Makkah,Saudi Arabia,Corporate
2349,  Emily Smith,female,44,Luxor,Luxor,Egypt,Consumer
2350,james hassan  ,M,39,Aswan,Aswan,Egypt,Consumer
2351,Salma Hassan,Female,30,giza,Giza,Egypt,Small Business
2352,Dina Mahmoud,female,50,cairo,Cairo,Egypt,Consumer
2353,Heba Mostafa,female,51,Ismailia,Ismailia,Egypt,Consumer
2354,Daniel Davis,Male,25,Alexandria,Alexandria,Egypt,Consumer
2355,Amr Mansour,Male,44,Kuwait City,Al Asimah,Kuwait,Consumer
2356,Charlotte Al Ghamdi,female,59,Zagazig,Sharqia,Egypt,Consumer
2357,Karim Mansour,M,49,New Cairo,Cairo,Egypt,VIP
2358,Ali Al Harbi,male,37,GIZA,Giza,Egypt,Corporate
2359,Ali Al Dosari,male,21,Cairo,Cairo,Egypt,VIP
2360,  Hassan Mostafa,M,63,6th of October,Giza,Egypt,Consumer 
2361,Mahmoud Rashad,male,35,Abu Dhabi,Abu Dhabi,United Arab Emirates, Consumer
2362,Emma Gaber,female,45,Ismailia,Ismailia,Egypt,Small Business
2363,Daniel Al Qahtani,male,45,Suez,Suez,Egypt,Consumer
2364,Sophia Anderson  ,female,52,SUEZ,Suez,Egypt,Consumer
2365,  Faisal Saad,male,19,6TH OF OCTOBER,Giza,Egypt,Small Business
2366,Sameh Hassan,Male,44,Kuwait City,Al Asimah,Kuwait,Consumer
2367,nour gaber,female,60,6TH OF OCTOBER,Giza,Egypt,Consumer
2368,Rana  Al Dosari,Female,47,Alexandria,Alexandria,Egypt,Consumer
2369,Andrew Taylor,male,30,jeddah,Makkah,Saudi Arabia,Consumer
2370,Sophia  Anderson,F,27,DUBAI,Dubai,United Arab Emirates,Small Business
2371,Grace Walker,female,63,Jeddah,Makkah,Saudi Arabia,Corporate 
2372,Emily Abdelrahman,F,36,Abu Dhabi,Abu Dhabi,United Arab Emirates,Small Business
2373,Majed Abdelrahman,M,41,Suez,Suez,Egypt,Consumer
2374,Mia Lewis,F,36,Riyadh,Riyadh,Saudi Arabia,Consumer
2375,Abdullah Farouk  ,Male,49,Alexandria,Alexandria,Egypt,Small Business
2376,Fatima Hassan,Female,23,New Cairo,Cairo,Egypt,Consumer
2377,Hossam Mostafa,male,55,Sharjah,Sharjah,United Arab Emirates,Consumer
2378,Charlotte Al Dosari,female,41,abu dhabi,Abu Dhabi,United Arab Emirates,VIP
2379,David Youssef,Male,46,KUWAIT CITY,Al Asimah,Kuwait,Corporate
2380,Dina  Ali,female,48,Kuwait City,Al Asimah,Kuwait,Consumer
2381,Fahad Ramadan  ,M,44,New Cairo,Cairo,Egypt,Consumer
2382,yasmin abdelrahman,F,46,JEDDAH,Makkah,Saudi Arabia,Corporate
2383,Ali Ali,Male,23,Doha,Doha,Qatar,VIP
2384,Mona El Sayed,female,52,Dubai,Dubai,United Arab Emirates,Corporate
2385,laila  abdelrahman,Female,39,Suez,Suez,Egypt,Consumer
2386,OLIVIA MAHMOUD,female,37,Cairo,Cairo,Egypt,Consumer
2387,Ali Khaled,Male,48,alexandria,Alexandria,Egypt,Small Business
2388,Mahmoud Gaber,Male,29,Alexandria,Alexandria,Egypt,Corporate
2389,Fatima Al Dosari,F,37,Dammam,Eastern Province,Saudi Arabia, Consumer
2390,William Mansour,male,22,Riyadh,Riyadh,Saudi Arabia,Consumer
2391,Ahmed Farouk,Male,58,cairo,Cairo,Egypt,Corporate
2392,Grace Saad,Female,32,new cairo,Cairo,Egypt,Consumer
2393,Wael Salem,M,51,ABU DHABI,Abu Dhabi,United Arab Emirates,Corporate
2394,KARIM AL GHAMDI,Male,19,Port Said,Port Said,Egypt,Consumer
2395,NASSER SALEM,M,24,Cairo,Cairo,Egypt,Small Business
2396,  Shaimaa Rashad,Female,33,6TH OF OCTOBER,Giza,Egypt,Consumer
2397,Mostafa Rashad,male,28,Jeddah,Makkah,Saudi Arabia,Consumer
2398,Mahmoud Salem,male,25,TANTA,Gharbia,Egypt,Consumer
2399,Hossam Nasser,male,38,CAIRO,Cairo,Egypt,Consumer
2400,Ali Zaki  ,Male,31,RIYADH,Riyadh,Saudi Arabia,Small Business
2401,mohamed al qahtani,male,24,CAIRO,Cairo,Egypt,Consumer
2402,Sophia Wright,Female,51,Medina,Al Madinah,Saudi Arabia, Small Business
2403,Farida Gaber,F,26,giza,Giza,Egypt,Consumer
2404,Fahad Zaki,M,39,cairo,Cairo,Egypt,Corporate
2405,Ali Youssef,M,33,Zagazig,Sharqia,Egypt,Consumer
2406,michael  scott,M,31,6th of October,Giza,Egypt,VIP
2407,Fatima Al Ghamdi,F,29,6th of october,Giza,Egypt,Consumer
2408,Daniel Gaber,Male,22,Jeddah,Makkah,Saudi Arabia,Small Business
2409,Thomas Al Otaibi,M,22,Kuwait City,Al Asimah,Kuwait,Small Business
2410,  Ava Farouk,F,33,KUWAIT CITY,Al Asimah,Kuwait,Consumer
2411,Reem Al Ghamdi,Female,40,dubai,Dubai,United Arab Emirates,Consumer
2412,Youssef Nasser,male,55,Cairo,Cairo,Egypt,Consumer
2413,Latifa Ali  ,female,44,Cairo,Cairo,Egypt,Consumer
2414,Sameh Youssef,Male,49,Jeddah,Makkah,Saudi Arabia,Consumer
2415,OMAR FAROUK,M,52,CAIRO,Cairo,Egypt,Consumer
2416,Thomas Martin,M,43,Aswan,Aswan,Egypt,VIP
2417,Sara Mahmoud,F,53,cairo,Cairo,Egypt,Consumer
2418,William Martin,M,33,PORT SAID,Port Said,Egypt,Small Business
2419,Latifa Al Otaibi,F,54,Alexandria,Alexandria,Egypt,Consumer
2420,Mona Zaki,Female,48,giza,Giza,Egypt,Small Business
2421,Fahad Abdelrahman,M,41,Medina,Al Madinah,Saudi Arabia,Consumer
2422,Amr Khaled,Male,51,cairo,Cairo,Egypt,Small Business
2423,  Dina Mansour,female,24,6th of October,Giza,Egypt,Consumer
2424,Sherif Gaber,male,45,Riyadh,Riyadh,Saudi Arabia,Consumer
2425,Yasmin Ibrahim,female,20,Dubai,Dubai,United Arab Emirates,Consumer
2426,Ali Al Dosari,Male,61,SHARJAH,Sharjah,United Arab Emirates,Consumer
2427,Nour Shalaby,F,32,Kuwait City,Al Asimah,Kuwait,Small Business
2428,Faisal Mostafa,male,59,6th of October,Giza,Egypt,Corporate
2429,Emily Martin,female,45,luxor,Luxor,Egypt,Consumer
2430,Ahmed Al Otaibi,male,52,Kuwait City,Al Asimah,Kuwait,Consumer
2431,rana nasser,Female,58,Abu Dhabi,Abu Dhabi,United Arab Emirates,Corporate
2432,Menna Al Qahtani,F,41,New Cairo,Cairo,Egypt,VIP
2433,Amelia Young,F,21,Abu Dhabi,Abu Dhabi,United Arab Emirates,Consumer
2434,Thomas Martin,male,28,Riyadh,Riyadh,Saudi Arabia,Consumer
2435,James Rashad  ,male,23,medina,Al Madinah,Saudi Arabia,Consumer
2436,Amr Fahmy,M,65,Alexandria,Alexandria,Egypt,Corporate
2437,AHMED AL DOSARI,Male,41,Cairo,Cairo,Egypt,Corporate
2438,Sultan  Khaled,M,46,ASSIUT,Assiut,Egypt,Consumer
2439,Youssef Youssef,Male,58,jeddah,Makkah,Saudi Arabia,Consumer
2440,Sameh Fahmy,male,64,RIYADH,Riyadh,Saudi Arabia,Consumer
2441,EMILY JACKSON,F,42,Dubai,Dubai,United Arab Emirates,Consumer
2442,William Farouk,M,35,new cairo,Cairo,Egypt,Consumer
2443,Mahmoud Ramadan  ,Male,65,Giza,Giza,Egypt,Consumer
2444,Bilal Saad,Male,55,Suez,Suez,Egypt,Corporate 
2445,Tarek Farouk,male,35,Doha,Doha,Qatar,Consumer
2446,Mariam Youssef,Female,28,6th of October,Giza,Egypt,Consumer
2447,Sophia Davis,F,49,Riyadh,Riyadh,Saudi Arabia,Consumer
2448,joseph clark,M,30,Jeddah,Makkah,Saudi Arabia,Consumer
2449,Mostafa Mahmoud,male,43,riyadh,Riyadh,Saudi Arabia,Consumer
2450,Majed Khaled,male,65,cairo,Cairo,Egypt,Consumer
2451,Sophia Moore,Female,40,New Cairo,Cairo,Egypt,Consumer
2452,  Ibrahim Fahmy,Male,36,Ismailia,Ismailia,Egypt, Consumer
2453,Fahad Al Harbi,male,49,Sharjah,Sharjah,United Arab Emirates,Small Business
2454,Fatima Saad,F,38,Aswan,Aswan,Egypt,Consumer
2455,CHARLOTTE MANSOUR,F,59,DAMMAM,Eastern Province,Saudi Arabia,Corporate
2456,michael al ghamdi,male,39,CAIRO,Cairo,Egypt,Small Business
2457,Mahmoud  Al Ghamdi,M,27,Dammam,Eastern Province,Saudi Arabia,Consumer
2458,Mostafa Youssef,male,65,Cairo,Cairo,Egypt,Consumer
2459,Fatima Al Otaibi,F,38,Kuwait City,Al Asimah,Kuwait,Consumer
2460,Daniel Wilson,male,64,assiut,Assiut,Egypt,Consumer
2461,John Brown,M,27,Luxor,Luxor,Egypt,Consumer
2462,Sara Ali,F,38,Giza,Giza,Egypt,Consumer
2463,Hana Nasser,F,59,riyadh,Riyadh,Saudi Arabia,Consumer
2464,Doaa Mansour,Female,63,Cairo,Cairo,Egypt,Consumer
2465,Fahad Abdelrahman,male,56,Suez,Suez,Egypt,Small Business
2466,Ahmed El Sayed,M,63,sharjah,Sharjah,United Arab Emirates,Corporate
2467,Tarek Mostafa  ,male,48,New Cairo,Cairo,Egypt,Consumer
2468,Faisal Fahmy,Male,24,6th of October,Giza,Egypt,Consumer
2469,Omar Nasser,M,19,Dubai,Dubai,United Arab Emirates,Corporate
2470,Faisal Al Harbi,Male,28,new cairo,Cairo,Egypt,Consumer
2471,Ava Jackson,Female,63,KUWAIT CITY,Al Asimah,Kuwait,Small Business
2472,Aya Farouk,F,39,alexandria,Alexandria,Egypt,Consumer
2473,Hassan Al Dosari  ,Male,27,Dubai,Dubai,United Arab Emirates,Consumer
2474,Joseph Taylor,Male,38,jeddah,Makkah,Saudi Arabia,Consumer
2475,Noura Ali,female,27,tanta,Gharbia,Egypt,Corporate 
2476,Thomas Young,M,40,Aswan,Aswan,Egypt,Consumer
2477,Robert Al Harbi,M,49,Dubai,Dubai,United Arab Emirates,Consumer
2478,Faisal Rashad,M,58,CAIRO,Cairo,Egypt,Consumer
2479,Youssef Youssef,Male,28,Zagazig,Sharqia,Egypt,VIP
2480,Mohamed Hassan,male,41,kuwait city,Al Asimah,Kuwait,Small Business
2481,William Scott,Male,29,Giza,Giza,Egypt,Corporate
2482,Robert Saad,Male,36,6th of october,Giza,Egypt,Small Business
2483,Abdullah  Salem,Male,29,Cairo,Cairo,Egypt,Consumer
2484,Ashraf Ibrahim,M,51,cairo,Cairo,Egypt,Consumer
2485,Daniel Jackson,M,50,Sharjah,Sharjah,United Arab Emirates,Consumer
2486,  Farida Gaber,female,33,Mecca,Makkah,Saudi Arabia,Corporate
2487,  Ava Anderson,Female,64,new cairo,Cairo,Egypt,Consumer
2488,Faisal Mahmoud,male,60,Aswan,Aswan,Egypt,Consumer
2489,Ashraf Shalaby,M,64,cairo,Cairo,Egypt, VIP
2490,Mona Saad,female,42,Dubai,Dubai,United Arab Emirates,Corporate
2491,Farida Fahmy,Female,19,Abu Dhabi,Abu Dhabi,United Arab Emirates,VIP
2492,Amr Shalaby,M,49,NEW CAIRO,Cairo,Egypt,Consumer
2493,Sara Mostafa,female,28,Riyadh,Riyadh,Saudi Arabia,Corporate
2494,Salma Ibrahim,female,63,new cairo,Cairo,Egypt,VIP
2495,Andrew Jackson,Male,54,Giza,Giza,Egypt,Small Business
2496,David Wright,Male,29,Riyadh,Riyadh,Saudi Arabia,Consumer
2497,Majed Youssef,M,33,Cairo,Cairo,Egypt,Corporate
2498,Omar Al Qahtani  ,Male,27,cairo,Cairo,Egypt,Consumer
2499,Farida Youssef,female,40,Riyadh,Riyadh,Saudi Arabia,Consumer
2500,john al qahtani,male,19,Cairo,Cairo,Egypt,Small Business
2501,Aya Nasser,female,55,giza,Giza,Egypt,Consumer
2502,Ibrahim Khaled,Male,45,New Cairo,Cairo,Egypt,Consumer
2503,Yasmin Ramadan,F,63,mansoura,Dakahlia,Egypt,Small Business 
2504,Youssef Fahmy,male,26,Cairo,Cairo,Egypt,Consumer
2505,Aya Saad,Female,53,dammam,Eastern Province,Saudi Arabia,Consumer
2506,mostafa nasser,M,57,Dubai,Dubai,United Arab Emirates,Consumer
2507,emily  saad,F,59,riyadh,Riyadh,Saudi Arabia,Corporate
2508,Mia Mahmoud,Female,20,Jeddah,Makkah,Saudi Arabia,Consumer
2509,Abdullah Al Dosari,male,27,ASSIUT,Assiut,Egypt,Small Business
2510,Heba Al Ghamdi,F,56,Cairo,Cairo,Egypt,Corporate
2511,Shaimaa  Nasser,female,49,jeddah,Makkah,Saudi Arabia,Consumer
2512,Grace Youssef,female,18,Alexandria,Alexandria,Egypt,Small Business
2513,Yasmin Mostafa,female,19,Abu Dhabi,Abu Dhabi,United Arab Emirates,Small Business
2514,Noura Ibrahim,Female,47,6th of October,Giza,Egypt,Consumer
2515,Salma Fahmy,F,55,Aswan,Aswan,Egypt,Consumer
2516,Mahmoud Mansour,male,31,ASWAN,Aswan,Egypt,Consumer
2517,William Abdelrahman,male,44,Kuwait City,Al Asimah,Kuwait,Consumer
2518,mahmoud rashad,M,25,Alexandria,Alexandria,Egypt,VIP
2519,Ghada Mahmoud,F,45,Suez,Suez,Egypt,Corporate
2520,Michael Nasser,M,42,Giza,Giza,Egypt,Consumer
2521,Abdullah Fahmy,male,26,doha,Doha,Qatar,Consumer
2522,Thomas Jackson,male,52,ALEXANDRIA,Alexandria,Egypt,Consumer
2523,Olivia Ramadan,F,50,Port Said,Port Said,Egypt,Consumer
2524,Sophia  Smith,F,54,Doha,Doha,Qatar,Consumer
2525,  Sherif Shalaby,M,56,Alexandria,Alexandria,Egypt,Consumer
2526,James Fahmy,male,59,JEDDAH,Makkah,Saudi Arabia,Consumer
2527,Ibrahim Al Qahtani,Male,50,cairo,Cairo,Egypt,Corporate
2528,Thomas Lewis,Male,58,ALEXANDRIA,Alexandria,Egypt,Small Business
2529,Farida Al Otaibi,female,30,cairo,Cairo,Egypt,Small Business
2530,Mohamed Youssef,Male,22,Luxor,Luxor,Egypt,Consumer
2531,latifa al ghamdi,Female,65,Dubai,Dubai,United Arab Emirates,Small Business
2532,Mahmoud Al Dosari,Male,63,Alexandria,Alexandria,Egypt,Small Business
2533,Amira Rashad,Female,58,jeddah,Makkah,Saudi Arabia,Consumer
2534,Ashraf Hassan,male,40,riyadh,Riyadh,Saudi Arabia,Small Business
2535,HESSA GABER,F,37,New Cairo,Cairo,Egypt,Corporate
2536,  Grace Miller,Female,36,Port Said,Port Said,Egypt,Consumer
2537,Mia  Miller,female,37,Cairo,Cairo,Egypt,Small Business
2538,Sophia Smith,F,30,6th of october,Giza,Egypt,Small Business
2539,Robert Wright,Male,39,Alexandria,Alexandria,Egypt,Corporate
2540,Omar Zaki,M,59,CAIRO,Cairo,Egypt,Consumer
2541,Youssef Nasser  ,male,57,ALEXANDRIA,Alexandria,Egypt,Corporate
2542,Karim Gaber,M,48,CAIRO,Cairo,Egypt,Corporate
2543,Abdullah Mansour,Male,51,CAIRO,Cairo,Egypt,Consumer
2544,salma al qahtani,Female,54,6th of October,Giza,Egypt,Corporate
2545,Nasser El Sayed,male,39,ismailia,Ismailia,Egypt,Small Business
2546,Sophia Hall,F,48,Medina,Al Madinah,Saudi Arabia,Consumer
2547,Hossam Abdelrahman,M,18,new cairo,Cairo,Egypt,Consumer
2548,Thomas  Farouk,male,61,Riyadh,Riyadh,Saudi Arabia,Consumer
2549,Karim Al Qahtani,male,36,ALEXANDRIA,Alexandria,Egypt,Consumer
2550,William Wright,Male,45,Tanta,Gharbia,Egypt,Corporate
2551,Farida Rashad  ,F,38,new cairo,Cairo,Egypt,Consumer
2552,nour zaki,F,28,dammam,Eastern Province,Saudi Arabia,Consumer
2553,Hassan Youssef,male,55,ALEXANDRIA,Alexandria,Egypt,Consumer
2554,Sophia Scott,Female,26,Ismailia,Ismailia,Egypt,Small Business
2555,Hassan Shalaby,Male,23,Jeddah,Makkah,Saudi Arabia,Consumer
2556,Yasmin Al Harbi,female,52,cairo,Cairo,Egypt,Corporate
2557,Isabella  Wilson,Female,39,Cairo,Cairo,Egypt,Corporate
2558,Amelia Taylor  ,Female,23,Dubai,Dubai,United Arab Emirates,Consumer
2559,Charlotte Taylor  ,female,20,Zagazig,Sharqia,Egypt,Consumer
2560,Sara Mahmoud  ,Female,43,Giza,Giza,Egypt,Corporate
2561,Faisal Shalaby,Male,52,Kuwait City,Al Asimah,Kuwait,Consumer
2562,Hessa Rashad,F,40,Cairo,Cairo,Egypt,Consumer
2563,Mohamed Ramadan,Male,27,Alexandria,Alexandria,Egypt,Consumer
2564,David Gaber,Male,43,ASSIUT,Assiut,Egypt,Consumer
2565,SAMEH SAAD,Male,58,NEW CAIRO,Cairo,Egypt,VIP
2566,Ahmed Zaki,M,52,New Cairo,Cairo,Egypt,Small Business
2567,Fahad Al Ghamdi,male,58,Alexandria,Alexandria,Egypt,Corporate
2568,William Saad,male,41,tanta,Gharbia,Egypt,VIP
2569,Michael Mansour,M,54,Giza,Giza,Egypt,Small Business
2570,Fahad Gaber,male,48,Medina,Al Madinah,Saudi Arabia,VIP
2571,Ghada Gaber,F,31,New Cairo,Cairo,Egypt,VIP
2572,  Sophia Miller,Female,56,Suez,Suez,Egypt,Small Business
2573,Aya Al Otaibi,F,43,Doha,Doha,Qatar,Consumer
2574,Hossam Abdelrahman,M,28,Mansoura,Dakahlia,Egypt,Consumer
2575,Ibrahim Abdelrahman,M,49,Dubai,Dubai,United Arab Emirates,Consumer
2576,Sultan Al Otaibi,M,36,Luxor,Luxor,Egypt,VIP
2577,Mohamed Hassan,male,65,Dubai,Dubai,United Arab Emirates,Consumer
2578,Mariam Al Qahtani,Female,51,alexandria,Alexandria,Egypt,Consumer
2579,Farida Mostafa,Female,28,Tanta,Gharbia,Egypt,Consumer
2580,Hana Ali,Female,61,Cairo,Cairo,Egypt,Consumer
2581,Hassan Ibrahim,Male,43,Alexandria,Alexandria,Egypt,Consumer
2582,Fatima Al Qahtani,F,19,Dubai,Dubai,United Arab Emirates,Consumer
2583,John Mahmoud,male,46,Doha,Doha,Qatar,Consumer
2584,Mostafa Al Otaibi,M,26,port said,Port Said,Egypt, Consumer
2585,Mona El Sayed,Female,21,ABU DHABI,Abu Dhabi,United Arab Emirates,Small Business
2586,Mahmoud Youssef,M,61,Cairo,Cairo,Egypt,VIP
2587,Wael Abdelrahman,M,22,Cairo,Cairo,Egypt, Small Business
2588,Hossam Rashad  ,Male,39,Jeddah,Makkah,Saudi Arabia,Consumer
2589,Sophia Scott,Female,52,RIYADH,Riyadh,Saudi Arabia,Consumer
2590,ROBERT RAMADAN,male,28,abu dhabi,Abu Dhabi,United Arab Emirates,Small Business
2591,Tarek Mahmoud,male,36,zagazig,Sharqia,Egypt,Corporate
2592,James Brown,M,19,Alexandria,Alexandria,Egypt,Consumer
2593,Latifa Hassan,F,44,CAIRO,Cairo,Egypt,Consumer
2594,Doaa Fahmy,F,48,Tanta,Gharbia,Egypt,Consumer
2595,Emma Al Ghamdi,F,63,Sharjah,Sharjah,United Arab Emirates,Small Business
2596,Doaa El Sayed,Female,62,Kuwait City,Al Asimah,Kuwait,Consumer
2597,Mohamed Ramadan,Male,30,Cairo,Cairo,Egypt,Small Business
2598,Nada Mostafa,F,22,giza,Giza,Egypt,Consumer
2599,Mia Jackson,Female,60,assiut,Assiut,Egypt,Small Business
2600,AHMED AL GHAMDI,M,33,mecca,Makkah,Saudi Arabia,Consumer
2601,Noura Mansour,F,50,New Cairo,Cairo,Egypt,Consumer
2602,Majed Ibrahim,M,19,Abu Dhabi,Abu Dhabi,United Arab Emirates, VIP
2603,Hassan Khaled,male,46,GIZA,Giza,Egypt,Consumer
2604,Sameh Zaki,male,20,Riyadh,Riyadh,Saudi Arabia,Small Business
2605,Latifa Salem,female,46,ALEXANDRIA,Alexandria,Egypt,Corporate
2606,Ava Shalaby,F,57,Medina,Al Madinah,Saudi Arabia,Corporate
2607,Hassan Nasser,Male,52,Doha,Doha,Qatar,Consumer
2608,tarek rashad,male,38,Cairo,Cairo,Egypt,Consumer
2609,Hossam Salem,male,43,6th of October,Giza,Egypt,Corporate
2610,Nada Nasser,F,51,RIYADH,Riyadh,Saudi Arabia,Corporate
2611,Sultan Mostafa,Male,43,tanta,Gharbia,Egypt,Consumer
2612,Nour Fahmy,Female,51,Giza,Giza,Egypt,Small Business
2613,REEM MANSOUR,F,45,RIYADH,Riyadh,Saudi Arabia,Consumer
2614,Amr Mansour,M,26,Ismailia,Ismailia,Egypt,Consumer
2615,Amr Mostafa,M,39,zagazig,Sharqia,Egypt, Small Business
2616,Doaa Nasser,F,59,RIYADH,Riyadh,Saudi Arabia,Small Business
2617,Joseph Walker,M,39,New Cairo,Cairo,Egypt,Small Business
2618,Karim Ibrahim,M,54,Sharjah,Sharjah,United Arab Emirates,Corporate
2619,  Bilal Ramadan,Male,59,Giza,Giza,Egypt,Consumer
2620,Aisha Zaki,F,57,Cairo,Cairo,Egypt,Consumer
2621,Mariam Al Dosari,female,37,Kuwait City,Al Asimah,Kuwait,Consumer
2622,Thomas Ali  ,M,65,6TH OF OCTOBER,Giza,Egypt,Consumer
2623,Joseph Davis  ,male,25,Riyadh,Riyadh,Saudi Arabia,Corporate
2624,Omar Al Dosari,male,23,cairo,Cairo,Egypt,Corporate
2625,Menna Mostafa,female,48,Cairo,Cairo,Egypt,Consumer
2626,Thomas Taylor,Male,60,Cairo,Cairo,Egypt,Consumer
2627,Robert Jackson,male,38,DUBAI,Dubai,United Arab Emirates,Corporate
2628,Ashraf Zaki,male,31,Suez,Suez,Egypt,Consumer
2629,David Khaled,M,49,Alexandria,Alexandria,Egypt,Consumer
2630,Joseph El Sayed,M,18,NEW CAIRO,Cairo,Egypt,VIP
2631,Aisha Shalaby,F,42,Cairo,Cairo,Egypt, Consumer
2632,Hossam  Shalaby,Male,47,Cairo,Cairo,Egypt,Consumer
2633,Mahmoud Rashad  ,Male,64,New Cairo,Cairo,Egypt,Corporate
2634,Nasser Mansour,M,54,Jeddah,Makkah,Saudi Arabia,Consumer
2635,Omar Fahmy,Male,22,Riyadh,Riyadh,Saudi Arabia,Small Business
2636,  Ghada Nasser,F,24,port said,Port Said,Egypt,Corporate
2637,Omar Rashad,Male,18,Tanta,Gharbia,Egypt,VIP
2638,Sameh Al Harbi,M,48,Dubai,Dubai,United Arab Emirates,Consumer
2639,Sultan Al Harbi,male,34,jeddah,Makkah,Saudi Arabia,Consumer
2640,Reem Al Dosari,Female,49,doha,Doha,Qatar,Consumer
2641,Dina Nasser,female,57,Dubai,Dubai,United Arab Emirates,Consumer
2642,Grace Anderson,F,47,abu dhabi,Abu Dhabi,United Arab Emirates,Consumer
2643,Ali Al Dosari,male,48,Jeddah,Makkah,Saudi Arabia,Corporate
2644,Abdullah Ramadan,Male,54,RIYADH,Riyadh,Saudi Arabia,Consumer
2645,Faisal Nasser,male,47,6th of october,Giza,Egypt,Corporate
2646,Fatima Al Ghamdi,F,49,New Cairo,Cairo,Egypt,Corporate
2647,Hossam Mostafa  ,Male,65,Cairo,Cairo,Egypt,Corporate
2648,Doaa Abdelrahman,Female,57,medina,Al Madinah,Saudi Arabia,Corporate
2649,Fahad Mahmoud,Male,62,Doha,Doha,Qatar,Consumer
2650,Sherif Youssef,Male,47,SUEZ,Suez,Egypt,Corporate
2651,Youssef Farouk,Male,18,ALEXANDRIA,Alexandria,Egypt,Corporate
2652,Fahad  Mansour,male,24,dammam,Eastern Province,Saudi Arabia,Consumer
2653,Hessa Youssef,female,60,Jeddah,Makkah,Saudi Arabia,Consumer
2654,Ava Miller,Female,22,Aswan,Aswan,Egypt,Small Business
2655,Yasmin Abdelrahman,female,18,Dammam,Eastern Province,Saudi Arabia,Consumer
2656,Michael Anderson,M,31,Jeddah,Makkah,Saudi Arabia, Consumer
2657,Abdullah Al Dosari,M,51,Suez,Suez,Egypt,Consumer
2658,Emily Walker,Female,18,Giza,Giza,Egypt,Small Business
2659,  TAREK HASSAN,M,65,CAIRO,Cairo,Egypt,Consumer
2660,Reem Ali,F,40,cairo,Cairo,Egypt,Consumer
2661,Faisal Zaki,male,42,Cairo,Cairo,Egypt,VIP
2662,aisha el sayed,F,53,Aswan,Aswan,Egypt,Small Business
2663,Ghada Zaki,F,33,Jeddah,Makkah,Saudi Arabia,Consumer
2664,Emma Ali,female,56,ALEXANDRIA,Alexandria,Egypt,Small Business
2665,Joseph King,male,24,GIZA,Giza,Egypt,Consumer
2666,Hassan Ibrahim,M,21,New Cairo,Cairo,Egypt,Corporate
2667,Mahmoud  Ibrahim,male,53,DUBAI,Dubai,United Arab Emirates,Corporate
2668,Sultan  Mansour,male,34,dubai,Dubai,United Arab Emirates,Consumer
2669,GRACE SAAD  ,female,24,Alexandria,Alexandria,Egypt,Consumer
2670,Faisal  Hassan,M,22,Cairo,Cairo,Egypt,Consumer
2671,Nada Al Harbi,F,23,New Cairo,Cairo,Egypt,Consumer
2672,Fahad Saad,M,19,Dubai,Dubai,United Arab Emirates,Consumer
2673,Mia Anderson,F,42,Mansoura,Dakahlia,Egypt,Small Business
2674,Ghada Zaki,Female,48,Cairo,Cairo,Egypt, Small Business
2675,  Andrew Fahmy,male,39,alexandria,Alexandria,Egypt,Consumer
2676,charlotte moore,F,36,cairo,Cairo,Egypt,Consumer
2677,Omar  Al Qahtani,Male,60,ASSIUT,Assiut,Egypt,Corporate
2678,Hossam Mansour,Male,57,New Cairo,Cairo,Egypt,Consumer
2679,Charlotte Brown,F,57,Riyadh,Riyadh,Saudi Arabia,Consumer
2680,Tarek Ibrahim  ,M,55,Suez,Suez,Egypt,Corporate
2681,Ashraf Hassan,male,25,Cairo,Cairo,Egypt,Consumer
2682,Charlotte Clark,female,63,Giza,Giza,Egypt,Corporate
2683,Hessa Farouk,F,32,Dubai,Dubai,United Arab Emirates,Consumer
2684,Mahmoud Rashad,M,44,Cairo,Cairo,Egypt,Corporate
2685,Amelia Martin,Female,50,Doha,Doha,Qatar,Corporate
2686,  farida rashad,Female,61,Cairo,Cairo,Egypt,Corporate
2687,Heba Mostafa,female,22,Alexandria,Alexandria,Egypt,Consumer
2688,David Zaki,M,50,jeddah,Makkah,Saudi Arabia,Consumer
2689,NASSER ALI,male,47,ABU DHABI,Abu Dhabi,United Arab Emirates,Consumer
2690,Noura Abdelrahman,F,25,ZAGAZIG,Sharqia,Egypt,Consumer
2691,Mona Shalaby,F,52,giza,Giza,Egypt,Consumer
2692,Isabella Ramadan,F,45,Alexandria,Alexandria,Egypt,VIP
2693,Hessa Saad,female,57,6th of october,Giza,Egypt,Consumer
2694,Menna Shalaby,F,42,MANSOURA,Dakahlia,Egypt,Small Business
2695,Ahmed  Youssef,M,29,New Cairo,Cairo,Egypt,Consumer
2696,Fatima  Ramadan,F,52,Tanta,Gharbia,Egypt,Consumer
2697,John  Ibrahim,male,25,Alexandria,Alexandria,Egypt,Corporate
2698,John Miller,male,26,Riyadh,Riyadh,Saudi Arabia,Consumer
2699,Ahmed Hassan,Male,41,Medina,Al Madinah,Saudi Arabia,VIP
2700,James  Anderson,Male,62,giza,Giza,Egypt,Consumer
2701,Fahad Salem,Male,34,Ismailia,Ismailia,Egypt,Consumer
2702,Mia Smith,female,61,Cairo,Cairo,Egypt,Consumer
2703,Fahad Nasser,Male,65,aswan,Aswan,Egypt,Consumer
2704,DANIEL NASSER,Male,65,Medina,Al Madinah,Saudi Arabia,Consumer
2705,  Dina Youssef,Female,47,Aswan,Aswan,Egypt,Consumer
2706,Emma Lewis,female,46,Luxor,Luxor,Egypt,Consumer
2707,MONA AL OTAIBI,female,38,Doha,Doha,Qatar,Consumer
2708,Fahad Mansour,M,38,Giza,Giza,Egypt, Consumer
2709,Yasmin Al Harbi,F,58,Kuwait City,Al Asimah,Kuwait,Corporate
2710,Mahmoud Nasser,M,57,CAIRO,Cairo,Egypt,Small Business
2711,Reem Ali,Female,50,Riyadh,Riyadh,Saudi Arabia,Consumer
2712,Amr Mahmoud,male,63,Alexandria,Alexandria,Egypt,VIP
2713,Andrew Walker,M,34,giza,Giza,Egypt,Corporate
2714,Faisal Zaki,Male,32,Alexandria,Alexandria,Egypt,Consumer
2715,amelia mahmoud,female,53,Luxor,Luxor,Egypt, Corporate
2716,omar hassan,M,61,alexandria,Alexandria,Egypt,Corporate
2717,Nada Farouk,female,26,Dubai,Dubai,United Arab Emirates,Consumer
2718,Grace Martin,Female,26,Medina,Al Madinah,Saudi Arabia,Consumer
2719,Grace  Young,female,20,Aswan,Aswan,Egypt,Small Business
2720,Michael  Shalaby,male,33,Alexandria,Alexandria,Egypt,Consumer
2721,Hassan Salem,Male,20,6th of october,Giza,Egypt,Corporate
2722,Olivia El Sayed,F,21,Cairo,Cairo,Egypt,Small Business
2723,Khaled El Sayed,male,26,Alexandria,Alexandria,Egypt, Consumer
2724,nada zaki,Female,39,Giza,Giza,Egypt,Small Business
2725,James Ali,male,37,Tanta,Gharbia,Egypt,Consumer
2726,Sophia Hassan,Female,32,dammam,Eastern Province,Saudi Arabia,Consumer
2727,sameh ramadan,male,38,Cairo,Cairo,Egypt,Consumer
2728,Hessa Shalaby,F,52,Sharjah,Sharjah,United Arab Emirates,Small Business
2729,Grace Anderson,female,55,Mecca,Makkah,Saudi Arabia,Corporate
2730,Mostafa Shalaby,male,18,New Cairo,Cairo,Egypt,Consumer
2731,Reem Al Harbi,Female,41,Alexandria,Alexandria,Egypt,Corporate
2732,Menna Al Qahtani,F,33,Tanta,Gharbia,Egypt,Consumer
2733,Majed Khaled,Male,41,Dubai,Dubai,United Arab Emirates,Consumer
2734,Mia Clark,Female,59,New Cairo,Cairo,Egypt,Consumer
2735,Hana Khaled,female,41,6th of October,Giza,Egypt,VIP
2736,Aya Al Harbi,F,21,kuwait city,Al Asimah,Kuwait,Consumer 
2737,Wael Mahmoud,M,36,Mansoura,Dakahlia,Egypt, Small Business
2738,Youssef Zaki,M,63,medina,Al Madinah,Saudi Arabia,Small Business
2739,Ibrahim Al Dosari,Male,45,GIZA,Giza,Egypt,Consumer
2740,Sherif Al Ghamdi,Male,61,ABU DHABI,Abu Dhabi,United Arab Emirates,Consumer
2741,Robert Johnson,Male,65,Dammam,Eastern Province,Saudi Arabia,Consumer 
2742,Menna Hassan,F,32,port said,Port Said,Egypt,Small Business
2743,Mohamed Al Ghamdi  ,Male,21,giza,Giza,Egypt,VIP
2744,Ava Nasser,female,65,6TH OF OCTOBER,Giza,Egypt,Small Business
2745,Doaa Al Harbi,F,47,Dubai,Dubai,United Arab Emirates,Consumer
2746,Aya Rashad,female,59,riyadh,Riyadh,Saudi Arabia,VIP
2747,Aisha Abdelrahman,F,35,alexandria,Alexandria,Egypt,Small Business
2748,Sultan Youssef,Male,37,Suez,Suez,Egypt,Consumer
2749,Karim Al Qahtani,male,59,Mansoura,Dakahlia,Egypt,Corporate
2750,noura mansour  ,F,58,Doha,Doha,Qatar,Consumer
2751,Mostafa Salem,Male,21,RIYADH,Riyadh,Saudi Arabia,Consumer
2752,Emma Thomas,Female,27,Cairo,Cairo,Egypt,VIP
2753,Karim Farouk,Male,37,giza,Giza,Egypt,Consumer
2754,Mostafa Mostafa,M,29,Cairo,Cairo,Egypt,VIP 
2755,Aya Al Otaibi,Female,37,Giza,Giza,Egypt,Consumer
2756,Sherif Salem,Male,52,New Cairo,Cairo,Egypt,Consumer
2757,  Sameh Ali,male,52,Riyadh,Riyadh,Saudi Arabia,Consumer
2758,Noura Nasser,Female,63,dammam,Eastern Province,Saudi Arabia,Corporate
2759,Robert Shalaby,M,27,CAIRO,Cairo,Egypt,Consumer
2760,William Hall,male,36,Giza,Giza,Egypt,Consumer
2761,Noura Al Harbi,female,28,Luxor,Luxor,Egypt,Consumer
2762,Mariam  Zaki,Female,29,Riyadh,Riyadh,Saudi Arabia, Small Business
2763,Nasser Nasser,M,28,Jeddah,Makkah,Saudi Arabia, Small Business
2764,Tarek Al Harbi,male,40,Tanta,Gharbia,Egypt,Corporate
2765,KHALED GABER,Male,61,giza,Giza,Egypt,Consumer
2766,Charlotte Taylor,Female,42,Dammam,Eastern Province,Saudi Arabia,Consumer
2767,Tarek Fahmy,male,51,Giza,Giza,Egypt,Consumer
2768,Nour Ali,female,45,alexandria,Alexandria,Egypt,VIP
2769,Ahmed Al Otaibi,male,53,Jeddah,Makkah,Saudi Arabia,Corporate
2770,Sherif Ramadan,M,44,new cairo,Cairo,Egypt,VIP
2771,Amelia Fahmy,F,41,New Cairo,Cairo,Egypt,Consumer
2772,Latifa Khaled,F,41,TANTA,Gharbia,Egypt,Consumer
2773,David Al Qahtani,Male,62,Dammam,Eastern Province,Saudi Arabia,Consumer
2774,Andrew Fahmy,M,28,Luxor,Luxor,Egypt,Consumer
2775,Mariam Al Harbi,Female,64,Cairo,Cairo,Egypt,Consumer
2776,Ashraf Khaled,M,32,jeddah,Makkah,Saudi Arabia,Corporate
2777,Heba Abdelrahman,female,33,Jeddah,Makkah,Saudi Arabia, Consumer
2778,Hessa Rashad,Female,37,mecca,Makkah,Saudi Arabia,Consumer
2779,Rana Ramadan,F,38,NEW CAIRO,Cairo,Egypt,Consumer
2780,WAEL AL QAHTANI,male,36,Doha,Doha,Qatar,Consumer
2781,bilal khaled,male,40,Cairo,Cairo,Egypt,Small Business
2782,Sara Mansour,F,19,Cairo,Cairo,Egypt,Consumer
2783,Charlotte Clark,Female,47,luxor,Luxor,Egypt,Consumer
2784,Ahmed Zaki,Male,60,Riyadh,Riyadh,Saudi Arabia,Corporate
2785,Robert Martin,Male,25,Suez,Suez,Egypt,Small Business
2786,David Mahmoud,male,62,Suez,Suez,Egypt,Small Business
2787,Ahmed Shalaby,M,61,Alexandria,Alexandria,Egypt,Consumer
2788,Sophia  Clark,female,49,Cairo,Cairo,Egypt,Consumer
2789,HOSSAM ABDELRAHMAN,Male,52,Medina,Al Madinah,Saudi Arabia,Consumer
2790,  Sophia Jackson,female,40,RIYADH,Riyadh,Saudi Arabia,Consumer
2791,REEM AL DOSARI,F,26,6TH OF OCTOBER,Giza,Egypt,Corporate
2792,Bilal El Sayed,male,49,ISMAILIA,Ismailia,Egypt,Consumer
2793,FAISAL KHALED,Male,64,Dubai,Dubai,United Arab Emirates,Consumer
2794,Hassan Ramadan,Male,53,Giza,Giza,Egypt,Corporate
2795,Farida Ibrahim,female,50,6th of October,Giza,Egypt,Corporate
2796,Aya Ramadan,female,54,SUEZ,Suez,Egypt,Small Business
2797,DOAA YOUSSEF  ,Female,23,medina,Al Madinah,Saudi Arabia,Consumer
2798,Emily Mansour,Female,58,Jeddah,Makkah,Saudi Arabia,VIP
2799,Mahmoud Khaled,M,45,Cairo,Cairo,Egypt,Consumer
2800,Amr Mahmoud,M,28,new cairo,Cairo,Egypt,Small Business
2801,Ava Ibrahim,F,52,Kuwait City,Al Asimah,Kuwait,Consumer
2802,Bilal Farouk,male,49,NEW CAIRO,Cairo,Egypt,Corporate
2803,Nada Gaber,F,41,Mecca,Makkah,Saudi Arabia,Corporate
2804,Amr Ibrahim,male,20,doha,Doha,Qatar,Consumer
2805,Faisal El Sayed  ,Male,36,abu dhabi,Abu Dhabi,United Arab Emirates,Small Business
2806,MICHAEL EL SAYED,Male,49,riyadh,Riyadh,Saudi Arabia,Consumer
2807,Mariam Shalaby,F,35,mansoura,Dakahlia,Egypt,Corporate
2808,Ali Al Otaibi,Male,54,Cairo,Cairo,Egypt,Consumer
2809,Joseph Johnson,Male,38,cairo,Cairo,Egypt,Consumer
2810,Farida Abdelrahman,female,36,Jeddah,Makkah,Saudi Arabia,Corporate 
2811,  Isabella Hall,Female,48,Suez,Suez,Egypt,Consumer
2812,Emma Mostafa,female,32,Alexandria,Alexandria,Egypt,VIP
2813,Salma Mahmoud,F,30,Sharjah,Sharjah,United Arab Emirates,Consumer
2814,Laila Rashad,F,29,Mansoura,Dakahlia,Egypt, Corporate
2815,Sultan Gaber,M,23,6th of October,Giza,Egypt,VIP
2816,ANDREW MARTIN  ,male,34,Dubai,Dubai,United Arab Emirates,Consumer
2817,Yasmin El Sayed,F,23,Dubai,Dubai,United Arab Emirates,Consumer
2818,Amr Al Harbi,male,21,GIZA,Giza,Egypt,Consumer
2819,  Andrew Al Qahtani,M,55,riyadh,Riyadh,Saudi Arabia,Consumer
2820,David Scott,Male,57,Tanta,Gharbia,Egypt,Consumer
2821,Robert Smith,M,33,Jeddah,Makkah,Saudi Arabia,VIP
2822,Amelia Anderson,F,27,Riyadh,Riyadh,Saudi Arabia,Corporate
2823,mahmoud al harbi,M,47,Cairo,Cairo,Egypt,VIP
2824,Ava Fahmy,F,21,Riyadh,Riyadh,Saudi Arabia,Consumer
2825,FATIMA GABER,Female,41,Giza,Giza,Egypt,Consumer
2826,Amr Mostafa,M,35,riyadh,Riyadh,Saudi Arabia,Corporate
2827,  Hessa Al Otaibi,female,35,Giza,Giza,Egypt,Corporate
2828,Hana El Sayed,female,59,new cairo,Cairo,Egypt,Corporate
2829,John Mahmoud,M,28,Luxor,Luxor,Egypt,VIP
2830,  HESSA FAROUK,Female,63,giza,Giza,Egypt,Consumer
2831,Amr Shalaby,Male,28,Riyadh,Riyadh,Saudi Arabia,Corporate
2832,  Ahmed Hassan,M,43,New Cairo,Cairo,Egypt,Corporate
2833,Hessa Fahmy,Female,22,Riyadh,Riyadh,Saudi Arabia,VIP
2834,  Mostafa Mostafa,male,51,6th of October,Giza,Egypt,Consumer
2835,MOSTAFA AL HARBI,M,59,cairo,Cairo,Egypt,Small Business
2836,Karim Al Ghamdi,male,54,dubai,Dubai,United Arab Emirates,Consumer 
2837,  Sara Al Qahtani,female,45,Cairo,Cairo,Egypt,Corporate
2838,Shaimaa Abdelrahman,female,24,cairo,Cairo,Egypt,Corporate
2839,Amelia King,F,48,6th of October,Giza,Egypt,Consumer
2840,Aisha Ali,Female,19,Zagazig,Sharqia,Egypt,Corporate
2841,Rana Ibrahim,female,26,Alexandria,Alexandria,Egypt,Corporate
2842,Olivia Youssef,Female,40,Cairo,Cairo,Egypt,Small Business
2843,Emma Al Qahtani  ,female,29,Suez,Suez,Egypt,Small Business
2844,Mariam El Sayed,female,22,Port Said,Port Said,Egypt,VIP
2845,Heba Ibrahim,F,33,Zagazig,Sharqia,Egypt,Consumer
2846,Joseph Miller,M,50,Luxor,Luxor,Egypt,Corporate
2847,Shaimaa Fahmy,female,64,doha,Doha,Qatar,Corporate
2848,Mariam Ramadan,female,29,KUWAIT CITY,Al Asimah,Kuwait,Small Business
2849,Joseph Gaber,M,50,Cairo,Cairo,Egypt,Consumer
2850,Daniel Miller,M,61,GIZA,Giza,Egypt,Consumer
2851,Olivia Jackson,F,38,Cairo,Cairo,Egypt,Corporate
2852,Khaled Al Harbi,Male,32,Dubai,Dubai,United Arab Emirates,Consumer
2853,Khaled Saad,male,29,Jeddah,Makkah,Saudi Arabia,Corporate
2854,nada al otaibi,Female,50,GIZA,Giza,Egypt,Consumer
2855,Sameh Abdelrahman,male,53,abu dhabi,Abu Dhabi,United Arab Emirates,Consumer
2856,Nasser Al Ghamdi,M,40,Kuwait City,Al Asimah,Kuwait,Consumer
2857,Heba Hassan  ,F,49,New Cairo,Cairo,Egypt,Consumer
2858,Menna Saad,female,54,6th of october,Giza,Egypt,Consumer
2859,Fatima Al Qahtani,F,21,riyadh,Riyadh,Saudi Arabia,Consumer
2860,Shaimaa Rashad,Female,34,Cairo,Cairo,Egypt,Consumer
2861,Olivia Miller,female,51,cairo,Cairo,Egypt,Small Business
2862,Latifa Ali,female,60,abu dhabi,Abu Dhabi,United Arab Emirates,Consumer
2863,Hessa El Sayed,F,63,Cairo,Cairo,Egypt,Consumer
2864,Bilal Mansour,Male,58,Tanta,Gharbia,Egypt, Consumer
2865,Nour Al Harbi  ,female,65,Suez,Suez,Egypt,Corporate
2866,Aisha Rashad,Female,61,Aswan,Aswan,Egypt,Consumer
2867,Sophia Rashad  ,Female,64,cairo,Cairo,Egypt,Consumer
2868,  Nour Saad,F,46,GIZA,Giza,Egypt,Corporate
2869,Ali Al Harbi,male,39,Riyadh,Riyadh,Saudi Arabia,Corporate
2870,John  Rashad,Male,41,6th of October,Giza,Egypt,Corporate
2871,Doaa Al Ghamdi,Female,52,Mansoura,Dakahlia,Egypt,VIP
2872,Amira Fahmy,F,32,cairo,Cairo,Egypt,Corporate
2873,Michael Walker,M,52,riyadh,Riyadh,Saudi Arabia,Small Business
2874,Sophia Johnson,F,51,6th of October,Giza,Egypt,Small Business
2875,Mia Mahmoud,female,23,Luxor,Luxor,Egypt,Small Business
2876,Fatima Nasser,Female,42,CAIRO,Cairo,Egypt,Consumer
2877,RANA SALEM,Female,62,6th of October,Giza,Egypt,Corporate
2878,  SHERIF ABDELRAHMAN,Male,50,Zagazig,Sharqia,Egypt,Corporate
2879,Mohamed Mansour,M,29,Dubai,Dubai,United Arab Emirates,Consumer
2880,hessa  el sayed,F,23,mecca,Makkah,Saudi Arabia,Consumer
2881,Michael Lewis,M,59,DOHA,Doha,Qatar,Corporate
2882,Ashraf Shalaby,male,31,Jeddah,Makkah,Saudi Arabia,Corporate
2883,Youssef Salem,male,35,Cairo,Cairo,Egypt,Consumer
2884,Robert Ramadan,Male,45,Mecca,Makkah,Saudi Arabia,Consumer
2885,Grace Shalaby,female,41,medina,Al Madinah,Saudi Arabia,Consumer
2886,Heba Shalaby,female,37,Tanta,Gharbia,Egypt,Consumer
2887,David Hall,M,60,TANTA,Gharbia,Egypt, Consumer
2888,Mohamed Youssef  ,M,42,Alexandria,Alexandria,Egypt,Consumer
2889,Ali Mahmoud,Male,31,Dammam,Eastern Province,Saudi Arabia,Consumer
2890,Sameh Nasser,male,34,new cairo,Cairo,Egypt,VIP
2891,mia taylor,Female,24,dammam,Eastern Province,Saudi Arabia,Small Business 
2892,Ali Gaber,M,42,alexandria,Alexandria,Egypt,Small Business
2893,Yasmin Al Ghamdi,F,20,mansoura,Dakahlia,Egypt,Consumer
2894,MICHAEL BROWN,Male,27,ALEXANDRIA,Alexandria,Egypt,Small Business
2895,  William Lewis,Male,60,riyadh,Riyadh,Saudi Arabia,Corporate
2896,thomas salem,M,64,Luxor,Luxor,Egypt,Consumer
2897,Mostafa Rashad,M,61,DOHA,Doha,Qatar,Consumer
2898,Farida Hassan,Female,62,Dubai,Dubai,United Arab Emirates,Corporate
2899,Tarek Al Otaibi,male,39,assiut,Assiut,Egypt,Consumer
2900,Michael Rashad,Male,26,Alexandria,Alexandria,Egypt,Consumer
2901,NADA AL QAHTANI,female,31,Suez,Suez,Egypt,Small Business
2902,Khaled Ibrahim,male,19,Cairo,Cairo,Egypt,Small Business
2903,Shaimaa Ramadan,female,50,sharjah,Sharjah,United Arab Emirates,Consumer
2904,Rana Rashad,F,51,sharjah,Sharjah,United Arab Emirates,Consumer
2905,Mohamed  El Sayed,male,61,ismailia,Ismailia,Egypt,Corporate
2906,Emily Ibrahim,F,36,Sharjah,Sharjah,United Arab Emirates,Consumer
2907,Khaled Al Qahtani,male,39,Assiut,Assiut,Egypt,Consumer 
2908,Bilal Mostafa,M,56,New Cairo,Cairo,Egypt,Small Business
2909,Nasser Farouk,Male,34,riyadh,Riyadh,Saudi Arabia,Consumer
2910,Bilal Mahmoud,male,55,Kuwait City,Al Asimah,Kuwait,Consumer
2911,Tarek Ibrahim,Male,40,Jeddah,Makkah,Saudi Arabia,Small Business
2912,Doaa Fahmy,Female,48,sharjah,Sharjah,United Arab Emirates,Corporate
2913,Mostafa  Salem,M,35,Zagazig,Sharqia,Egypt,Corporate
2914,Fatima Al Qahtani,Female,44,suez,Suez,Egypt,Corporate
2915,John Wright,male,49,ZAGAZIG,Sharqia,Egypt,Consumer
2916,Ghada Al Dosari,female,60,Tanta,Gharbia,Egypt,Consumer
2917,Sherif Gaber,M,64,Cairo,Cairo,Egypt,Small Business
2918,Tarek Fahmy,male,35,Port Said,Port Said,Egypt,Consumer
2919,Charlotte Miller,Female,21,dubai,Dubai,United Arab Emirates,Consumer
2920,James Youssef,male,45,Sharjah,Sharjah,United Arab Emirates,Small Business
2921,Tarek Hassan,Male,52,DOHA,Doha,Qatar,Consumer
2922,Dina Rashad,Female,42,Aswan,Aswan,Egypt, Corporate
2923,  Doaa Fahmy,female,29,Cairo,Cairo,Egypt,Consumer
2924,Sultan Gaber,male,58,alexandria,Alexandria,Egypt,Corporate
2925,Amr Shalaby,male,22,Ismailia,Ismailia,Egypt,Corporate
2926,Sophia Smith,F,32,DUBAI,Dubai,United Arab Emirates,Consumer
2927,Hossam Salem,M,57,Giza,Giza,Egypt,Corporate
2928,Aya Saad,Female,64,Abu Dhabi,Abu Dhabi,United Arab Emirates,Small Business
2929,Emma Nasser,female,28,medina,Al Madinah,Saudi Arabia,Corporate
2930,Youssef Ibrahim,M,57,DUBAI,Dubai,United Arab Emirates,Consumer
2931,Michael Farouk,Male,34,ALEXANDRIA,Alexandria,Egypt,Consumer
2932,tarek al dosari,Male,46,ASSIUT,Assiut,Egypt,Consumer
2933,Emma Davis,Female,39,Cairo,Cairo,Egypt,Consumer
2934,Ghada Rashad,Female,32,Alexandria,Alexandria,Egypt,Consumer
2935,Abdullah Ali,male,45,Sharjah,Sharjah,United Arab Emirates,Consumer
2936,Hana Farouk,female,35,Jeddah,Makkah,Saudi Arabia,Corporate
2937,Sophia Hall,Female,52,Cairo,Cairo,Egypt,Consumer
2938,Ibrahim Al Dosari,male,47,cairo,Cairo,Egypt,Consumer
2939,Michael Lewis,male,63,Cairo,Cairo,Egypt,Consumer
2940,Charlotte Miller,F,30,dammam,Eastern Province,Saudi Arabia,Small Business
2941,john ibrahim,male,65,Assiut,Assiut,Egypt,Consumer
2942,John Fahmy,M,21,alexandria,Alexandria,Egypt,Corporate
2943,Amr Ibrahim,M,44,Giza,Giza,Egypt,Small Business
2944,Omar Al Otaibi,male,40,Kuwait City,Al Asimah,Kuwait,Corporate 
2945,Majed Youssef,Male,29,aswan,Aswan,Egypt,Consumer
2946,Ghada Hassan,Female,62,6TH OF OCTOBER,Giza,Egypt,Consumer
2947,Sophia Nasser,F,34,6th of October,Giza,Egypt,Consumer
2948,Doaa Zaki,Female,56,Alexandria,Alexandria,Egypt,Consumer
2949,Majed Mostafa,Male,30,Tanta,Gharbia,Egypt,Consumer
2950,Michael Mahmoud,male,38,cairo,Cairo,Egypt,Small Business
2951,Salma Al Ghamdi,female,21,Mecca,Makkah,Saudi Arabia,Consumer
2952,Ibrahim  Fahmy,Male,37,Suez,Suez,Egypt,Consumer
2953,Hassan Gaber,M,28,6th of October,Giza,Egypt,Consumer
2954,Farida Saad,F,29,Jeddah,Makkah,Saudi Arabia,Consumer
2955,Robert Hassan,Male,65,Sharjah,Sharjah,United Arab Emirates,Corporate
2956,Faisal Mahmoud  ,male,53,riyadh,Riyadh,Saudi Arabia,Consumer
2957,Fatima Farouk,female,39,Medina,Al Madinah,Saudi Arabia,Corporate
2958,daniel  brown,male,34,Aswan,Aswan,Egypt,Consumer
2959,Hessa Hassan,female,35,Medina,Al Madinah,Saudi Arabia,Consumer
2960,Nasser Abdelrahman,male,38,Assiut,Assiut,Egypt,Consumer
2961,Rana Ali,F,60,cairo,Cairo,Egypt,Consumer
2962,  Nasser El Sayed,male,55,Luxor,Luxor,Egypt,Consumer 
2963,Abdullah Al Qahtani,M,47,New Cairo,Cairo,Egypt,Consumer
2964,Doaa Khaled,F,41,Alexandria,Alexandria,Egypt,Consumer
2965,Sherif Rashad,M,24,Alexandria,Alexandria,Egypt,Small Business
2966,Omar El Sayed,M,57,Giza,Giza,Egypt,VIP
2967,David Thomas,male,61,kuwait city,Al Asimah,Kuwait,Small Business
2968,Nour Gaber,Female,39,Tanta,Gharbia,Egypt,Consumer
2969,Robert Scott,male,25,Cairo,Cairo,Egypt,Corporate
2970,Youssef Al Dosari,male,25,New Cairo,Cairo,Egypt,Consumer
2971,  Bilal Rashad,Male,24,Aswan,Aswan,Egypt,Consumer
2972,nada ramadan,female,56,Jeddah,Makkah,Saudi Arabia,Consumer
2973,Farida Al Dosari,female,49,New Cairo,Cairo,Egypt,Consumer
2974,Grace Al Otaibi,female,65,Giza,Giza,Egypt,Consumer
2975,Grace Taylor,F,52,New Cairo,Cairo,Egypt,Consumer
2976,Heba Rashad,Female,29,RIYADH,Riyadh,Saudi Arabia,Consumer
2977,Nour Al Qahtani,F,25,luxor,Luxor,Egypt,Consumer
2978,  Mia Jackson,F,46,Doha,Doha,Qatar,Corporate
2979,Bilal Al Ghamdi,Male,45,Abu Dhabi,Abu Dhabi,United Arab Emirates,Small Business
2980,Sameh Mahmoud,Male,41,Giza,Giza,Egypt,Corporate
2981,Wael Zaki,male,31,cairo,Cairo,Egypt,VIP
2982,Reem Farouk,female,60,New Cairo,Cairo,Egypt,Consumer
2983,Omar Farouk,Male,48,Alexandria,Alexandria,Egypt,Corporate
2984,  Ali Shalaby,male,38,Giza,Giza,Egypt,Consumer
2985,Yasmin Al Dosari,female,63,Riyadh,Riyadh,Saudi Arabia,Consumer
2986,Wael Al Ghamdi,M,34,riyadh,Riyadh,Saudi Arabia,Consumer 
2987,Amr Zaki,M,46,Giza,Giza,Egypt,Consumer
2988,Doaa Khaled,F,34,Alexandria,Alexandria,Egypt,Consumer
2989,THOMAS BROWN,M,46,Zagazig,Sharqia,Egypt, Corporate
2990,Ibrahim Al Qahtani,M,47,Cairo,Cairo,Egypt,Consumer
2991,Mahmoud Hassan,M,58,Port Said,Port Said,Egypt,Small Business
2992,Ghada Al Dosari,F,49,Alexandria,Alexandria,Egypt,Consumer
2993,Hana Gaber,Female,20,Alexandria,Alexandria,Egypt,Corporate
2994,Hossam Salem,Male,54,zagazig,Sharqia,Egypt,Consumer
2995,Ibrahim Al Ghamdi  ,M,58,Doha,Doha,Qatar,Consumer
2996,Fahad Ramadan,male,49,Dammam,Eastern Province,Saudi Arabia,Consumer
2997,Mahmoud El Sayed,male,60,Alexandria,Alexandria,Egypt,Corporate
2998,Laila Fahmy,female,30,CAIRO,Cairo,Egypt,Consumer
2999,John Al Harbi,Male,42,Abu Dhabi,Abu Dhabi,United Arab Emirates,Consumer
3000,William Hassan,M,52,6th of October,Giza,Egypt,Consumer
3001,Ava Walker,F,25,Dammam,Eastern Province,Saudi Arabia,Consumer
3002,Fatima Mansour,Female,19,Riyadh,Riyadh,Saudi Arabia,VIP
3003,Daniel Davis,Male,30,Giza,Giza,Egypt,Corporate
3004,Yasmin Al Otaibi,female,19,6th of October,Giza,Egypt,Corporate
3005,Mohamed Ramadan,male,46,Cairo,Cairo,Egypt,VIP
3006,Menna Shalaby,Female,61,Kuwait City,Al Asimah,Kuwait,Consumer 
3007,Khaled Al Dosari,Male,18,CAIRO,Cairo,Egypt,Consumer
3008,Dina Abdelrahman,F,44,6TH OF OCTOBER,Giza,Egypt,Small Business
3009,Hossam Ibrahim,Male,18,Abu Dhabi,Abu Dhabi,United Arab Emirates,Consumer
3010,Yasmin Al Otaibi,female,49,CAIRO,Cairo,Egypt,Consumer
3011,Rana Ramadan,Female,61,ALEXANDRIA,Alexandria,Egypt,Consumer
3012,James Saad  ,Male,38,Cairo,Cairo,Egypt,Corporate
3013,Aisha Ibrahim,F,25,tanta,Gharbia,Egypt,Consumer
3014,Sophia Anderson,F,48,GIZA,Giza,Egypt,VIP
3015,Wael Saad,Male,29,DUBAI,Dubai,United Arab Emirates,Consumer
3016,Aya Hassan,Female,54,Medina,Al Madinah,Saudi Arabia,Consumer
3017,AMIRA YOUSSEF,female,35,Giza,Giza,Egypt,Consumer
3018,Sultan El Sayed,M,49,jeddah,Makkah,Saudi Arabia,Consumer
3019,  Mahmoud Abdelrahman,male,20,Doha,Doha,Qatar,Corporate
3020,Mostafa  Khaled,M,58,jeddah,Makkah,Saudi Arabia,Small Business
3021,Doaa Al Dosari,F,20,cairo,Cairo,Egypt,Corporate
3022,Ibrahim Zaki  ,Male,30,Cairo,Cairo,Egypt,Corporate
3023,Farida Ibrahim,female,23,Mecca,Makkah,Saudi Arabia,Small Business
3024,David Rashad,male,30,Mecca,Makkah,Saudi Arabia,Small Business
3025,Mariam  Fahmy,female,48,new cairo,Cairo,Egypt,Consumer
3026,  yasmin ali,female,39,Assiut,Assiut,Egypt,Small Business
3027,Ashraf Khaled,male,61,dammam,Eastern Province,Saudi Arabia,Consumer
3028,Grace Mahmoud,female,32,Dubai,Dubai,United Arab Emirates,Consumer
3029,Amelia Nasser,Female,49,doha,Doha,Qatar,Small Business
3030,  Yasmin Rashad,F,25,Giza,Giza,Egypt,Small Business
3031,Doaa Mansour,female,58,Cairo,Cairo,Egypt,Corporate
3032,Mostafa Rashad,male,30,medina,Al Madinah,Saudi Arabia,Consumer
3033,Charlotte Young,F,58,Giza,Giza,Egypt,Consumer
3034,David Scott,M,40,Riyadh,Riyadh,Saudi Arabia,Consumer
3035,Hessa Zaki,F,28,ALEXANDRIA,Alexandria,Egypt,Small Business
3036,Doaa Al Dosari,F,22,alexandria,Alexandria,Egypt, Consumer
3037,Emma Clark  ,Female,46,cairo,Cairo,Egypt,Small Business
3038,Farida Hassan,F,59,Kuwait City,Al Asimah,Kuwait,Consumer
3039,Ahmed Mostafa,M,42,Assiut,Assiut,Egypt,Consumer
3040,Ali Al Ghamdi,male,62,6th of october,Giza,Egypt,Consumer
3041,EMILY THOMAS,Female,61,sharjah,Sharjah,United Arab Emirates,Corporate
3042,Sultan Fahmy,Male,61,Dubai,Dubai,United Arab Emirates,Small Business
3043,Fahad Al Harbi,M,30,mansoura,Dakahlia,Egypt,Small Business
3044,Ghada  Youssef,Female,21,New Cairo,Cairo,Egypt,Consumer
3045,Sultan Farouk,M,59,Cairo,Cairo,Egypt,Consumer
3046,Ali Fahmy,M,45,cairo,Cairo,Egypt,Consumer 
3047,andrew al qahtani,male,56,doha,Doha,Qatar,VIP
3048,Bilal Youssef,male,31,Port Said,Port Said,Egypt, Small Business
3049,Grace Moore,F,22,Dubai,Dubai,United Arab Emirates,Consumer
3050,Ibrahim Hassan,M,59,new cairo,Cairo,Egypt,VIP
3051,Emma Young,Female,32,Sharjah,Sharjah,United Arab Emirates,VIP
3052,Ahmed  Abdelrahman,male,37,Mansoura,Dakahlia,Egypt,Small Business
3053,Majed Rashad,male,29,mecca,Makkah,Saudi Arabia,Consumer
3054,Aya Rashad,Female,18,Cairo,Cairo,Egypt,Small Business
3055,Hassan Ramadan,Male,55,dubai,Dubai,United Arab Emirates,Small Business
3056,Nasser Ramadan,male,31,Jeddah,Makkah,Saudi Arabia,Consumer
3057,  Majed Ibrahim,Male,52,Cairo,Cairo,Egypt,Corporate
3058,Omar Al Otaibi  ,Male,55,Mansoura,Dakahlia,Egypt,Small Business
3059,Wael Youssef,M,37,Abu Dhabi,Abu Dhabi,United Arab Emirates,Corporate
3060,Hossam Saad,M,43,Dubai,Dubai,United Arab Emirates,Corporate
3061,Sara Al Qahtani,F,19,6TH OF OCTOBER,Giza,Egypt,VIP
3062,Aya Fahmy,Female,33,Giza,Giza,Egypt,Consumer
3063,Amr Fahmy,male,30,6th of october,Giza,Egypt,Consumer
3064,  Mariam Mahmoud,Female,52,PORT SAID,Port Said,Egypt,Corporate
3065,Charlotte Smith,F,62,dubai,Dubai,United Arab Emirates,Corporate
3066,Thomas Abdelrahman,M,37,DOHA,Doha,Qatar,Consumer
3067,Wael Ibrahim,Male,26,Sharjah,Sharjah,United Arab Emirates,Consumer
3068,Fahad Shalaby,Male,30,Aswan,Aswan,Egypt,Consumer
3069,Ahmed Gaber,M,40,6th of October,Giza,Egypt,Corporate
3070,Mia Ramadan,female,53,Dammam,Eastern Province,Saudi Arabia,Small Business
3071,Nour Al Ghamdi,Female,32,ALEXANDRIA,Alexandria,Egypt,Consumer
3072,Mohamed Ibrahim,male,44,Ismailia,Ismailia,Egypt,Consumer
3073,Reem Al Harbi,female,34,Abu Dhabi,Abu Dhabi,United Arab Emirates,Consumer
3074,thomas salem,male,28,medina,Al Madinah,Saudi Arabia,Consumer 
3075,Nasser El Sayed,M,40,Abu Dhabi,Abu Dhabi,United Arab Emirates,Consumer
3076,Nour Shalaby,F,20,Cairo,Cairo,Egypt,Corporate
3077,Ghada Ali,female,22,CAIRO,Cairo,Egypt,Consumer
3078,Sultan Mostafa,Male,44,doha,Doha,Qatar,Consumer
3079,Aisha Zaki,F,56,Port Said,Port Said,Egypt,Small Business
3080,Bilal Mansour,male,64,Mansoura,Dakahlia,Egypt,Consumer
3081,Daniel Al Harbi,M,32,DUBAI,Dubai,United Arab Emirates,Small Business
3082,Laila Al Ghamdi,female,45,Suez,Suez,Egypt,Consumer
3083,Mohamed Ramadan,M,55,Cairo,Cairo,Egypt,Consumer
3084,Ahmed Al Otaibi,male,64,Tanta,Gharbia,Egypt,VIP
3085,Salma Mostafa,F,36,Mansoura,Dakahlia,Egypt,Consumer
3086,Ibrahim Farouk,M,44,zagazig,Sharqia,Egypt,Consumer
3087,Mia Wilson,Female,22,Mansoura,Dakahlia,Egypt,Consumer
3088,Sophia Brown,Female,24,Jeddah,Makkah,Saudi Arabia,Consumer
3089,EMMA WRIGHT,female,52,Zagazig,Sharqia,Egypt,Consumer
3090,Noura Nasser,Female,28,Jeddah,Makkah,Saudi Arabia,Consumer
3091,Sophia Thomas,female,27,Cairo,Cairo,Egypt,Consumer
3092,Youssef Fahmy,Male,20,Tanta,Gharbia,Egypt,Corporate
3093,Latifa Gaber,Female,58,Riyadh,Riyadh,Saudi Arabia,Consumer
3094,Nour Abdelrahman,female,24,Port Said,Port Said,Egypt,Consumer
3095,Aisha Ramadan,female,54,SHARJAH,Sharjah,United Arab Emirates,Small Business
3096,YASMIN ABDELRAHMAN,Female,60,ASSIUT,Assiut,Egypt,Consumer
3097,Hassan  Al Qahtani,male,33,Tanta,Gharbia,Egypt,Consumer
3098,  daniel anderson,Male,18,medina,Al Madinah,Saudi Arabia,VIP
3099,Joseph Brown,M,48,Jeddah,Makkah,Saudi Arabia,Corporate
3100,William Zaki,Male,58,Alexandria,Alexandria,Egypt,Consumer
3101,Amr Abdelrahman,M,60,Dubai,Dubai,United Arab Emirates,VIP
3102,William Smith,male,42,6th of October,Giza,Egypt,Consumer
3103,DANIEL AL DOSARI,Male,65,new cairo,Cairo,Egypt,Corporate
3104,Menna Mansour,female,28,New Cairo,Cairo,Egypt,Consumer
3105,Sultan Shalaby,M,36,doha,Doha,Qatar,VIP
3106,Youssef Abdelrahman,male,51,Giza,Giza,Egypt,Consumer
3107,Amira Rashad,Female,33,New Cairo,Cairo,Egypt,Consumer
3108,Amelia Rashad,Female,61,NEW CAIRO,Cairo,Egypt,Small Business
3109,Grace Young,female,61,Abu Dhabi,Abu Dhabi,United Arab Emirates,Consumer
3110,Salma Al Harbi,F,55,dubai,Dubai,United Arab Emirates,Corporate
3111,Mohamed Al Harbi,M,27,ismailia,Ismailia,Egypt,Small Business
3112,Ibrahim Al Ghamdi,male,43,ISMAILIA,Ismailia,Egypt,Corporate
3113,FATIMA NASSER,F,48,Dubai,Dubai,United Arab Emirates,Corporate
3114,Fatima Farouk,female,56,Alexandria,Alexandria,Egypt,Small Business
3115,Hossam Nasser,male,18,Alexandria,Alexandria,Egypt,Small Business
3116,Omar Mostafa,male,21,Riyadh,Riyadh,Saudi Arabia,Consumer
3117,Ahmed Salem,Male,54,riyadh,Riyadh,Saudi Arabia,Consumer
3118,James Clark,M,53,Alexandria,Alexandria,Egypt,Consumer
3119,Farida Saad,Female,59,Cairo,Cairo,Egypt,Corporate
3120,Emma Scott,Female,63,ASSIUT,Assiut,Egypt,Corporate
3121,Wael El Sayed,M,56,suez,Suez,Egypt,Small Business
3122,Ghada Saad,female,64,RIYADH,Riyadh,Saudi Arabia,Consumer
3123,Doaa Ramadan,female,65,Giza,Giza,Egypt,Corporate
3124,Rana  Farouk,F,42,Kuwait City,Al Asimah,Kuwait,Corporate
3125,Daniel Wilson,Male,19,Doha,Doha,Qatar,Small Business
3126,Dina  Ibrahim,F,57,GIZA,Giza,Egypt,Consumer
3127,hassan mahmoud,male,20,Medina,Al Madinah,Saudi Arabia,Small Business
3128,Nour El Sayed,F,60,NEW CAIRO,Cairo,Egypt,Small Business
3129,Tarek Al Otaibi  ,Male,51,riyadh,Riyadh,Saudi Arabia,Consumer
3130,Ashraf Youssef,male,18,Kuwait City,Al Asimah,Kuwait, Consumer
3131,Faisal Saad,male,61,Dubai,Dubai,United Arab Emirates,VIP
3132,Dina  Al Ghamdi,F,34,Riyadh,Riyadh,Saudi Arabia,Small Business
3133,Emma Scott,F,30,6TH OF OCTOBER,Giza,Egypt,VIP
3134,Daniel Wright,M,18,Dammam,Eastern Province,Saudi Arabia,Small Business
3135,JOSEPH CLARK,M,65,CAIRO,Cairo,Egypt,Consumer
3136,Menna Hassan,female,48,Giza,Giza,Egypt,Small Business
3137,Ghada Mahmoud,Female,35,Cairo,Cairo,Egypt, Small Business
3138,Bilal Al Otaibi,Male,43,New Cairo,Cairo,Egypt,Consumer
3139,Ali El Sayed,Male,62,Ismailia,Ismailia,Egypt,Consumer
3140,John Walker,male,18,Riyadh,Riyadh,Saudi Arabia,Consumer
3141,Robert Scott,M,27,Cairo,Cairo,Egypt,Consumer
3142,Youssef Abdelrahman,M,31,Abu Dhabi,Abu Dhabi,United Arab Emirates,Corporate
3143,Ibrahim Al Otaibi,M,57,6th of october,Giza,Egypt,Corporate
3144,  SHERIF FAROUK,Male,25,Cairo,Cairo,Egypt,Consumer
3145,Karim  Mostafa,M,24,RIYADH,Riyadh,Saudi Arabia,Corporate
3146,Fatima Ramadan,female,55,6TH OF OCTOBER,Giza,Egypt,Consumer
3147,Aya El Sayed,female,54,riyadh,Riyadh,Saudi Arabia,Corporate
3148,Mia Clark,F,35,riyadh,Riyadh,Saudi Arabia,Corporate
3149,Youssef Shalaby,Male,35,Mansoura,Dakahlia,Egypt,Small Business
3150,Mia Anderson,F,36,GIZA,Giza,Egypt,Consumer
3151,Nada Farouk,F,36,Alexandria,Alexandria,Egypt,Consumer
3152,DOAA ALI,female,54,new cairo,Cairo,Egypt,Consumer
3153,Khaled Abdelrahman,male,48,New Cairo,Cairo,Egypt, Small Business
3154,Bilal Abdelrahman,M,26,Tanta,Gharbia,Egypt,Consumer
3155,Tarek Mansour,male,22,Dubai,Dubai,United Arab Emirates,Consumer
3156,Omar Ramadan,Male,27,Mansoura,Dakahlia,Egypt,Small Business
3157,Grace Al Dosari,Female,34,sharjah,Sharjah,United Arab Emirates,Corporate
3158,Laila Nasser,F,23,Kuwait City,Al Asimah,Kuwait,Consumer
3159,James Rashad,male,28,Tanta,Gharbia,Egypt,Consumer
3160,Ahmed Fahmy,male,41,MANSOURA,Dakahlia,Egypt,VIP
3161,Nada Ramadan,Female,50,Dubai,Dubai,United Arab Emirates,Corporate
3162,Mahmoud Mansour  ,Male,44,MEDINA,Al Madinah,Saudi Arabia,Consumer
3163,Daniel Lewis,Male,59,Giza,Giza,Egypt,Consumer
3164,Isabella Miller,Female,54,medina,Al Madinah,Saudi Arabia,Small Business
3165,Fahad Fahmy,male,60,luxor,Luxor,Egypt,VIP 
3166,Rana Al Qahtani,F,51,New Cairo,Cairo,Egypt,Corporate 
3167,Fahad Mansour,M,58,New Cairo,Cairo,Egypt,Small Business
3168,Olivia King,F,24,Luxor,Luxor,Egypt,Corporate
3169,Majed Hassan,male,20,Mecca,Makkah,Saudi Arabia,Consumer
3170,Majed Salem,M,26,alexandria,Alexandria,Egypt,Consumer
3171,Ali Al Ghamdi,M,63,6th of October,Giza,Egypt,Consumer
3172,  Sophia Al Qahtani,Female,33,Riyadh,Riyadh,Saudi Arabia,Consumer
3173,Andrew Shalaby,Male,48,Dubai,Dubai,United Arab Emirates,Consumer
3174,Amr Saad,M,49,JEDDAH,Makkah,Saudi Arabia,VIP
3175,Youssef Mostafa,Male,42,Cairo,Cairo,Egypt,Consumer
3176,Rana Abdelrahman,F,28,New Cairo,Cairo,Egypt,Consumer
3177,  ROBERT DAVIS,Male,29,Giza,Giza,Egypt,Corporate
3178,Emma Mahmoud,F,31,suez,Suez,Egypt,Consumer
3179,Mahmoud Ramadan,male,20,New Cairo,Cairo,Egypt,Consumer
3180,Sameh Khaled,Male,35,Port Said,Port Said,Egypt,Consumer
3181,  Majed Gaber,male,37,Tanta,Gharbia,Egypt,Corporate
3182,  Ahmed Al Dosari,male,18,NEW CAIRO,Cairo,Egypt,Corporate 
3183,Salma Al Ghamdi,Female,50,CAIRO,Cairo,Egypt,Consumer
3184,Latifa Al Otaibi,F,32,dammam,Eastern Province,Saudi Arabia,Consumer
3185,Ashraf  Farouk,male,54,ISMAILIA,Ismailia,Egypt,Consumer
3186,Mostafa Mostafa,M,63,kuwait city,Al Asimah,Kuwait,Corporate
3187,Youssef Mahmoud,male,33,New Cairo,Cairo,Egypt,Corporate
3188,Robert Rashad  ,male,41,Dubai,Dubai,United Arab Emirates,Consumer
3189,Rana Mansour,female,24,giza,Giza,Egypt,Corporate
3190,Sherif  Ali,male,40,SHARJAH,Sharjah,United Arab Emirates,Consumer
3191,Robert Saad,M,24,Jeddah,Makkah,Saudi Arabia,Consumer
3192,Salma Nasser,Female,48,Dubai,Dubai,United Arab Emirates,Consumer
3193,Aya Nasser,F,32,Sharjah,Sharjah,United Arab Emirates,VIP
3194,James King  ,Male,44,Mansoura,Dakahlia,Egypt,Small Business
3195,Dina Mostafa,F,58,Alexandria,Alexandria,Egypt,Corporate
3196,Khaled Shalaby,Male,58,Cairo,Cairo,Egypt, Small Business
3197,mahmoud el sayed,Male,20,Cairo,Cairo,Egypt,Corporate
3198,tarek abdelrahman,Male,35,Medina,Al Madinah,Saudi Arabia,Small Business
3199,Sameh Mostafa,M,27,Jeddah,Makkah,Saudi Arabia,Consumer
3200,David Nasser,male,53,Cairo,Cairo,Egypt,Consumer
3201,Tarek Fahmy,M,39,alexandria,Alexandria,Egypt,Consumer
3202,Doaa Rashad,F,42,Giza,Giza,Egypt,Consumer 
3203,Mohamed Farouk,Male,29,cairo,Cairo,Egypt, Corporate
3204,Robert  Nasser,M,61,Jeddah,Makkah,Saudi Arabia, VIP
3205,Sultan Ali,M,54,Dammam,Eastern Province,Saudi Arabia,Consumer
3206,Thomas Nasser,male,18,Suez,Suez,Egypt,Consumer
3207,Mia Johnson,female,34,aswan,Aswan,Egypt,Small Business
3208,Ahmed Mahmoud,Male,19,KUWAIT CITY,Al Asimah,Kuwait,Consumer
3209,Doaa Shalaby,female,20,KUWAIT CITY,Al Asimah,Kuwait,Corporate
3210,Amira Al Dosari,female,27,Dubai,Dubai,United Arab Emirates,Corporate
3211,Salma Mostafa,female,45,Aswan,Aswan,Egypt,Corporate
3212,  Sameh Abdelrahman,male,61,Dammam,Eastern Province,Saudi Arabia,Corporate
3213,Bilal Saad,M,43,Cairo,Cairo,Egypt,Consumer
3214,Ghada Farouk,female,64,ALEXANDRIA,Alexandria,Egypt,Consumer
3215,Mostafa Zaki,Male,57,jeddah,Makkah,Saudi Arabia,Consumer
3216,Thomas Al Qahtani,Male,39,giza,Giza,Egypt,Consumer
3217,David Abdelrahman,M,37,TANTA,Gharbia,Egypt,Consumer
3218,Nour Al Qahtani,female,58,DAMMAM,Eastern Province,Saudi Arabia,Consumer
3219,Hossam Fahmy  ,M,53,Riyadh,Riyadh,Saudi Arabia,Consumer
3220,Charlotte Martin,female,44,Cairo,Cairo,Egypt,Consumer
3221,Mariam Saad,Female,36,6th of October,Giza,Egypt,Small Business
3222,Wael Mostafa,M,57,ALEXANDRIA,Alexandria,Egypt,Corporate
3223,James Shalaby,M,37,JEDDAH,Makkah,Saudi Arabia,Small Business
3224,andrew smith,male,64,jeddah,Makkah,Saudi Arabia,Corporate
3225,Nasser Mansour,male,41,cairo,Cairo,Egypt,Consumer
3226,Isabella Moore,female,49,Giza,Giza,Egypt,Consumer
3227,  Nasser Youssef,M,56,alexandria,Alexandria,Egypt,Small Business
3228,Andrew Davis,male,20,Alexandria,Alexandria,Egypt,Consumer
3229,Dina Nasser,F,60,Assiut,Assiut,Egypt,Consumer
3230,Mariam  Al Harbi,F,44,New Cairo,Cairo,Egypt,Corporate
3231,Laila Al Qahtani,F,45,giza,Giza,Egypt,Corporate
3232,Farida Mostafa,F,61,DOHA,Doha,Qatar,Consumer
3233,Robert Al Dosari,male,39,riyadh,Riyadh,Saudi Arabia,Consumer
3234,Aisha Fahmy,Female,32,cairo,Cairo,Egypt,Consumer
3235,Fahad Youssef,M,45,giza,Giza,Egypt,Corporate
3236,Fahad Ali,M,40,Jeddah,Makkah,Saudi Arabia,Consumer
3237,Salma Fahmy,female,18,Zagazig,Sharqia,Egypt,Consumer
3238,Mariam Ramadan,F,53,assiut,Assiut,Egypt,Corporate
3239,Hassan Hassan,male,39,Jeddah,Makkah,Saudi Arabia,Consumer
3240,Khaled Farouk,male,18,Jeddah,Makkah,Saudi Arabia,Small Business
3241,Omar Mostafa,Male,45,6th of October,Giza,Egypt,VIP
3242,Youssef Al Harbi,male,33,6th of october,Giza,Egypt,Corporate
3243,Ali El Sayed  ,M,51,Abu Dhabi,Abu Dhabi,United Arab Emirates,Consumer
3244,Omar Farouk,Male,23,New Cairo,Cairo,Egypt,Consumer
3245,Ali Zaki,M,22,abu dhabi,Abu Dhabi,United Arab Emirates,Consumer
3246,James Walker,M,41,New Cairo,Cairo,Egypt,Consumer
3247,Shaimaa Saad,Female,57,Cairo,Cairo,Egypt,Corporate
3248,Michael Hall  ,M,27,Giza,Giza,Egypt,Consumer
3249,Aya Fahmy,F,50,Dubai,Dubai,United Arab Emirates,VIP
3250,SAMEH ALI,Male,20,New Cairo,Cairo,Egypt,Corporate 
3251,Faisal Shalaby,male,47,ALEXANDRIA,Alexandria,Egypt,Small Business
3252,mohamed  salem,male,35,Alexandria,Alexandria,Egypt,Consumer
3253,Fahad Hassan,male,61,NEW CAIRO,Cairo,Egypt,Consumer
3254,Isabella Al Qahtani,F,40,6th of October,Giza,Egypt,Small Business
3255,Doaa  Fahmy,female,56,Cairo,Cairo,Egypt,Consumer 
3256,Sameh Ibrahim,Male,44,Mansoura,Dakahlia,Egypt,Corporate
3257,Majed Hassan,Male,43,Cairo,Cairo,Egypt, Consumer
3258,Mariam Al Harbi,female,37,zagazig,Sharqia,Egypt,Consumer
3259,Daniel Brown,Male,64,ismailia,Ismailia,Egypt,Consumer
3260,  Ashraf Al Dosari,male,25,Mansoura,Dakahlia,Egypt,VIP
3261,BILAL HASSAN,male,63,ABU DHABI,Abu Dhabi,United Arab Emirates,Consumer
3262,ROBERT MARTIN,Male,23,Doha,Doha,Qatar,Consumer
3263,Reem Khaled,female,49,CAIRO,Cairo,Egypt,Small Business
3264,Michael Mansour,M,33,Dammam,Eastern Province,Saudi Arabia,Consumer
3265,Sultan Mahmoud,male,40,ABU DHABI,Abu Dhabi,United Arab Emirates,Consumer
3266,Farida Salem,F,29,Alexandria,Alexandria,Egypt,Consumer
3267,Ghada Shalaby,female,18,Cairo,Cairo,Egypt,Small Business
3268,  Isabella Clark,F,60,Mecca,Makkah,Saudi Arabia,Consumer
3269,Khaled Gaber  ,male,51,Kuwait City,Al Asimah,Kuwait,Consumer
3270,  Menna Ramadan,Female,49,Cairo,Cairo,Egypt,Consumer
3271,Amelia Miller,female,24,Alexandria,Alexandria,Egypt,Corporate
3272,GHADA GABER,female,41,abu dhabi,Abu Dhabi,United Arab Emirates,Corporate
3273,Ibrahim Zaki,M,18,Cairo,Cairo,Egypt,Small Business
3274,William Moore,male,30,Tanta,Gharbia,Egypt,Consumer
3275,Menna Youssef,F,26,cairo,Cairo,Egypt,Consumer
3276,Ghada Salem,Female,21,Alexandria,Alexandria,Egypt,Small Business
3277,Ashraf Mansour,Male,55,Mansoura,Dakahlia,Egypt,Consumer
3278,Sameh Mostafa,M,61,Cairo,Cairo,Egypt,VIP
3279,Bilal  Shalaby,M,63,New Cairo,Cairo,Egypt,VIP
3280,Nasser Al Harbi,M,36,Medina,Al Madinah,Saudi Arabia,Consumer
3281,Reem Gaber,F,54,Ismailia,Ismailia,Egypt,Consumer
3282,Laila Fahmy,female,36,TANTA,Gharbia,Egypt,Small Business
3283,Laila  Mostafa,F,42,Abu Dhabi,Abu Dhabi,United Arab Emirates,Small Business
3284,Emma Al Otaibi,Female,49,Mecca,Makkah,Saudi Arabia,Corporate
3285,James Salem,male,24,Giza,Giza,Egypt,Consumer
3286,Sameh  Rashad,male,45,Sharjah,Sharjah,United Arab Emirates,Consumer
3287,Ibrahim Zaki,M,18,dubai,Dubai,United Arab Emirates,Small Business
3288,Nasser Al Qahtani,male,22,CAIRO,Cairo,Egypt,Corporate
3289,aisha farouk,F,63,Sharjah,Sharjah,United Arab Emirates,Consumer
3290,Ahmed Al Dosari,Male,58,MEDINA,Al Madinah,Saudi Arabia,Small Business
3291,Grace Wilson,female,25,Alexandria,Alexandria,Egypt,Consumer
3292,James Taylor,M,61,Cairo,Cairo,Egypt,Consumer
3293,Majed Rashad,M,48,suez,Suez,Egypt,Corporate
3294,Karim Shalaby,M,44,Dubai,Dubai,United Arab Emirates,Corporate
3295,Laila Ali,female,49,6th of October,Giza,Egypt,Consumer
3296,Yasmin  Ibrahim,female,28,Jeddah,Makkah,Saudi Arabia,Consumer
3297,Joseph Johnson,male,42,Port Said,Port Said,Egypt,Consumer
3298,Menna  Zaki,Female,38,Alexandria,Alexandria,Egypt,Consumer
3299,fatima al ghamdi,female,23,DUBAI,Dubai,United Arab Emirates,Corporate
3300,Ahmed Mostafa,male,64,Dubai,Dubai,United Arab Emirates,Consumer
3301,Andrew Thomas,Male,26,Dammam,Eastern Province,Saudi Arabia,Consumer
3302,Menna Al Harbi,F,64,Assiut,Assiut,Egypt,Consumer
3303,Ali Mahmoud,male,46,Riyadh,Riyadh,Saudi Arabia,Corporate
3304,Emma  Farouk,F,25,Jeddah,Makkah,Saudi Arabia,Corporate
3305,OMAR SAAD,M,45,Abu Dhabi,Abu Dhabi,United Arab Emirates,Small Business
3306,Charlotte Taylor,F,21,kuwait city,Al Asimah,Kuwait,Corporate
3307,Ashraf Mostafa,M,43,ismailia,Ismailia,Egypt,Consumer
3308,Grace Scott,F,58,Cairo,Cairo,Egypt, Consumer
3309,Ava Al Otaibi,Female,41,6th of October,Giza,Egypt,VIP
3310,Shaimaa Al Harbi,female,62,doha,Doha,Qatar,Consumer
3311,Bilal Youssef,male,55,giza,Giza,Egypt,Consumer
3312,Majed  Nasser,M,60,Assiut,Assiut,Egypt,Small Business
3313,Olivia Hall,female,58,CAIRO,Cairo,Egypt,Consumer
3314,Andrew Walker,M,24,New Cairo,Cairo,Egypt,Consumer
3315,Ali Abdelrahman,male,63,CAIRO,Cairo,Egypt,Corporate
3316,Laila Mahmoud,Female,63,Abu Dhabi,Abu Dhabi,United Arab Emirates,Consumer
3317,Amelia El Sayed,F,35,Kuwait City,Al Asimah,Kuwait,Consumer
3318,NOURA SALEM,F,64,New Cairo,Cairo,Egypt,Consumer
3319,Sherif Saad,M,38,Cairo,Cairo,Egypt,Consumer
3320,Charlotte Johnson,female,27,Luxor,Luxor,Egypt,Consumer
3321,Mia Hassan,Female,18,mansoura,Dakahlia,Egypt,Consumer
3322,  Daniel Al Qahtani,male,18,Dubai,Dubai,United Arab Emirates,Small Business
3323,Grace Mostafa,female,49,medina,Al Madinah,Saudi Arabia,VIP
3324,Sara Hassan,F,27,Cairo,Cairo,Egypt, Consumer
3325,Nasser Mansour,M,63,kuwait city,Al Asimah,Kuwait,Consumer
3326,Olivia Nasser,female,31,MANSOURA,Dakahlia,Egypt,Corporate
3327,John Wright,male,30,Giza,Giza,Egypt,Small Business
3328,Youssef Mostafa,male,44,Sharjah,Sharjah,United Arab Emirates,Consumer
3329,Ahmed Mostafa  ,male,63,dubai,Dubai,United Arab Emirates,VIP
3330,Emma Lewis,F,64,Cairo,Cairo,Egypt,Consumer
3331,Mahmoud Al Qahtani,male,28,Dubai,Dubai,United Arab Emirates,Corporate
3332,Aisha Saad  ,F,49,dubai,Dubai,United Arab Emirates,Consumer
3333,Bilal Nasser,Male,24,Riyadh,Riyadh,Saudi Arabia,Small Business
3334,Salma Al Qahtani,Female,24,New Cairo,Cairo,Egypt,Consumer
3335,Doaa Al Qahtani,Female,42,GIZA,Giza,Egypt,Consumer
3336,Mia Smith,female,55,6th of October,Giza,Egypt,Small Business
3337,Fatima Ibrahim,Female,51,GIZA,Giza,Egypt,Consumer
3338,ABDULLAH IBRAHIM,M,41,RIYADH,Riyadh,Saudi Arabia,Consumer
3339,Ahmed Farouk,male,31,Dubai,Dubai,United Arab Emirates,Consumer
3340,MIA THOMAS,F,62,New Cairo,Cairo,Egypt,Consumer
3341,Ahmed Al Ghamdi  ,Male,54,alexandria,Alexandria,Egypt,Small Business
3342,nada al dosari,F,22,CAIRO,Cairo,Egypt,Consumer
3343,Daniel Wright,M,44,Cairo,Cairo,Egypt,Consumer
3344,Mariam Ali,F,54,ALEXANDRIA,Alexandria,Egypt,Consumer
3345,Latifa El Sayed,female,64,Suez,Suez,Egypt,Consumer
3346,Karim Rashad,Male,27,Giza,Giza,Egypt,Small Business
3347,Hessa Al Harbi,female,18,Dubai,Dubai,United Arab Emirates,Consumer 
3348,Sophia Smith,Female,65,riyadh,Riyadh,Saudi Arabia,Corporate
3349,Heba Al Qahtani,Female,63,assiut,Assiut,Egypt,Consumer
3350,Dina Farouk,Female,35,Tanta,Gharbia,Egypt,Consumer
3351,Sherif Saad,Male,43,Abu Dhabi,Abu Dhabi,United Arab Emirates,Consumer
3352,Nada Farouk,Female,28,6TH OF OCTOBER,Giza,Egypt,Consumer
3353,Hossam Al Ghamdi,male,46,Abu Dhabi,Abu Dhabi,United Arab Emirates,Consumer
3354,Bilal Gaber,male,20,Giza,Giza,Egypt,Consumer
3355,Nada Ibrahim,F,42,KUWAIT CITY,Al Asimah,Kuwait,Consumer
3356,Sophia Smith,Female,29,suez,Suez,Egypt,Consumer
3357,Sophia Al Qahtani,Female,62,Zagazig,Sharqia,Egypt,Consumer
3358,MAJED YOUSSEF,Male,57,Jeddah,Makkah,Saudi Arabia,Corporate
3359,Ashraf El Sayed,M,24,Mecca,Makkah,Saudi Arabia,Corporate
3360,Mahmoud Al Otaibi,male,39,doha,Doha,Qatar,Consumer
3361,Mohamed Farouk,male,25,SHARJAH,Sharjah,United Arab Emirates,Consumer
3362,John Farouk,M,25,CAIRO,Cairo,Egypt,Small Business
3363,David Moore,M,50,Zagazig,Sharqia,Egypt,Small Business
3364,Mostafa Al Ghamdi,male,24,Cairo,Cairo,Egypt,Consumer
3365,Hana El Sayed,female,32,Giza,Giza,Egypt,Consumer
3366,Fatima Abdelrahman,Female,18,JEDDAH,Makkah,Saudi Arabia,Consumer
3367,Heba Al Dosari,female,48,Alexandria,Alexandria,Egypt,Consumer
3368,Tarek Al Otaibi,M,30,New Cairo,Cairo,Egypt,Consumer
3369,Abdullah Al Harbi,Male,59,GIZA,Giza,Egypt,Small Business
3370,Sameh Zaki,male,65,6th of October,Giza,Egypt,VIP
3371,Youssef Zaki  ,M,23,luxor,Luxor,Egypt,Small Business
3372,Omar Hassan,M,31,Riyadh,Riyadh,Saudi Arabia,Small Business
3373,Daniel Jackson,Male,32,Kuwait City,Al Asimah,Kuwait,Corporate
3374,Mariam Fahmy,Female,57,Alexandria,Alexandria,Egypt,Consumer
3375,  James Wright,Male,27,Suez,Suez,Egypt,VIP
3376,Salma Salem  ,Female,35,tanta,Gharbia,Egypt, Corporate
3377,Hessa Youssef,Female,55,6th of October,Giza,Egypt,Corporate
3378,Faisal Khaled,male,19,Alexandria,Alexandria,Egypt,Small Business
3379,Sultan Salem,Male,44,giza,Giza,Egypt,Consumer
3380,Rana Nasser,F,54,Alexandria,Alexandria,Egypt,Corporate
3381,ROBERT FAROUK,Male,50,Suez,Suez,Egypt,Corporate
3382,  Yasmin Ali,Female,31,cairo,Cairo,Egypt,Consumer
3383,David Young,male,20,DUBAI,Dubai,United Arab Emirates,Consumer
3384,Mariam Khaled,female,49,Cairo,Cairo,Egypt,Corporate
3385,Faisal Rashad,M,58,Aswan,Aswan,Egypt,Consumer
3386,Aisha Rashad,Female,44,6th of october,Giza,Egypt,VIP
3387,Nasser  Fahmy,Male,18,TANTA,Gharbia,Egypt,Consumer
3388,Andrew  Nasser,Male,33,Tanta,Gharbia,Egypt,Consumer
3389,Nasser Khaled,Male,20,Cairo,Cairo,Egypt,Consumer
3390,Ashraf Mahmoud,Male,38,jeddah,Makkah,Saudi Arabia,Consumer
3391,  Thomas Davis,Male,49,alexandria,Alexandria,Egypt,Consumer
3392,ANDREW NASSER,male,24,Alexandria,Alexandria,Egypt,Consumer
3393,menna ibrahim,F,35,ALEXANDRIA,Alexandria,Egypt,Small Business
3394,Ahmed Mostafa,Male,65,assiut,Assiut,Egypt,VIP
3395,Sameh Gaber,M,52,Riyadh,Riyadh,Saudi Arabia,Consumer
3396,  Hessa Salem,F,56,Cairo,Cairo,Egypt,Consumer
3397,Nour Hassan,F,33,RIYADH,Riyadh,Saudi Arabia,Corporate
3398,  Mohamed Ramadan,M,50,cairo,Cairo,Egypt,Consumer
3399,Sultan Saad,Male,59,Tanta,Gharbia,Egypt,Consumer
3400,David Nasser,Male,62,Tanta,Gharbia,Egypt,Corporate
3401,Hossam Zaki,Male,57,Luxor,Luxor,Egypt,Corporate
3402,William Saad,M,40,Aswan,Aswan,Egypt,Consumer
3403,  Sara Al Dosari,Female,27,dubai,Dubai,United Arab Emirates,Consumer
3404,Daniel Miller,male,61,Dubai,Dubai,United Arab Emirates,Small Business
3405,Faisal Mahmoud,M,51,ABU DHABI,Abu Dhabi,United Arab Emirates,Consumer
3406,Thomas Jackson,M,46,Port Said,Port Said,Egypt,Consumer
3407,Ahmed  Mahmoud,male,45,6th of October,Giza,Egypt,Consumer
3408,Bilal Gaber,M,47,Medina,Al Madinah,Saudi Arabia,Consumer
3409,Nasser Al Dosari,male,38,Cairo,Cairo,Egypt,Consumer
3410,Amira Ali,F,19,cairo,Cairo,Egypt,Corporate
3411,  Ali Mansour,Male,50,ISMAILIA,Ismailia,Egypt,Consumer
3412,Latifa Al Harbi,F,48,Doha,Doha,Qatar,Consumer
3413,John Ramadan,male,53,Mansoura,Dakahlia,Egypt,Corporate
3414,Ashraf Salem,male,28,Suez,Suez,Egypt,Consumer
3415,Amr Mostafa,M,20,CAIRO,Cairo,Egypt,Consumer
3416,Grace Al Harbi,female,32,Mecca,Makkah,Saudi Arabia,Corporate
3417,Sara Farouk,F,47,Kuwait City,Al Asimah,Kuwait,Corporate
3418,Latifa Ibrahim,female,37,DAMMAM,Eastern Province,Saudi Arabia,Consumer
3419,Youssef Al Harbi  ,Male,47,Cairo,Cairo,Egypt,Consumer
3420,Hossam El Sayed,M,63,Mansoura,Dakahlia,Egypt,Consumer
3421,James Al Harbi  ,male,58,Mansoura,Dakahlia,Egypt,Consumer
3422,charlotte thomas,Female,55,dubai,Dubai,United Arab Emirates,Consumer
3423,Nour Salem  ,female,57,mansoura,Dakahlia,Egypt,Corporate
3424,Khaled Al Harbi,Male,51,Dammam,Eastern Province,Saudi Arabia,Consumer
3425,Salma Al Qahtani,F,31,JEDDAH,Makkah,Saudi Arabia,Consumer
3426,David  Wilson,male,49,New Cairo,Cairo,Egypt,Consumer
3427,Salma Saad,Female,19,Alexandria,Alexandria,Egypt,Consumer
3428,Emma Brown,F,51,Jeddah,Makkah,Saudi Arabia,Consumer
3429,Nour Zaki,Female,61,GIZA,Giza,Egypt,VIP
3430,Fatima  El Sayed,F,58,Tanta,Gharbia,Egypt,Corporate
3431,Hossam Gaber,Male,63,zagazig,Sharqia,Egypt,Corporate
3432,Ava Gaber,Female,53,riyadh,Riyadh,Saudi Arabia,Consumer
3433,Noura Mostafa,F,31,medina,Al Madinah,Saudi Arabia,Small Business
3434,Grace Young,Female,47,Doha,Doha,Qatar,Small Business
3435,  Noura Ibrahim,female,38,Cairo,Cairo,Egypt,Corporate
3436,  James Al Harbi,male,61,SHARJAH,Sharjah,United Arab Emirates,Consumer
3437,John Johnson,male,60,riyadh,Riyadh,Saudi Arabia,Consumer
3438,Menna Ibrahim,Female,48,tanta,Gharbia,Egypt,Consumer
3439,David Lewis,male,57,6th of October,Giza,Egypt,Consumer
3440,  Ahmed Rashad,M,58,Mecca,Makkah,Saudi Arabia,Consumer
3441,Andrew Hall,Male,52,NEW CAIRO,Cairo,Egypt,Consumer
3442,Noura Ali,F,64,giza,Giza,Egypt,Consumer
3443,Fahad Zaki,M,61,suez,Suez,Egypt,Consumer
3444,heba saad,Female,58,Riyadh,Riyadh,Saudi Arabia,Corporate
3445,Ibrahim Al Qahtani,Male,31,Medina,Al Madinah,Saudi Arabia,Corporate
3446,Latifa Farouk,F,33,Suez,Suez,Egypt,Small Business
3447,Karim Mansour,male,27,Cairo,Cairo,Egypt,Consumer
3448,Ahmed Mostafa,male,39,Riyadh,Riyadh,Saudi Arabia,Consumer
3449,  Ashraf Mansour,male,52,SUEZ,Suez,Egypt,Consumer
3450,Sophia Moore,Female,63,Alexandria,Alexandria,Egypt,Small Business
3451,Bilal Al Qahtani,Male,38,DUBAI,Dubai,United Arab Emirates,Consumer
3452,robert al ghamdi,Male,33,dubai,Dubai,United Arab Emirates,Small Business
3453,SHERIF AL DOSARI,M,55,assiut,Assiut,Egypt,Corporate
3454,  Thomas Walker,M,23,Aswan,Aswan,Egypt,Consumer
3455,Nada Al Ghamdi,Female,43,CAIRO,Cairo,Egypt,Consumer
3456,Aisha  Al Dosari,Female,45,CAIRO,Cairo,Egypt,Consumer
3457,Daniel Youssef,M,47,Kuwait City,Al Asimah,Kuwait,Small Business
3458,Andrew Mahmoud  ,M,34,Cairo,Cairo,Egypt,Consumer
3459,Salma Mahmoud,female,45,RIYADH,Riyadh,Saudi Arabia,Consumer
3460,William  Lewis,Male,31,new cairo,Cairo,Egypt,Small Business
3461,Michael Fahmy,M,29,6th of October,Giza,Egypt,Corporate
3462,Sherif Hassan,male,54,CAIRO,Cairo,Egypt,Corporate
3463,Ahmed Zaki,male,33,alexandria,Alexandria,Egypt,Corporate
3464,  Farida Ibrahim,Female,29,Cairo,Cairo,Egypt,Small Business
3465,Doaa Mansour,F,26,6TH OF OCTOBER,Giza,Egypt,Consumer
3466,Mona Al Otaibi  ,F,41,Assiut,Assiut,Egypt,Consumer
3467,Latifa Nasser,female,61,Dammam,Eastern Province,Saudi Arabia,Consumer
3468,Doaa Youssef,F,50,Giza,Giza,Egypt,Consumer
3469,Grace Al Qahtani,Female,32,6th of October,Giza,Egypt,Consumer
3470,Sameh Al Otaibi,M,35,Dubai,Dubai,United Arab Emirates,Consumer
3471,Andrew Smith,male,53,Jeddah,Makkah,Saudi Arabia,Small Business
3472,Karim Abdelrahman,M,58,Cairo,Cairo,Egypt,VIP
3473,Ali Youssef,M,50,6th of october,Giza,Egypt,Consumer
3474,Majed Farouk,M,22,tanta,Gharbia,Egypt,Small Business
3475,Ibrahim Farouk,M,39,dubai,Dubai,United Arab Emirates,Small Business
3476,mahmoud rashad,M,35,JEDDAH,Makkah,Saudi Arabia, Consumer
3477,Shaimaa Nasser,Female,32,DOHA,Doha,Qatar,VIP
3478,Amira Gaber,Female,35,Dubai,Dubai,United Arab Emirates,Consumer
3479,Omar Mansour,Male,56,Doha,Doha,Qatar,Consumer
3480,Ashraf Al Harbi,male,26,Alexandria,Alexandria,Egypt,Corporate
3481,Laila Al Otaibi,Female,44,Doha,Doha,Qatar,Corporate
3482,Hana Hassan,Female,20,Cairo,Cairo,Egypt,Small Business
3483,Salma Ibrahim,female,44,GIZA,Giza,Egypt,Corporate
3484,Wael Al Otaibi,male,24,ALEXANDRIA,Alexandria,Egypt,VIP
3485,  Mostafa Mansour,male,44,Alexandria,Alexandria,Egypt,Small Business
3486,aya shalaby,female,46,Doha,Doha,Qatar,Consumer
3487,Karim Al Ghamdi,M,35,Riyadh,Riyadh,Saudi Arabia,Consumer
3488,Karim Abdelrahman,Male,48,Giza,Giza,Egypt,Corporate
3489,Andrew Johnson,M,37,Cairo,Cairo,Egypt,Small Business
3490,Isabella Shalaby  ,Female,25,dammam,Eastern Province,Saudi Arabia,Small Business
3491,william thomas,M,28,Dubai,Dubai,United Arab Emirates, Corporate
3492,Menna Gaber,F,44,tanta,Gharbia,Egypt,Small Business
3493,  HANA GABER,F,31,Jeddah,Makkah,Saudi Arabia,Corporate 
3494,Ghada Hassan,Female,31,Cairo,Cairo,Egypt,Small Business
3495,Shaimaa Ali,Female,22,luxor,Luxor,Egypt,Consumer
3496,Mohamed Fahmy,male,60,Assiut,Assiut,Egypt,VIP
3497,Farida Khaled  ,F,33,ASWAN,Aswan,Egypt,Consumer
3498,Khaled Al Harbi,male,31,Giza,Giza,Egypt,Corporate
3499,SAMEH KHALED,male,28,Ismailia,Ismailia,Egypt,Corporate
3500,Ava Wilson,F,21,6TH OF OCTOBER,Giza,Egypt,Corporate
3501,Laila Gaber,Female,62,riyadh,Riyadh,Saudi Arabia,Consumer
3502,Mostafa Youssef,male,39,cairo,Cairo,Egypt,Small Business
3503,Ali Ramadan,Male,48,Luxor,Luxor,Egypt,Consumer 
3504,Ali Al Ghamdi  ,male,63,cairo,Cairo,Egypt,Corporate
3505,Reem  Al Harbi,female,64,cairo,Cairo,Egypt,Consumer
3506,Nada Salem,F,48,kuwait city,Al Asimah,Kuwait,Consumer
3507,David Wilson,M,64,kuwait city,Al Asimah,Kuwait,Consumer
3508,Abdullah Farouk,M,60,alexandria,Alexandria,Egypt,Consumer
3509,Amelia Johnson,female,32,new cairo,Cairo,Egypt,Consumer
3510,Aisha Al Ghamdi,female,26,abu dhabi,Abu Dhabi,United Arab Emirates,Small Business
3511,Doaa Farouk,F,51,RIYADH,Riyadh,Saudi Arabia,Consumer
3512,Emma Clark,Female,36,Aswan,Aswan,Egypt,Consumer
3513,Thomas Ramadan,Male,34,Zagazig,Sharqia,Egypt,Consumer
3514,Sara Mahmoud  ,Female,42,jeddah,Makkah,Saudi Arabia,Corporate
3515,Mostafa Youssef,Male,18,Ismailia,Ismailia,Egypt,Consumer
3516,Amelia Davis,Female,58,suez,Suez,Egypt,Corporate
3517,Wael Fahmy,male,59,Giza,Giza,Egypt,Consumer
3518,Youssef Rashad,male,40,luxor,Luxor,Egypt,Corporate
3519,Sultan Ramadan,Male,55,Giza,Giza,Egypt,Corporate
3520,Robert Shalaby,male,34,Alexandria,Alexandria,Egypt,Small Business
3521,Emma Brown,Female,25,Giza,Giza,Egypt,Corporate
3522,Charlotte Scott,Female,37,6TH OF OCTOBER,Giza,Egypt,Small Business
3523,Michael Ali  ,Male,38,Jeddah,Makkah,Saudi Arabia,Corporate
3524,AMIRA SHALABY,F,27,luxor,Luxor,Egypt,VIP
3525,  Majed Ramadan,Male,44,Giza,Giza,Egypt,Consumer
3526,  youssef hassan,male,57,Cairo,Cairo,Egypt,Consumer
3527,Mia Wright,female,50,New Cairo,Cairo,Egypt,Consumer
3528,MAJED ZAKI,Male,19,Giza,Giza,Egypt,Corporate
3529,Wael Rashad,male,28,Cairo,Cairo,Egypt,Corporate
3530,Aisha Ramadan,female,37,6TH OF OCTOBER,Giza,Egypt,Consumer
3531,  Noura Fahmy,female,63,Mansoura,Dakahlia,Egypt,Small Business 
3532,Youssef Mostafa,male,26,Jeddah,Makkah,Saudi Arabia,VIP
3533,Sameh Salem,Male,57,aswan,Aswan,Egypt,Corporate
3534,Charlotte Khaled,F,40,Luxor,Luxor,Egypt,Consumer
3535,Amelia Lewis,female,60,Cairo,Cairo,Egypt,Consumer
3536,Sophia  Saad,F,25,Cairo,Cairo,Egypt,Consumer
3537,Ali Youssef,male,36,Giza,Giza,Egypt,Consumer
3538,Sultan Farouk,Male,64,new cairo,Cairo,Egypt,Corporate
3539,Amr Khaled,male,57,alexandria,Alexandria,Egypt,Consumer
3540,Aisha Gaber,female,32,Sharjah,Sharjah,United Arab Emirates,Small Business
3541,Khaled Ibrahim,male,21,Cairo,Cairo,Egypt,Small Business
3542,Isabella Farouk,Female,26,Luxor,Luxor,Egypt,Consumer
3543,Thomas Nasser,Male,32,cairo,Cairo,Egypt,Consumer
3544,Farida Mostafa,F,18,Abu Dhabi,Abu Dhabi,United Arab Emirates,Consumer
3545,Dina Shalaby,F,44,Giza,Giza,Egypt,Consumer
3546,Amr Khaled,male,34,Doha,Doha,Qatar,Small Business
3547,Menna Zaki,female,35,Mansoura,Dakahlia,Egypt,Consumer
3548,Bilal Ali,male,36,Abu Dhabi,Abu Dhabi,United Arab Emirates,Small Business
3549,olivia davis,female,41,Doha,Doha,Qatar,Consumer
3550,David King,male,59,Dubai,Dubai,United Arab Emirates,Consumer
3551,Bilal Al Harbi,Male,37,Aswan,Aswan,Egypt,Small Business
3552,Hassan Fahmy,male,35,Tanta,Gharbia,Egypt,Consumer
3553,Michael Ramadan,M,53,Tanta,Gharbia,Egypt,Corporate
3554,Latifa El Sayed,Female,19,Dubai,Dubai,United Arab Emirates,Consumer
3555,Michael Rashad,male,55,cairo,Cairo,Egypt,Corporate
3556,Ahmed Nasser,Male,51,Riyadh,Riyadh,Saudi Arabia,Consumer
3557,Karim Ali,Male,51,Giza,Giza,Egypt,Consumer
3558,Hana Salem,female,64,Cairo,Cairo,Egypt,Consumer
3559,Ahmed Saad,male,37,Giza,Giza,Egypt,Corporate
3560,Nada Nasser,F,44,Tanta,Gharbia,Egypt,VIP
3561,Tarek Al Qahtani,Male,55,Assiut,Assiut,Egypt,Small Business
3562,Ava Rashad,female,50,alexandria,Alexandria,Egypt,Consumer
3563,Menna  Zaki,Female,48,cairo,Cairo,Egypt,Consumer
3564,Hassan Ramadan,male,43,6th of october,Giza,Egypt,Consumer
3565,Hana Al Harbi,F,25,Abu Dhabi,Abu Dhabi,United Arab Emirates,Consumer
3566,Ahmed El Sayed,Male,23,Dammam,Eastern Province,Saudi Arabia,Consumer
3567,Wael Ali  ,Male,47,cairo,Cairo,Egypt,Corporate
3568,Reem Hassan,Female,30,Cairo,Cairo,Egypt, Corporate
3569,  Daniel Brown,Male,39,mansoura,Dakahlia,Egypt,Consumer
3570,Latifa Shalaby,Female,51,Medina,Al Madinah,Saudi Arabia,Consumer
3571,mostafa nasser,Male,43,Doha,Doha,Qatar,Small Business
3572,Menna Khaled,F,52,abu dhabi,Abu Dhabi,United Arab Emirates,Small Business
3573,Emily Taylor,Female,37,TANTA,Gharbia,Egypt,Consumer
3574,bilal zaki,M,59,ASWAN,Aswan,Egypt,Corporate
3575,  Salma Shalaby,F,22,Jeddah,Makkah,Saudi Arabia,Consumer
3576,Bilal Mostafa,male,62,Doha,Doha,Qatar,Small Business
3577,Thomas Hall,Male,56,Dubai,Dubai,United Arab Emirates,Consumer
3578,Ghada Al Qahtani,female,33,cairo,Cairo,Egypt,Consumer
3579,Aisha Shalaby,female,33,Doha,Doha,Qatar,Small Business
3580,Sultan Saad,Male,45,giza,Giza,Egypt,Consumer
3581,Majed Al Ghamdi,male,33,ISMAILIA,Ismailia,Egypt,Consumer
3582,Abdullah Ramadan  ,M,21,New Cairo,Cairo,Egypt,Small Business
3583,Mostafa Zaki,M,45,Cairo,Cairo,Egypt,Consumer
3584,Rana Mahmoud,Female,34,Jeddah,Makkah,Saudi Arabia,Consumer
3585,Aisha Mahmoud,F,62,Doha,Doha,Qatar,Small Business
3586,Majed Fahmy,M,52,Riyadh,Riyadh,Saudi Arabia,Consumer
3587,Karim Al Qahtani,Male,55,Abu Dhabi,Abu Dhabi,United Arab Emirates,Corporate
3588,Nada Salem  ,Female,32,Dubai,Dubai,United Arab Emirates,VIP
3589,Farida Youssef,Female,42,Giza,Giza,Egypt,Corporate
3590,  James Ibrahim,male,50,alexandria,Alexandria,Egypt,Small Business
3591,Karim Ibrahim,male,38,JEDDAH,Makkah,Saudi Arabia,Small Business
3592,Robert  Al Dosari,male,41,CAIRO,Cairo,Egypt,Corporate
3593,  Sameh Ramadan,male,61,Port Said,Port Said,Egypt,Small Business
3594,Heba Fahmy  ,female,62,Cairo,Cairo,Egypt,Small Business
3595,AMR FAROUK,M,53,6th of October,Giza,Egypt,Corporate
3596,Hana Zaki  ,female,47,Cairo,Cairo,Egypt,Consumer
3597,Mia Rashad,female,19,Dammam,Eastern Province,Saudi Arabia,Corporate
3598,Charlotte Ramadan,Female,30,Ismailia,Ismailia,Egypt,Consumer
3599,Ahmed Al Harbi,male,20,Riyadh,Riyadh,Saudi Arabia,Small Business
3600,  Ibrahim Farouk,M,59,dammam,Eastern Province,Saudi Arabia,Small Business
3601,Khaled Nasser,Male,32,Dubai,Dubai,United Arab Emirates,VIP
3602,James Hall,Male,53,Port Said,Port Said,Egypt,Corporate
3603,Majed Gaber,male,62,MANSOURA,Dakahlia,Egypt,Consumer 
3604,  ANDREW ABDELRAHMAN,M,27,Luxor,Luxor,Egypt,Small Business
3605,Bilal Mansour,Male,48,new cairo,Cairo,Egypt,Consumer
3606,Mahmoud Abdelrahman,Male,20,DAMMAM,Eastern Province,Saudi Arabia,Consumer
3607,Amelia Martin,F,45,Jeddah,Makkah,Saudi Arabia,Consumer
3608,HEBA  FAHMY,female,44,tanta,Gharbia,Egypt,VIP
3609,Mostafa Salem,M,55,ABU DHABI,Abu Dhabi,United Arab Emirates,Corporate
3610,Faisal Nasser,M,22,Cairo,Cairo,Egypt,Corporate
3611,Amira Mahmoud,F,58,Giza,Giza,Egypt,Corporate 
3612,Fatima Youssef,F,41,jeddah,Makkah,Saudi Arabia,VIP
3613,mia lewis,Female,64,Port Said,Port Said,Egypt,Consumer
3614,  Nasser Mostafa,Male,36,dammam,Eastern Province,Saudi Arabia,Consumer
3615,Mia Youssef,female,41,zagazig,Sharqia,Egypt,Consumer
3616,MOHAMED AL OTAIBI,Male,23,NEW CAIRO,Cairo,Egypt,VIP
3617,Mohamed Abdelrahman,Male,62,alexandria,Alexandria,Egypt,Corporate
3618,Tarek Mahmoud,male,53,Giza,Giza,Egypt,Corporate
3619,Sara Shalaby,Female,49,cairo,Cairo,Egypt,Small Business
3620,  Fahad El Sayed,Male,63,GIZA,Giza,Egypt,Consumer
3621,Sultan Al Qahtani,male,64,Suez,Suez,Egypt,Corporate
3622,Nasser Saad  ,male,39,Port Said,Port Said,Egypt,Consumer
3623,Noura Al Dosari,female,23,Tanta,Gharbia,Egypt,Corporate
3624,Ali Salem,male,22,mansoura,Dakahlia,Egypt,Corporate
3625,Noura Fahmy,Female,50,sharjah,Sharjah,United Arab Emirates,Small Business
3626,Noura Nasser,F,40,new cairo,Cairo,Egypt,Small Business
3627,Rana Shalaby,Female,62,ISMAILIA,Ismailia,Egypt,Corporate
3628,JAMES KING,Male,62,new cairo,Cairo,Egypt,Corporate
3629,James Johnson,M,38,Alexandria,Alexandria,Egypt,Consumer 
3630,Latifa Youssef,female,44,Dubai,Dubai,United Arab Emirates,Corporate
3631,  Bilal Ibrahim,Male,45,mansoura,Dakahlia,Egypt,Consumer
3632,Sameh Nasser,M,33,Riyadh,Riyadh,Saudi Arabia,Consumer
3633,Mona Salem,female,29,Aswan,Aswan,Egypt,VIP
3634,  Robert Wilson,Male,38,Cairo,Cairo,Egypt,Small Business
3635,Majed Abdelrahman,Male,33,ALEXANDRIA,Alexandria,Egypt,Consumer
3636,Mahmoud Mansour,M,47,6th of October,Giza,Egypt,Small Business
3637,  Daniel Anderson,male,51,New Cairo,Cairo,Egypt,Small Business 
3638,Heba Mostafa,Female,26,Cairo,Cairo,Egypt,Consumer
3639,khaled ibrahim,M,46,Giza,Giza,Egypt,Corporate
3640,Tarek Salem,male,29,Suez,Suez,Egypt,Corporate
3641,KARIM  AL QAHTANI,Male,47,cairo,Cairo,Egypt,Consumer
3642,Robert Fahmy,male,20,Cairo,Cairo,Egypt,Corporate
3643,Doaa Gaber,Female,52,Kuwait City,Al Asimah,Kuwait,Corporate
3644,Latifa Ramadan,F,45,Tanta,Gharbia,Egypt,Consumer
3645,Nasser Gaber  ,Male,53,Giza,Giza,Egypt,Corporate
3646,Sameh Rashad,M,31,MANSOURA,Dakahlia,Egypt,Consumer
3647,Hessa Al Qahtani,female,51,Giza,Giza,Egypt,Consumer
3648,Heba Ibrahim,female,39,doha,Doha,Qatar,Consumer
3649,Mohamed Al Dosari,M,23,Abu Dhabi,Abu Dhabi,United Arab Emirates,Consumer
3650,Mostafa Al Dosari,M,62,SUEZ,Suez,Egypt,Consumer
3651,Amelia Mostafa,F,55,kuwait city,Al Asimah,Kuwait,Consumer
3652,Michael Youssef,M,45,SUEZ,Suez,Egypt,Consumer
3653,William Youssef,M,30,6th of October,Giza,Egypt,Consumer
3654,John Scott,male,60,GIZA,Giza,Egypt,Corporate
3655,hessa ali,F,38,cairo,Cairo,Egypt,Corporate
3656,Isabella Brown,F,48,Alexandria,Alexandria,Egypt,Consumer
3657,Hessa Al Qahtani,Female,49,Dubai,Dubai,United Arab Emirates,Consumer 
3658,Aisha Shalaby,F,60,Mecca,Makkah,Saudi Arabia,Small Business
3659,Ali Al Ghamdi,Male,22,Abu Dhabi,Abu Dhabi,United Arab Emirates,Consumer
3660,Olivia El Sayed,Female,58,TANTA,Gharbia,Egypt,Consumer
3661,Sophia Clark,Female,18,New Cairo,Cairo,Egypt,Consumer
3662,Hessa Ibrahim,F,29,Medina,Al Madinah,Saudi Arabia,VIP
3663,Hassan Khaled,male,55,jeddah,Makkah,Saudi Arabia,VIP
3664,DANIEL JOHNSON,M,23,dammam,Eastern Province,Saudi Arabia,Corporate
3665,HOSSAM FAROUK,M,54,Jeddah,Makkah,Saudi Arabia,Consumer
3666,Sherif Ramadan,M,22,GIZA,Giza,Egypt,Corporate
3667,amira farouk,female,61,Cairo,Cairo,Egypt,Consumer
3668,Fahad  Ali,male,40,new cairo,Cairo,Egypt,Consumer
3669,Hana Salem,female,18,alexandria,Alexandria,Egypt,VIP 
3670,Sameh Hassan,M,60,aswan,Aswan,Egypt,Consumer
3671,Noura Al Qahtani,female,44,giza,Giza,Egypt,Consumer
3672,Robert Walker,Male,22,mecca,Makkah,Saudi Arabia,Corporate
3673,Fatima Rashad,female,28,Cairo,Cairo,Egypt, Consumer
3674,Ghada Farouk,F,59,6th of october,Giza,Egypt,Corporate
3675,Tarek Zaki,M,45,Dubai,Dubai,United Arab Emirates,Consumer
3676,Menna Al Harbi,F,48,Medina,Al Madinah,Saudi Arabia,Corporate
3677,Rana El Sayed,Female,33,Aswan,Aswan,Egypt,Consumer
3678,Ashraf Mahmoud,male,25,Doha,Doha,Qatar,Consumer
3679,Grace Scott,F,54,Kuwait City,Al Asimah,Kuwait,Consumer
3680,Latifa Mostafa,F,45,Port Said,Port Said,Egypt,Consumer
3681,Hana Abdelrahman,Female,51,JEDDAH,Makkah,Saudi Arabia,Small Business
3682,Sophia  Jackson,F,47,New Cairo,Cairo,Egypt,Consumer
3683,Bilal Fahmy,Male,65,alexandria,Alexandria,Egypt,Corporate 
3684,Nada Abdelrahman,female,51,6th of October,Giza,Egypt,Small Business
3685,Ahmed Ibrahim,M,24,ABU DHABI,Abu Dhabi,United Arab Emirates,Consumer
3686,Thomas Moore,Male,53,ZAGAZIG,Sharqia,Egypt,Consumer
3687,Sophia Clark,F,64,Cairo,Cairo,Egypt,Consumer
3688,Faisal Mahmoud,male,22,alexandria,Alexandria,Egypt,Corporate
3689,  Joseph Clark,male,23,Jeddah,Makkah,Saudi Arabia,Consumer
3690,Nour Shalaby,Female,42,Cairo,Cairo,Egypt,Consumer
3691,Hessa Al Qahtani  ,Female,50,CAIRO,Cairo,Egypt,Consumer
3692,Faisal Zaki,male,46,Sharjah,Sharjah,United Arab Emirates,Consumer
3693,Latifa Al Dosari,female,44,Dubai,Dubai,United Arab Emirates,Consumer
3694,Karim Youssef,Male,55,Mansoura,Dakahlia,Egypt,Consumer
3695,rana nasser,F,45,ALEXANDRIA,Alexandria,Egypt,Corporate
3696,Hassan El Sayed,Male,65,alexandria,Alexandria,Egypt,Small Business
3697,Hassan Hassan,M,35,Cairo,Cairo,Egypt,Consumer
3698,Ali Mostafa,Male,20,RIYADH,Riyadh,Saudi Arabia,Consumer
3699,Ali Ibrahim,M,42,6th of October,Giza,Egypt,Corporate
3700,Farida Youssef,F,55,aswan,Aswan,Egypt,Consumer
3701,Farida Al Otaibi,female,32,Cairo,Cairo,Egypt,Consumer
3702,  Hassan Khaled,male,44,Dubai,Dubai,United Arab Emirates,Consumer
3703,John Salem,M,31,mecca,Makkah,Saudi Arabia,Consumer
3704,Joseph Zaki,male,48,Jeddah,Makkah,Saudi Arabia,Small Business
3705,Robert Fahmy,Male,47,Dubai,Dubai,United Arab Emirates,Consumer
3706,Ashraf Al Dosari,M,21,new cairo,Cairo,Egypt,Corporate
3707,mia thomas,female,46,Suez,Suez,Egypt,VIP
3708,Emma Johnson  ,F,36,Assiut,Assiut,Egypt,Consumer
3709,Tarek Ali,M,41,Ismailia,Ismailia,Egypt,Consumer
3710,Ava Al Ghamdi,female,34,New Cairo,Cairo,Egypt,Consumer
3711,  Nada Salem,Female,39,Cairo,Cairo,Egypt, VIP
3712,Amira Mostafa,Female,32,Jeddah,Makkah,Saudi Arabia,Consumer
3713,Doaa Khaled,female,62,alexandria,Alexandria,Egypt,Small Business
3714,Sameh El Sayed,Male,52,Giza,Giza,Egypt,Consumer
3715,Isabella Al Ghamdi,Female,47,aswan,Aswan,Egypt,Corporate
3716,  Mohamed Khaled,M,20,Dubai,Dubai,United Arab Emirates,Corporate
3717,Karim Al Ghamdi  ,Male,52,Jeddah,Makkah,Saudi Arabia,Corporate
3718,Joseph Farouk  ,male,28,SHARJAH,Sharjah,United Arab Emirates,Corporate
3719,AHMED AL DOSARI,male,23,6th of october,Giza,Egypt,Consumer
3720,Ahmed Gaber,male,46,tanta,Gharbia,Egypt,Consumer
3721,James Brown,male,38,Giza,Giza,Egypt,Consumer
3722,  Amira Al Dosari,F,40,Mansoura,Dakahlia,Egypt,VIP
3723,Sameh Abdelrahman,M,31,Dubai,Dubai,United Arab Emirates,Corporate
3724,Robert Davis,male,36,Alexandria,Alexandria,Egypt,Consumer
3725,Wael  Ibrahim,male,28,Cairo,Cairo,Egypt,Consumer
3726,Rana Shalaby,female,31,New Cairo,Cairo,Egypt,Consumer
3727,Wael Abdelrahman,M,33,Mansoura,Dakahlia,Egypt,Consumer
3728,Mahmoud Al Dosari,male,18,Cairo,Cairo,Egypt,Consumer
3729,Joseph Smith,M,60,New Cairo,Cairo,Egypt,Consumer
3730,Latifa  Abdelrahman,F,40,mecca,Makkah,Saudi Arabia,Consumer
3731,Shaimaa Al Qahtani,F,29,Dammam,Eastern Province,Saudi Arabia, Consumer
3732,Tarek Fahmy,male,52,Cairo,Cairo,Egypt,Small Business
3733,Shaimaa Ibrahim,female,45,Giza,Giza,Egypt,Small Business
3734,Majed Youssef,Male,39,Jeddah,Makkah,Saudi Arabia,VIP
3735,Emma Thomas,female,19,port said,Port Said,Egypt,VIP
3736,James Saad,Male,55,New Cairo,Cairo,Egypt,Consumer
3737,Mohamed Mansour,male,41,Giza,Giza,Egypt,Corporate
3738,FARIDA AL DOSARI,Female,19,Cairo,Cairo,Egypt,Consumer
3739,LAILA  SHALABY,Female,33,Doha,Doha,Qatar,Small Business
3740,Noura Nasser,F,45,New Cairo,Cairo,Egypt,Corporate
3741,  Karim Fahmy,Male,50,GIZA,Giza,Egypt,Consumer
3742,David Youssef  ,male,21,6th of october,Giza,Egypt,Small Business
3743,Abdullah Ali,male,48,Cairo,Cairo,Egypt,Consumer
3744,Noura Mansour,female,52,cairo,Cairo,Egypt,Corporate
3745,Wael Nasser,male,39,Giza,Giza,Egypt,Corporate
3746,Robert Wilson,M,55,Tanta,Gharbia,Egypt,Consumer
3747,ROBERT BROWN,Male,22,Sharjah,Sharjah,United Arab Emirates,Consumer
3748,Fatima Mahmoud,Female,32,Jeddah,Makkah,Saudi Arabia,Consumer
3749,KHALED KHALED,Male,32,Cairo,Cairo,Egypt,Small Business
3750,Ashraf Nasser,M,51,Zagazig,Sharqia,Egypt,Small Business
3751,Ibrahim Rashad,Male,63,6th of october,Giza,Egypt,Consumer
3752,Hassan Ali,M,20,Kuwait City,Al Asimah,Kuwait,Corporate
3753,Khaled  Ibrahim,male,37,Cairo,Cairo,Egypt,Consumer
3754,Michael Young,male,43,Giza,Giza,Egypt,Small Business
3755,Farida Gaber,Female,50,6th of October,Giza,Egypt,Consumer
3756,William  Davis,Male,49,CAIRO,Cairo,Egypt,Consumer
3757,Amira Youssef,Female,47,Giza,Giza,Egypt,Consumer
3758,Aya Abdelrahman,female,32,6th of october,Giza,Egypt,Consumer
3759,Wael Youssef,M,34,mansoura,Dakahlia,Egypt,Consumer
3760,Farida Saad,Female,60,Aswan,Aswan,Egypt,Consumer
3761,Latifa Shalaby,F,43,Sharjah,Sharjah,United Arab Emirates,VIP
3762,Doaa Ramadan,Female,20,Dammam,Eastern Province,Saudi Arabia,Corporate
3763,Sara Al Harbi,F,38,Jeddah,Makkah,Saudi Arabia,Small Business
3764,Hessa Al Harbi,Female,53,doha,Doha,Qatar,Consumer
3765,Sultan Rashad,M,40,Abu Dhabi,Abu Dhabi,United Arab Emirates,Consumer
3766,LATIFA FAHMY,Female,23,Doha,Doha,Qatar,Consumer
3767,Daniel Youssef,male,29,RIYADH,Riyadh,Saudi Arabia,Corporate
3768,Menna Zaki,Female,65,Kuwait City,Al Asimah,Kuwait,Consumer
3769,Hossam Zaki,Male,55,DOHA,Doha,Qatar,Consumer
3770,ANDREW WILSON,male,24,Riyadh,Riyadh,Saudi Arabia,Consumer
3771,  Nada Zaki,F,26,SHARJAH,Sharjah,United Arab Emirates,Consumer
3772,Emily Walker  ,F,28,Port Said,Port Said,Egypt,Small Business
3773,Aisha Gaber,F,24,Jeddah,Makkah,Saudi Arabia,VIP
3774,heba  al qahtani,F,40,alexandria,Alexandria,Egypt,Consumer
3775,Amr Mostafa,M,33,Alexandria,Alexandria,Egypt,Consumer
3776,David Smith  ,M,38,Mecca,Makkah,Saudi Arabia,Corporate
3777,Yasmin Al Qahtani  ,female,64,Mecca,Makkah,Saudi Arabia,Small Business
3778,Menna Saad,F,51,Suez,Suez,Egypt,Small Business
3779,  Tarek Farouk,male,62,RIYADH,Riyadh,Saudi Arabia,Consumer
3780,  AMIRA AL DOSARI,female,50,6th of october,Giza,Egypt, Corporate
3781,Hossam Zaki,M,51,giza,Giza,Egypt,Small Business
3782,Robert Moore,Male,58,Giza,Giza,Egypt,Small Business
3783,Mona Hassan  ,female,49,giza,Giza,Egypt,Small Business
3784,William Salem,M,42,Dammam,Eastern Province,Saudi Arabia,Consumer
3785,Sultan  Shalaby,male,33,6TH OF OCTOBER,Giza,Egypt,Corporate
3786,Tarek Ali,Male,45,GIZA,Giza,Egypt, Consumer
3787,Emma Jackson,F,28,6th of October,Giza,Egypt,Consumer
3788,Sameh Mahmoud,male,64,Cairo,Cairo,Egypt,Consumer
3789,SAMEH KHALED,Male,65,Jeddah,Makkah,Saudi Arabia,Consumer
3790,Daniel Johnson,Male,21,Sharjah,Sharjah,United Arab Emirates,Consumer
3791,Hassan Rashad  ,male,53,Cairo,Cairo,Egypt,Corporate
3792,Aisha Mansour,Female,38,Giza,Giza,Egypt,VIP
3793,ahmed al qahtani,male,56,Cairo,Cairo,Egypt,VIP
3794,Noura Ibrahim,Female,28,new cairo,Cairo,Egypt,Consumer
3795,Amira Zaki,F,21,Riyadh,Riyadh,Saudi Arabia,Consumer
3796,John Hassan,M,56,assiut,Assiut,Egypt,Corporate
3797,Mia Salem,female,21,Alexandria,Alexandria,Egypt,Consumer
3798,WAEL SHALABY,M,39,ZAGAZIG,Sharqia,Egypt,Small Business
3799,David Anderson,male,36,Mansoura,Dakahlia,Egypt,Consumer
3800,James Moore,M,51,zagazig,Sharqia,Egypt,Consumer
3801,SULTAN AL OTAIBI,Male,41,Dubai,Dubai,United Arab Emirates,Consumer
3802,NOUR KHALED,Female,59,Alexandria,Alexandria,Egypt,Corporate
3803,John Wilson,Male,61,Jeddah,Makkah,Saudi Arabia,Corporate
3804,mia mansour,F,54,KUWAIT CITY,Al Asimah,Kuwait,VIP
3805,Ibrahim Mansour,male,42,Doha,Doha,Qatar, Consumer
3806,Mariam Fahmy,female,38,Kuwait City,Al Asimah,Kuwait,Consumer
3807,Faisal Salem,male,38,Mansoura,Dakahlia,Egypt,Small Business 
3808,Sameh  Salem,Male,27,mecca,Makkah,Saudi Arabia,VIP
3809,mahmoud shalaby,male,20,Luxor,Luxor,Egypt,Consumer
3810,Mia Mostafa,female,28,Giza,Giza,Egypt,Consumer
3811,Mia Mahmoud,Female,26,dubai,Dubai,United Arab Emirates,Consumer
3812,  Amira Rashad,Female,59,ALEXANDRIA,Alexandria,Egypt,Corporate
3813,Majed Rashad,M,65,Cairo,Cairo,Egypt,Consumer
3814,Youssef Saad,M,61,DAMMAM,Eastern Province,Saudi Arabia,Corporate
3815,Nour Saad,F,43,assiut,Assiut,Egypt,Consumer
3816,Nada Zaki,F,33,Alexandria,Alexandria,Egypt,Consumer
3817,  Olivia Farouk,female,59,new cairo,Cairo,Egypt,Small Business
3818,Ahmed Saad,M,56,Riyadh,Riyadh,Saudi Arabia,Consumer
3819,Olivia Al Dosari,female,26,Dubai,Dubai,United Arab Emirates,Consumer
3820,Fatima Gaber,female,41,MEDINA,Al Madinah,Saudi Arabia,Consumer
3821,Isabella Nasser,Female,32,Cairo,Cairo,Egypt,Consumer
3822,Sultan Farouk  ,M,64,Cairo,Cairo,Egypt,Consumer
3823,Tarek Abdelrahman,Male,29,alexandria,Alexandria,Egypt, Consumer
3824,Abdullah Ali,M,65,Alexandria,Alexandria,Egypt,Consumer
3825,Mia Wright,F,53,aswan,Aswan,Egypt,Corporate
3826,sultan al ghamdi  ,M,23,dammam,Eastern Province,Saudi Arabia,Corporate
3827,Fahad Farouk,M,59,Mansoura,Dakahlia,Egypt,Consumer
3828,Majed Al Dosari,Male,23,Sharjah,Sharjah,United Arab Emirates,Consumer
3829,Sara Mansour,female,50,cairo,Cairo,Egypt,Corporate
3830,  Tarek Al Harbi,Male,23,SUEZ,Suez,Egypt,VIP
3831,Shaimaa Mahmoud,Female,65,Riyadh,Riyadh,Saudi Arabia,Consumer
3832,Andrew King,male,49,Jeddah,Makkah,Saudi Arabia,Consumer
3833,AMIRA RASHAD,female,46,Jeddah,Makkah,Saudi Arabia,Consumer
3834,  Reem Al Otaibi,F,49,6th of October,Giza,Egypt,Consumer
3835,Mahmoud Youssef,M,63,Jeddah,Makkah,Saudi Arabia,Corporate
3836,Abdullah Al Harbi,male,23,Giza,Giza,Egypt,Corporate
3837,Salma Hassan,Female,24,mecca,Makkah,Saudi Arabia,Consumer
3838,Hassan Farouk,M,42,giza,Giza,Egypt,Corporate
3839,Hassan Youssef,M,51,Alexandria,Alexandria,Egypt,Small Business
3840,Amr Ramadan  ,male,61,SUEZ,Suez,Egypt,Consumer
3841,Sophia Khaled,Female,56,Zagazig,Sharqia,Egypt,Consumer
3842,Hossam Abdelrahman,male,36,GIZA,Giza,Egypt,Consumer
3843,Hana Youssef,Female,56,alexandria,Alexandria,Egypt,Consumer
3844,Tarek Mostafa,M,43,Giza,Giza,Egypt,Small Business
3845,hessa fahmy,Female,24,suez,Suez,Egypt,Consumer
3846,Amr Hassan,Male,50,Doha,Doha,Qatar,Small Business
3847,Hassan  Gaber,M,20,ASWAN,Aswan,Egypt,Small Business
3848,Robert  Al Otaibi,Male,65,Jeddah,Makkah,Saudi Arabia,Consumer
3849,Menna Khaled,female,32,Riyadh,Riyadh,Saudi Arabia,Corporate
3850,Emily Youssef,female,42,Mansoura,Dakahlia,Egypt,Corporate
3851,Mostafa Saad,male,34,ALEXANDRIA,Alexandria,Egypt,Consumer
3852,MOHAMED KHALED,M,39,Giza,Giza,Egypt,Consumer
3853,Ali Ali,M,53,Abu Dhabi,Abu Dhabi,United Arab Emirates,Small Business
3854,Dina Abdelrahman,F,63,Cairo,Cairo,Egypt,Consumer
3855,Hana Hassan,female,49,CAIRO,Cairo,Egypt,Small Business
3856,Wael Al Otaibi,male,59,Tanta,Gharbia,Egypt,Consumer
3857,Yasmin Youssef,female,23,Ismailia,Ismailia,Egypt,Consumer
3858,Omar Farouk,male,58,Cairo,Cairo,Egypt,Consumer
3859,Laila Mostafa,Female,45,Port Said,Port Said,Egypt,Consumer
3860,Tarek Al Harbi,Male,45,GIZA,Giza,Egypt,Small Business
3861,William Mansour,M,58,aswan,Aswan,Egypt,Consumer
3862,Laila Rashad,Female,36,Cairo,Cairo,Egypt,Consumer
3863,Hassan Ibrahim,M,33,ALEXANDRIA,Alexandria,Egypt,Consumer
3864,Rana Ali,female,24,Jeddah,Makkah,Saudi Arabia,Consumer
3865,Majed  Al Harbi,M,38,New Cairo,Cairo,Egypt,Consumer
3866,Michael Al Qahtani,Male,20,giza,Giza,Egypt,Consumer
3867,Faisal  Zaki,Male,43,Mecca,Makkah,Saudi Arabia,Small Business
3868,Menna Saad,F,36,DUBAI,Dubai,United Arab Emirates,Consumer
3869,Hassan Saad,Male,31,NEW CAIRO,Cairo,Egypt,Consumer
3870,Karim Ibrahim,M,43,PORT SAID,Port Said,Egypt,Consumer
3871,Dina Abdelrahman,female,60,6th of October,Giza,Egypt,Consumer
3872,Sherif Nasser,Male,36,Mansoura,Dakahlia,Egypt,Consumer
3873,Hassan Mahmoud,Male,52,Abu Dhabi,Abu Dhabi,United Arab Emirates,Corporate
3874,Mona Mansour,female,56,6TH OF OCTOBER,Giza,Egypt,Consumer
3875,  Shaimaa Salem,F,36,Jeddah,Makkah,Saudi Arabia,VIP
3876,Sultan Ramadan,Male,28,KUWAIT CITY,Al Asimah,Kuwait,Small Business
3877,James Hall,Male,43,Cairo,Cairo,Egypt,Consumer
3878,  Emily Taylor,female,49,Port Said,Port Said,Egypt,Consumer
3879,Nasser Mostafa,male,19,ABU DHABI,Abu Dhabi,United Arab Emirates,Small Business
3880,John Salem,M,54,MEDINA,Al Madinah,Saudi Arabia,Corporate
3881,Sherif Mansour  ,M,43,dammam,Eastern Province,Saudi Arabia,Consumer
3882,MARIAM HASSAN,Female,44,Alexandria,Alexandria,Egypt,Consumer
3883,Ibrahim Al Dosari,male,56,Assiut,Assiut,Egypt,Consumer
3884,Khaled  Mahmoud,Male,63,mansoura,Dakahlia,Egypt,Small Business
3885,Olivia Brown,Female,47,SUEZ,Suez,Egypt,Corporate
3886,Aya Nasser,F,64,Dubai,Dubai,United Arab Emirates,Consumer
3887,Heba Fahmy,F,45,giza,Giza,Egypt,Consumer
3888,Ibrahim  Al Ghamdi,M,31,KUWAIT CITY,Al Asimah,Kuwait,Consumer
3889,Amelia Al Qahtani,Female,37,cairo,Cairo,Egypt, Consumer
3890,Tarek Farouk,male,55,New Cairo,Cairo,Egypt,Corporate
3891,  Mona Youssef,F,42,New Cairo,Cairo,Egypt,Consumer
3892,Amr El Sayed,Male,32,Riyadh,Riyadh,Saudi Arabia,Consumer
3893,Omar Al Ghamdi,Male,27,Alexandria,Alexandria,Egypt,Consumer
3894,SULTAN FAROUK,male,48,New Cairo,Cairo,Egypt,Corporate
3895,Michael Hassan,Male,62,ALEXANDRIA,Alexandria,Egypt,VIP
3896,Nour Mahmoud,female,62,Giza,Giza,Egypt,Consumer
3897,Noura El Sayed,Female,53,assiut,Assiut,Egypt,Consumer
3898,Ghada Al Dosari,F,23,Jeddah,Makkah,Saudi Arabia,Corporate
3899,Isabella Zaki,female,19,Suez,Suez,Egypt,VIP
3900,Nasser Al Dosari,male,21,Cairo,Cairo,Egypt,Consumer
3901,Rana Khaled,F,25,Giza,Giza,Egypt,Consumer
3902,John Walker,M,57,Zagazig,Sharqia,Egypt,Consumer
3903,Mahmoud Al Harbi,male,58,DAMMAM,Eastern Province,Saudi Arabia,Consumer
3904,Tarek Mostafa,male,28,giza,Giza,Egypt,Small Business
3905,  Ghada Nasser,female,47,New Cairo,Cairo,Egypt,Consumer
3906,Khaled Khaled,male,37,DUBAI,Dubai,United Arab Emirates,Corporate
3907,Bilal Nasser,male,56,Giza,Giza,Egypt,Small Business
3908,reem mahmoud  ,Female,27,DUBAI,Dubai,United Arab Emirates,Consumer
3909,Robert Hall  ,Male,35,RIYADH,Riyadh,Saudi Arabia,Corporate
3910,Grace Rashad,Female,19,Dammam,Eastern Province,Saudi Arabia,Consumer
3911,David Lewis,M,55,New Cairo,Cairo,Egypt,Consumer
3912,David  Clark,M,25,6th of October,Giza,Egypt,Consumer
3913,Ashraf Farouk,male,46,Ismailia,Ismailia,Egypt,Corporate
3914,Mohamed Saad  ,M,35,Suez,Suez,Egypt,Consumer
3915,Ahmed Hassan,M,25,Sharjah,Sharjah,United Arab Emirates,Corporate
3916,Farida  Youssef,F,32,tanta,Gharbia,Egypt,Small Business
3917,Ali Al Harbi,male,33,Mansoura,Dakahlia,Egypt,Corporate
3918,Ava Saad,female,34,CAIRO,Cairo,Egypt,Consumer
3919,Shaimaa Khaled,F,20,Abu Dhabi,Abu Dhabi,United Arab Emirates,Consumer
3920,Ibrahim Al Dosari,Male,38,KUWAIT CITY,Al Asimah,Kuwait,Consumer
3921,Fahad Nasser,Male,63,SUEZ,Suez,Egypt,Consumer 
3922,Mohamed Al Dosari,M,23,Cairo,Cairo,Egypt,Small Business
3923,charlotte jackson,Female,33,riyadh,Riyadh,Saudi Arabia,Consumer
3924,Hassan  Mostafa,Male,24,Cairo,Cairo,Egypt,Small Business
3925,KHALED HASSAN,Male,22,Giza,Giza,Egypt,Consumer
3926,Hana Al Dosari,F,31,6th of October,Giza,Egypt,VIP
3927,Heba Ramadan,Female,62,Luxor,Luxor,Egypt,Corporate 
3928,Michael Taylor,Male,41,New Cairo,Cairo,Egypt,Small Business
3929,Sultan Al Harbi,Male,21,giza,Giza,Egypt,Consumer
3930,Ahmed Saad,Male,47,Doha,Doha,Qatar,Consumer 
3931,Andrew  Lewis,male,22,Cairo,Cairo,Egypt,Consumer
3932,SHAIMAA AL DOSARI,Female,18,CAIRO,Cairo,Egypt,Consumer 
3933,Amira Ramadan,Female,34,Suez,Suez,Egypt,Consumer
3934,Hessa Ramadan,Female,40,New Cairo,Cairo,Egypt,Consumer
3935,  Hassan Saad,M,28,RIYADH,Riyadh,Saudi Arabia,Corporate
3936,BILAL IBRAHIM,Male,41,Port Said,Port Said,Egypt,Consumer
3937,Amr Hassan,male,63,alexandria,Alexandria,Egypt,Small Business
3938,Wael Ali,Male,18,Cairo,Cairo,Egypt,Consumer
3939,Mia Mahmoud,Female,52,Cairo,Cairo,Egypt,Corporate
3940,David Clark,male,25,Abu Dhabi,Abu Dhabi,United Arab Emirates,Consumer 
3941,Fahad Mahmoud,male,38,CAIRO,Cairo,Egypt,Consumer
3942,Doaa Al Ghamdi,F,30,Port Said,Port Said,Egypt,Consumer
3943,Thomas Scott,M,53,Doha,Doha,Qatar,Consumer
3944,Laila Mahmoud,Female,31,Abu Dhabi,Abu Dhabi,United Arab Emirates,Consumer
3945,Hessa Nasser,F,44,dubai,Dubai,United Arab Emirates,Consumer
3946,William King,Male,57,Dubai,Dubai,United Arab Emirates,Consumer
3947,Tarek Salem  ,male,36,mecca,Makkah,Saudi Arabia,Corporate
3948,Amira Al Harbi,Female,26,Cairo,Cairo,Egypt,Consumer
3949,Joseph Youssef,male,33,Jeddah,Makkah,Saudi Arabia,Small Business
3950,Ali Fahmy,M,33,Giza,Giza,Egypt,VIP
3951,mona ali,female,45,Dubai,Dubai,United Arab Emirates,Consumer
3952,David Youssef,M,21,Cairo,Cairo,Egypt,Small Business
3953,William Scott,Male,51,KUWAIT CITY,Al Asimah,Kuwait,Consumer
3954,  Karim Saad,M,39,cairo,Cairo,Egypt,Corporate
3955,Ahmed Rashad,male,33,Cairo,Cairo,Egypt,Consumer
3956,Mahmoud Saad,Male,20,Ismailia,Ismailia,Egypt,Consumer
3957,Joseph Abdelrahman,male,43,doha,Doha,Qatar,Consumer
3958,Doaa Shalaby,F,31,Alexandria,Alexandria,Egypt,Consumer
3959,hassan  hassan,male,19,medina,Al Madinah,Saudi Arabia,Consumer
3960,sophia al ghamdi,F,60,CAIRO,Cairo,Egypt,Consumer
3961,Isabella Johnson,female,20,Aswan,Aswan,Egypt,Small Business
3962,Robert Farouk,male,58,Riyadh,Riyadh,Saudi Arabia,Consumer
3963,Nada Abdelrahman,female,20,Dubai,Dubai,United Arab Emirates,Consumer
3964,Mia Martin,female,41,New Cairo,Cairo,Egypt,VIP
3965,Michael Farouk,Male,42,new cairo,Cairo,Egypt,Consumer
3966,Omar Zaki,Male,19,New Cairo,Cairo,Egypt,Consumer
3967,Sultan Gaber,M,22,Jeddah,Makkah,Saudi Arabia,Consumer
3968,Mostafa Mostafa,M,49,giza,Giza,Egypt,Consumer
3969,Majed Farouk,Male,23,GIZA,Giza,Egypt,Small Business
3970,Joseph Mahmoud,male,34,medina,Al Madinah,Saudi Arabia,Consumer
3971,Laila Youssef,female,59,Aswan,Aswan,Egypt,Corporate
3972,Latifa Mahmoud,Female,25,MANSOURA,Dakahlia,Egypt,Consumer
3973,Hossam Salem,Male,34,MEDINA,Al Madinah,Saudi Arabia,Corporate
3974,Mahmoud Farouk,male,51,Alexandria,Alexandria,Egypt,Consumer
3975,WILLIAM LEWIS,M,29,Tanta,Gharbia,Egypt,Consumer
3976,Fatima Khaled,female,47,Mecca,Makkah,Saudi Arabia,VIP
3977,Sophia Jackson  ,Female,56,doha,Doha,Qatar,Corporate
3978,Faisal  Saad,male,31,Zagazig,Sharqia,Egypt,Small Business
3979,Emily Abdelrahman,Female,28,Luxor,Luxor,Egypt,Consumer
3980,Nasser Salem,M,41,Alexandria,Alexandria,Egypt,Consumer
3981,sultan salem  ,Male,40,alexandria,Alexandria,Egypt,VIP
3982,Fahad Al Ghamdi,Male,22,Alexandria,Alexandria,Egypt,Consumer
3983,Tarek Hassan,M,34,zagazig,Sharqia,Egypt,Small Business
3984,THOMAS GABER,male,20,new cairo,Cairo,Egypt, Small Business
3985,HANA KHALED,Female,54,alexandria,Alexandria,Egypt,Small Business
3986,Sameh Abdelrahman,M,38,cairo,Cairo,Egypt,Consumer
3987,Grace El Sayed,female,61,NEW CAIRO,Cairo,Egypt,Consumer
3988,Laila Al Otaibi,Female,44,new cairo,Cairo,Egypt,Consumer
3989,Yasmin Ali,F,25,Jeddah,Makkah,Saudi Arabia,Corporate
3990,Bilal Ramadan,male,63,Dubai,Dubai,United Arab Emirates,Consumer
3991,Thomas Fahmy,male,35,Abu Dhabi,Abu Dhabi,United Arab Emirates,Consumer
3992,Omar  Ibrahim,M,63,DOHA,Doha,Qatar,VIP
3993,Fatima Zaki,female,32,RIYADH,Riyadh,Saudi Arabia,Consumer
3994,Fatima Rashad,female,50,GIZA,Giza,Egypt,Small Business
3995,Bilal Farouk,male,39,Mansoura,Dakahlia,Egypt,Consumer
3996,Amira Al Otaibi,Female,49,CAIRO,Cairo,Egypt,VIP
3997,sameh mahmoud,M,29,Mansoura,Dakahlia,Egypt,VIP
3998,Michael  Youssef,M,23,MEDINA,Al Madinah,Saudi Arabia,Small Business
3999,JOSEPH  SMITH,male,28,jeddah,Makkah,Saudi Arabia,Corporate
4000,AHMED GABER,male,28,JEDDAH,Makkah,Saudi Arabia,Consumer
4001,Ava Mansour,F,43,6TH OF OCTOBER,Giza,Egypt,Corporate
4002,Youssef Gaber,Male,23,New Cairo,Cairo,Egypt,Corporate
4003,Shaimaa Ramadan,female,22,Dubai,Dubai,United Arab Emirates,Corporate
4004,Shaimaa Ali,female,42,6th of October,Giza,Egypt,Consumer
4005,Sara Ali,Female,21,ISMAILIA,Ismailia,Egypt, Consumer
4006,Mariam Khaled,female,30,Cairo,Cairo,Egypt,Corporate
4007,Isabella El Sayed,F,61,Aswan,Aswan,Egypt,Consumer
4008,NOUR HASSAN,female,64,Giza,Giza,Egypt,Corporate
4009,Bilal Al Qahtani,Male,39,CAIRO,Cairo,Egypt,Consumer
4010,David Walker,male,54,Cairo,Cairo,Egypt,VIP
4011,Amira Mansour,F,27,6th of October,Giza,Egypt,Consumer
4012,Ali El Sayed  ,Male,58,New Cairo,Cairo,Egypt,VIP
4013,Wael Hassan,male,35,Mecca,Makkah,Saudi Arabia,Small Business
4014,Dina Gaber,F,49,Abu Dhabi,Abu Dhabi,United Arab Emirates,Corporate
4015,Hossam Fahmy,male,59,Jeddah,Makkah,Saudi Arabia,Corporate
4016,  Amr Farouk,male,52,MEDINA,Al Madinah,Saudi Arabia,Consumer
4017,  Aya Khaled,Female,58,New Cairo,Cairo,Egypt,Corporate
4018,Aya Hassan,Female,23,cairo,Cairo,Egypt,Small Business
4019,Ashraf Shalaby,Male,24,GIZA,Giza,Egypt,Consumer
4020,David Thomas,M,61,Alexandria,Alexandria,Egypt,Consumer
4021,Sophia Hassan,Female,58,port said,Port Said,Egypt,Consumer
4022,Faisal Fahmy,male,37,jeddah,Makkah,Saudi Arabia,Consumer
4023,Mahmoud Rashad,M,47,Abu Dhabi,Abu Dhabi,United Arab Emirates,Consumer 
4024,Menna  Al Dosari,female,42,sharjah,Sharjah,United Arab Emirates,Corporate
4025,Thomas Brown,male,47,luxor,Luxor,Egypt,Consumer
4026,Emma El Sayed  ,Female,48,new cairo,Cairo,Egypt, Small Business
4027,Robert Farouk,M,55,Assiut,Assiut,Egypt,Consumer
4028,Sophia Zaki,F,62,Doha,Doha,Qatar,Consumer
4029,SARA HASSAN,Female,28,Suez,Suez,Egypt,Corporate
4030,Menna Al Otaibi,female,63,cairo,Cairo,Egypt,Small Business
4031,James Martin,Male,62,TANTA,Gharbia,Egypt,Consumer
4032,Isabella  Hall,F,61,Tanta,Gharbia,Egypt,Consumer
4033,Emily Johnson,Female,23,mecca,Makkah,Saudi Arabia,Consumer
4034,Charlotte Young,female,47,doha,Doha,Qatar,Small Business
4035,Ibrahim Youssef,male,50,Dubai,Dubai,United Arab Emirates,Corporate
4036,  Mariam Al Dosari,Female,22,MANSOURA,Dakahlia,Egypt,Small Business
4037,Reem Mansour,Female,56,Assiut,Assiut,Egypt,Corporate
4038,Salma Youssef,Female,62,cairo,Cairo,Egypt,Corporate
4039,Mahmoud Farouk,M,48,mansoura,Dakahlia,Egypt, Corporate
4040,Menna Farouk,F,59,Dammam,Eastern Province,Saudi Arabia,Small Business
4041,Yasmin Fahmy,Female,64,Cairo,Cairo,Egypt,Small Business
4042,heba shalaby,female,36,Cairo,Cairo,Egypt,Corporate
4043,Bilal Farouk,M,60,Luxor,Luxor,Egypt,Consumer
4044,Omar Al Dosari,M,58,Cairo,Cairo,Egypt,Consumer
4045,Fatima Youssef,F,34,Dubai,Dubai,United Arab Emirates,Consumer
4046,Thomas Brown,Male,27,alexandria,Alexandria,Egypt,Small Business
4047,Hossam Ibrahim,male,24,Mecca,Makkah,Saudi Arabia,Corporate
4048,Nada Farouk,Female,50,Cairo,Cairo,Egypt,Consumer
4049,Isabella Brown,Female,42,giza,Giza,Egypt,Corporate
4050,abdullah al dosari,Male,28,Mansoura,Dakahlia,Egypt,Corporate
4051,Laila Gaber,female,24,Giza,Giza,Egypt,Consumer
4052,Joseph King,Male,52,sharjah,Sharjah,United Arab Emirates,VIP
4053,Ibrahim Al Ghamdi,Male,30,tanta,Gharbia,Egypt,Consumer
4054,Sophia  Clark,Female,41,Aswan,Aswan,Egypt,Consumer
4055,Fatima Mansour,Female,38,Jeddah,Makkah,Saudi Arabia,Consumer
4056,Amira Ibrahim,female,20,Riyadh,Riyadh,Saudi Arabia,Consumer
4057,Ali Shalaby,Male,27,NEW CAIRO,Cairo,Egypt,Small Business
4058,Sameh Mansour  ,male,20,6th of October,Giza,Egypt,Consumer
4059,Omar Ramadan,Male,41,MEDINA,Al Madinah,Saudi Arabia,Consumer
4060,Hassan Salem,M,21,Cairo,Cairo,Egypt,Corporate
4061,Omar Youssef,Male,33,ALEXANDRIA,Alexandria,Egypt,Small Business
4062,Olivia Martin,F,20,Doha,Doha,Qatar,Consumer
4063,Sultan Saad,male,37,medina,Al Madinah,Saudi Arabia,Small Business
4064,Tarek Zaki,male,46,Giza,Giza,Egypt,Corporate
4065,Olivia Moore,female,36,Zagazig,Sharqia,Egypt,Corporate
4066,Amr Youssef,M,55,Abu Dhabi,Abu Dhabi,United Arab Emirates,Small Business
4067,Ali Al Dosari,male,58,RIYADH,Riyadh,Saudi Arabia,Small Business
4068,Sherif Gaber,male,61,suez,Suez,Egypt,Consumer
4069,Andrew Al Harbi,male,36,Cairo,Cairo,Egypt,Consumer
4070,Charlotte Hall,female,61,6TH OF OCTOBER,Giza,Egypt,Small Business
4071,Karim Mostafa,M,29,ABU DHABI,Abu Dhabi,United Arab Emirates,Consumer
4072,Andrew  Rashad,M,28,Sharjah,Sharjah,United Arab Emirates,Consumer
4073,JOHN ALI,male,45,Dubai,Dubai,United Arab Emirates,VIP
4074,Fahad Mansour  ,male,39,alexandria,Alexandria,Egypt,Corporate
4075,Sophia Walker,female,33,Riyadh,Riyadh,Saudi Arabia,Small Business
4076,Tarek Al Ghamdi  ,male,55,Doha,Doha,Qatar,Consumer
4077,Menna Al Otaibi  ,female,34,NEW CAIRO,Cairo,Egypt,Consumer
4078,Farida Hassan,Female,62,CAIRO,Cairo,Egypt,Consumer
4079,Hassan Farouk,M,21,port said,Port Said,Egypt,VIP
4080,Mariam Rashad,Female,31,MANSOURA,Dakahlia,Egypt,Consumer
4081,Farida Rashad,F,63,Giza,Giza,Egypt,Consumer
4082,Amira Abdelrahman,F,53,Assiut,Assiut,Egypt,Consumer
4083,  Daniel Salem,M,49,SHARJAH,Sharjah,United Arab Emirates,Consumer
4084,Joseph King,M,33,Mansoura,Dakahlia,Egypt,Consumer
4085,Wael Mostafa,M,39,alexandria,Alexandria,Egypt,Consumer
4086,Grace Salem,female,22,KUWAIT CITY,Al Asimah,Kuwait,Small Business
4087,Fahad Fahmy,Male,38,medina,Al Madinah,Saudi Arabia,Corporate
4088,David Miller,male,54,cairo,Cairo,Egypt,Consumer
4089,Youssef Fahmy,male,30,suez,Suez,Egypt,Consumer
4090,  Salma Ali,Female,35,NEW CAIRO,Cairo,Egypt,Small Business
4091,Mariam Salem  ,F,22,CAIRO,Cairo,Egypt,Small Business
4092,michael clark,Male,49,DUBAI,Dubai,United Arab Emirates,Consumer
4093,Hossam Hassan,male,27,kuwait city,Al Asimah,Kuwait,Small Business
4094,Bilal Hassan,Male,54,NEW CAIRO,Cairo,Egypt,Corporate
4095,Bilal Al Harbi,male,58,Giza,Giza,Egypt,Consumer
4096,Reem Zaki,female,65,jeddah,Makkah,Saudi Arabia,Consumer
4097,john al harbi,M,37,Medina,Al Madinah,Saudi Arabia,VIP
4098,Mariam Fahmy,female,42,Giza,Giza,Egypt,Consumer
4099,  David Smith,M,33,ASWAN,Aswan,Egypt,Corporate 
4100,Ashraf Abdelrahman,male,56,CAIRO,Cairo,Egypt, VIP
4101,Nasser Khaled,Male,55,ABU DHABI,Abu Dhabi,United Arab Emirates,Corporate
4102,Thomas Walker,Male,31,giza,Giza,Egypt,Consumer
4103,Reem Al Qahtani,Female,52,MECCA,Makkah,Saudi Arabia,VIP
4104,LAILA AL OTAIBI,Female,49,Cairo,Cairo,Egypt,Small Business
4105,Wael Ibrahim,male,36,TANTA,Gharbia,Egypt,Consumer
4106,Noura Al Otaibi,Female,20,doha,Doha,Qatar,Small Business
4107,Hana Rashad,female,21,Dammam,Eastern Province,Saudi Arabia,Corporate
4108,Olivia  Al Dosari,F,22,Kuwait City,Al Asimah,Kuwait,Small Business
4109,Sophia Shalaby,Female,28,6th of October,Giza,Egypt,VIP
4110,William Lewis,M,36,Alexandria,Alexandria,Egypt,Consumer
4111,Latifa Nasser,female,29,alexandria,Alexandria,Egypt,Small Business
4112,Thomas Miller,M,54,New Cairo,Cairo,Egypt,Consumer
4113,Emily Abdelrahman,female,28,Doha,Doha,Qatar,Corporate
4114,Abdullah Rashad,male,18,Aswan,Aswan,Egypt,Corporate
4115,Aya Fahmy,female,47,Tanta,Gharbia,Egypt,Corporate
4116,Heba Al Dosari,Female,33,Cairo,Cairo,Egypt,Small Business
4117,Sherif Shalaby  ,male,46,RIYADH,Riyadh,Saudi Arabia,Corporate
4118,Majed Ibrahim,Male,46,Alexandria,Alexandria,Egypt,Consumer
4119,Amelia Zaki,Female,35,giza,Giza,Egypt,Consumer
4120,  Hessa Zaki,female,32,New Cairo,Cairo,Egypt,Corporate
4121,khaled youssef,male,24,SHARJAH,Sharjah,United Arab Emirates,Consumer
4122,Ali Ibrahim,Male,22,CAIRO,Cairo,Egypt,Consumer
4123,Sherif Ali,Male,32,DAMMAM,Eastern Province,Saudi Arabia,Corporate
4124,hossam nasser,Male,52,Medina,Al Madinah,Saudi Arabia,Consumer
4125,Ashraf Hassan  ,male,33,giza,Giza,Egypt, VIP
4126,Robert Khaled,Male,37,CAIRO,Cairo,Egypt,Consumer
4127,Khaled Al Harbi,Male,36,kuwait city,Al Asimah,Kuwait,Corporate
4128,Sameh  Farouk,Male,46,Doha,Doha,Qatar,Consumer
4129,Michael Jackson,male,43,Mansoura,Dakahlia,Egypt,Consumer
4130,Salma Ali  ,Female,62,Tanta,Gharbia,Egypt,Corporate
4131,Shaimaa Abdelrahman,F,19,Zagazig,Sharqia,Egypt,Corporate
4132,shaimaa youssef,female,33,6TH OF OCTOBER,Giza,Egypt,Consumer
4133,aya hassan,Female,27,abu dhabi,Abu Dhabi,United Arab Emirates,Corporate
4134,Karim El Sayed,Male,21,Aswan,Aswan,Egypt,Consumer
4135,Faisal Al Dosari,Male,38,CAIRO,Cairo,Egypt,Consumer
4136,Ibrahim Shalaby,Male,31,abu dhabi,Abu Dhabi,United Arab Emirates,Consumer
4137,Emma  Brown,Female,36,Alexandria,Alexandria,Egypt,Small Business
4138,  Hossam Ali,male,59,Giza,Giza,Egypt,Consumer
4139,Hana Nasser,F,23,Port Said,Port Said,Egypt,Corporate
4140,Mona Shalaby,F,49,Alexandria,Alexandria,Egypt,Corporate
4141,Sherif Al Qahtani,M,20,Cairo,Cairo,Egypt,Consumer
4142,William King,male,21,Cairo,Cairo,Egypt,Small Business
4143,  Doaa Zaki,F,21,Jeddah,Makkah,Saudi Arabia,Consumer
4144,Khaled Saad,M,64,Sharjah,Sharjah,United Arab Emirates,Corporate
4145,Mariam Nasser,F,65,Cairo,Cairo,Egypt,Consumer
4146,Amr Saad,male,64,dammam,Eastern Province,Saudi Arabia,Corporate
4147,SULTAN AL QAHTANI,male,25,6TH OF OCTOBER,Giza,Egypt,Consumer
4148,Bilal Al Harbi,male,62,assiut,Assiut,Egypt,Consumer
4149,Nour Mahmoud,F,54,GIZA,Giza,Egypt,Consumer
4150,Ghada Khaled,F,51,Cairo,Cairo,Egypt,Consumer
4151,Aya Al Qahtani,Female,61,KUWAIT CITY,Al Asimah,Kuwait,Corporate
4152,Heba Al Ghamdi,female,31,Luxor,Luxor,Egypt,Corporate
4153,Charlotte  Hall,Female,34,Dubai,Dubai,United Arab Emirates,VIP
4154,Robert Moore,Male,64,Alexandria,Alexandria,Egypt,Consumer
4155,Bilal Youssef,Male,46,New Cairo,Cairo,Egypt,Consumer
4156,Menna Ibrahim,F,22,Dubai,Dubai,United Arab Emirates,Corporate
4157,Hossam Saad,M,64,Cairo,Cairo,Egypt,Consumer
4158,Bilal El Sayed  ,M,37,6TH OF OCTOBER,Giza,Egypt,Consumer 
4159,  Daniel Mostafa,male,23,ABU DHABI,Abu Dhabi,United Arab Emirates,Consumer
4160,latifa youssef,Female,35,ismailia,Ismailia,Egypt,Small Business
4161,JAMES WRIGHT,Male,41,Riyadh,Riyadh,Saudi Arabia,Small Business
4162,Ghada Al Qahtani,Female,36,Mecca,Makkah,Saudi Arabia,Consumer
4163,Majed  Farouk,M,39,GIZA,Giza,Egypt,Consumer
4164,Ahmed Youssef,M,22,Kuwait City,Al Asimah,Kuwait,VIP
4165,Aisha Ramadan,female,61,cairo,Cairo,Egypt,Corporate
4166,Ibrahim El Sayed,M,48,Jeddah,Makkah,Saudi Arabia, Small Business
4167,Joseph Moore,M,51,New Cairo,Cairo,Egypt,Small Business
4168,emily abdelrahman,Female,30,DUBAI,Dubai,United Arab Emirates,Small Business
4169,Tarek Ramadan,M,54,New Cairo,Cairo,Egypt,VIP
4170,mariam mahmoud,female,31,Alexandria,Alexandria,Egypt,Consumer
4171,Isabella Hall,F,27,Mecca,Makkah,Saudi Arabia,Consumer
4172,mia ibrahim,F,59,6th of October,Giza,Egypt,Consumer
4173,Aisha Youssef  ,female,42,alexandria,Alexandria,Egypt,VIP
4174,Hassan Nasser,male,33,Riyadh,Riyadh,Saudi Arabia,Corporate
4175,Ibrahim Salem,male,38,CAIRO,Cairo,Egypt,Consumer
4176,  Aisha Nasser,female,52,Ismailia,Ismailia,Egypt,Small Business
4177,Amelia Al Otaibi,F,32,DUBAI,Dubai,United Arab Emirates,Corporate
4178,Shaimaa Al Dosari,female,64,Riyadh,Riyadh,Saudi Arabia,Consumer
4179,Andrew Clark,M,28,Medina,Al Madinah,Saudi Arabia,Consumer
4180,SHAIMAA MANSOUR,Female,32,Cairo,Cairo,Egypt,Small Business
4181,NOURA AL HARBI,Female,56,New Cairo,Cairo,Egypt,Corporate
4182,Mia Clark,female,43,CAIRO,Cairo,Egypt,Consumer
4183,Mahmoud Ibrahim,M,59,Zagazig,Sharqia,Egypt,Corporate
4184,Nour Al Otaibi  ,Female,60,RIYADH,Riyadh,Saudi Arabia,Corporate
4185,Youssef Salem,M,35,giza,Giza,Egypt,Consumer
4186,Isabella Scott,F,41,medina,Al Madinah,Saudi Arabia,Small Business
4187,Laila Mansour,Female,40,giza,Giza,Egypt,Corporate
4188,ISABELLA MOORE  ,Female,33,alexandria,Alexandria,Egypt,Consumer
4189,Reem Al Qahtani,Female,40,MECCA,Makkah,Saudi Arabia,Corporate
4190,Menna El Sayed,female,45,Riyadh,Riyadh,Saudi Arabia,Consumer
4191,Laila  Ramadan,F,55,GIZA,Giza,Egypt,Consumer
4192,amelia anderson,Female,38,Mansoura,Dakahlia,Egypt,VIP
4193,Noura Ali,female,62,Ismailia,Ismailia,Egypt,Corporate
4194,Majed Al Ghamdi,male,18,Riyadh,Riyadh,Saudi Arabia,Consumer
4195,Thomas Lewis,M,23,Dammam,Eastern Province,Saudi Arabia,Consumer
4196,Sara Khaled,F,24,riyadh,Riyadh,Saudi Arabia,Consumer
4197,Farida Shalaby,female,27,TANTA,Gharbia,Egypt,Consumer
4198,Mohamed Zaki,male,33,New Cairo,Cairo,Egypt,Small Business
4199,Amelia Thomas,female,30,Abu Dhabi,Abu Dhabi,United Arab Emirates,Consumer
4200,Sherif Fahmy,Male,50,alexandria,Alexandria,Egypt,Corporate
4201,Mahmoud Ali  ,Male,25,alexandria,Alexandria,Egypt,Small Business
4202,Daniel Hall,male,41,Giza,Giza,Egypt,Small Business
4203,Aya El Sayed,female,53,port said,Port Said,Egypt,Consumer
4204,William Lewis,M,55,aswan,Aswan,Egypt,Consumer
4205,Fatima Al Dosari,F,59,New Cairo,Cairo,Egypt,Consumer
4206,Hessa Youssef,Female,40,CAIRO,Cairo,Egypt,Consumer
4207,mostafa shalaby,Male,18,Tanta,Gharbia,Egypt,Small Business 
4208,Mona Abdelrahman,Female,47,Ismailia,Ismailia,Egypt,Corporate
4209,Wael Al Ghamdi,Male,56,Suez,Suez,Egypt,VIP
4210,Ahmed Al Qahtani,M,27,Kuwait City,Al Asimah,Kuwait,Consumer
4211,Sultan Gaber,M,51,new cairo,Cairo,Egypt,Corporate
4212,Daniel Zaki,M,37,PORT SAID,Port Said,Egypt, Small Business
4213,Doaa Zaki,Female,42,alexandria,Alexandria,Egypt,Consumer
4214,Sara Al Harbi,F,59,Doha,Doha,Qatar,Consumer
4215,Mariam Khaled,Female,59,Alexandria,Alexandria,Egypt,VIP
4216,Reem Ali,F,57,Luxor,Luxor,Egypt,Corporate
4217,Mahmoud Rashad,Male,27,alexandria,Alexandria,Egypt,Consumer
4218,Doaa Youssef,female,53,Jeddah,Makkah,Saudi Arabia,Consumer
4219,Hossam Mostafa,Male,51,Giza,Giza,Egypt,Corporate
4220,Sultan Nasser,Male,64,Cairo,Cairo,Egypt,Consumer
4221,Heba Salem,Female,38,giza,Giza,Egypt,Consumer 
4222,Mia Johnson,Female,33,dammam,Eastern Province,Saudi Arabia,VIP
4223,Rana Al Dosari,F,26,cairo,Cairo,Egypt,Consumer
4224,Michael Gaber,Male,41,Dubai,Dubai,United Arab Emirates,Corporate
4225,Daniel El Sayed,Male,46,New Cairo,Cairo,Egypt,Corporate
4226,amelia al harbi  ,female,60,CAIRO,Cairo,Egypt,Consumer
4227,Nasser Zaki,Male,32,Alexandria,Alexandria,Egypt,Consumer
4228,Hassan Saad,Male,62,Mansoura,Dakahlia,Egypt, Corporate
4229,  Sophia Johnson,F,65,luxor,Luxor,Egypt,Consumer
4230,Ahmed Salem,Male,21,cairo,Cairo,Egypt,Consumer
4231,Aisha Abdelrahman,Female,20,TANTA,Gharbia,Egypt,VIP
4232,Sophia  Jackson,female,22,Dubai,Dubai,United Arab Emirates,Corporate
4233,Emily Farouk,Female,42,Cairo,Cairo,Egypt,VIP
4234,Ghada Fahmy,Female,38,ABU DHABI,Abu Dhabi,United Arab Emirates,Consumer
4235,Robert  Hall,male,53,new cairo,Cairo,Egypt,Small Business
4236,Rana Al Dosari,female,31,Suez,Suez,Egypt,Consumer
4237,Majed Ramadan,M,62,riyadh,Riyadh,Saudi Arabia,Consumer
4238,Khaled Gaber,male,44,6th of October,Giza,Egypt,Corporate
4239,Thomas Salem,male,60,Cairo,Cairo,Egypt,Consumer
4240,Amr Khaled,Male,43,Giza,Giza,Egypt,Small Business
4241,Aisha Ramadan,Female,22,Cairo,Cairo,Egypt,Consumer
4242,William Shalaby,male,39,Riyadh,Riyadh,Saudi Arabia,Consumer
4243,Sameh Al Otaibi  ,Male,26,New Cairo,Cairo,Egypt,Consumer
4244,  Nasser Al Dosari,Male,49,New Cairo,Cairo,Egypt,Consumer
4245,Mohamed  Al Otaibi,Male,43,RIYADH,Riyadh,Saudi Arabia,Corporate
4246,Andrew Ramadan,male,59,6th of October,Giza,Egypt,VIP
4247,Karim Fahmy  ,M,38,Alexandria,Alexandria,Egypt,Consumer
4248,Ibrahim Ali,Male,49,Abu Dhabi,Abu Dhabi,United Arab Emirates,VIP
4249,Ahmed Hassan,M,58,Port Said,Port Said,Egypt,Consumer
4250,Sophia Rashad,female,58,Cairo,Cairo,Egypt,Consumer
4251,Salma Al Otaibi,female,39,Dammam,Eastern Province,Saudi Arabia,Corporate
4252,ava anderson,F,23,Dammam,Eastern Province,Saudi Arabia,VIP
4253,Salma Al Ghamdi,female,61,Giza,Giza,Egypt,Small Business
4254,Majed Al Harbi,M,46,dubai,Dubai,United Arab Emirates,Corporate
4255,Nasser Farouk,Male,64,Dubai,Dubai,United Arab Emirates,Small Business
4256,Amelia Scott,Female,49,JEDDAH,Makkah,Saudi Arabia,Consumer
4257,Farida Khaled,female,49,Ismailia,Ismailia,Egypt,Corporate
4258,Bilal Zaki,Male,37,CAIRO,Cairo,Egypt,Corporate
4259,Fatima Farouk,female,46,SUEZ,Suez,Egypt,Small Business
4260,Michael  Lewis,Male,44,Mecca,Makkah,Saudi Arabia,Consumer
4261,Aisha Khaled,F,25,Riyadh,Riyadh,Saudi Arabia,Consumer
4262,Ahmed Abdelrahman,male,61,Cairo,Cairo,Egypt, Small Business
4263,Emily Anderson,Female,48,Riyadh,Riyadh,Saudi Arabia,Consumer
4264,Thomas Jackson,Male,62,Jeddah,Makkah,Saudi Arabia,Consumer
4265,Isabella Mostafa,female,59,ASSIUT,Assiut,Egypt,Corporate
4266,Bilal Ramadan,Male,37,riyadh,Riyadh,Saudi Arabia,Consumer
4267,Laila Al Qahtani,female,47,CAIRO,Cairo,Egypt, Consumer
4268,Ghada Salem,female,53,Abu Dhabi,Abu Dhabi,United Arab Emirates,Consumer
4269,Ashraf Farouk,male,55,cairo,Cairo,Egypt,Consumer
4270,James Johnson,M,29,New Cairo,Cairo,Egypt,Small Business
4271,Michael Brown,M,39,Mecca,Makkah,Saudi Arabia,Corporate
4272,William Ali,male,41,cairo,Cairo,Egypt,Corporate
4273,khaled hassan,male,28,cairo,Cairo,Egypt,Small Business
4274,Menna Zaki,female,40,Alexandria,Alexandria,Egypt,Consumer
4275,Mostafa Ramadan,male,62,Cairo,Cairo,Egypt,Consumer
4276,Hassan Farouk,male,60,Zagazig,Sharqia,Egypt,Consumer
4277,Mostafa Farouk,M,62,dubai,Dubai,United Arab Emirates,Small Business
4278,Daniel  Shalaby,Male,45,Cairo,Cairo,Egypt,Corporate
4279,Tarek Salem,M,58,Mecca,Makkah,Saudi Arabia,Small Business
4280,nour mostafa,female,29,alexandria,Alexandria,Egypt,Corporate
4281,Hessa Ali,F,50,Suez,Suez,Egypt,Consumer
4282,Ghada Ibrahim,female,26,mansoura,Dakahlia,Egypt,Consumer
4283,Mia Jackson,F,31,6th of october,Giza,Egypt,Consumer
4284,Nada Hassan,F,53,JEDDAH,Makkah,Saudi Arabia,Small Business 
4285,Hassan Saad,Male,19,Zagazig,Sharqia,Egypt,Corporate
4286,Amira  Abdelrahman,Female,36,New Cairo,Cairo,Egypt,Small Business
4287,Aya Al Otaibi,F,33,Kuwait City,Al Asimah,Kuwait,Consumer
4288,Bilal  Al Qahtani,Male,49,Giza,Giza,Egypt,Small Business
4289,Abdullah Khaled,Male,65,CAIRO,Cairo,Egypt,Consumer
4290,Grace Scott,Female,22,New Cairo,Cairo,Egypt,Consumer
4291,Sameh Ramadan,Male,30,ABU DHABI,Abu Dhabi,United Arab Emirates,Corporate
4292,Mariam Ibrahim,Female,49,Mansoura,Dakahlia,Egypt,Corporate
4293,John Farouk,M,51,Port Said,Port Said,Egypt,Small Business
4294,William Youssef  ,M,34,CAIRO,Cairo,Egypt,Consumer
4295,mia smith,Female,49,Dubai,Dubai,United Arab Emirates,Consumer
4296,Farida  Shalaby,F,24,cairo,Cairo,Egypt, Corporate
4297,Mariam Saad,F,49,DOHA,Doha,Qatar,Consumer
4298,ahmed ali,M,26,jeddah,Makkah,Saudi Arabia,Consumer
4299,Mohamed  Al Dosari,Male,57,Riyadh,Riyadh,Saudi Arabia,Consumer
4300,Nour Ibrahim,female,38,jeddah,Makkah,Saudi Arabia,Consumer 
4301,Robert Anderson,M,41,Cairo,Cairo,Egypt,Consumer
4302,Nasser Al Dosari,male,65,alexandria,Alexandria,Egypt,Small Business
4303,Sultan Fahmy,Male,42,kuwait city,Al Asimah,Kuwait,Consumer
4304,Ibrahim Salem,M,58,Alexandria,Alexandria,Egypt,Consumer
4305,farida al otaibi,F,49,Assiut,Assiut,Egypt,VIP
4306,Ghada Fahmy,Female,26,Alexandria,Alexandria,Egypt,Consumer
4307,Majed Mostafa,Male,53,Giza,Giza,Egypt,Corporate
4308,Robert Al Dosari,Male,32,Abu Dhabi,Abu Dhabi,United Arab Emirates,Corporate
4309,Tarek Mostafa,Male,61,Assiut,Assiut,Egypt,Consumer 
4310,Mohamed Ali,male,29,giza,Giza,Egypt,Small Business
4311,William Wright,male,61,ABU DHABI,Abu Dhabi,United Arab Emirates,Consumer
4312,Ali Nasser,male,52,Dammam,Eastern Province,Saudi Arabia,Consumer
4313,Michael Clark  ,M,52,Jeddah,Makkah,Saudi Arabia,Corporate
4314,Aisha Hassan,F,28,Dubai,Dubai,United Arab Emirates,Consumer
4315,Ashraf Saad,Male,23,dammam,Eastern Province,Saudi Arabia,Consumer
4316,  Hana Gaber,Female,39,Abu Dhabi,Abu Dhabi,United Arab Emirates,Consumer
4317,Sameh Al Dosari,Male,49,Dammam,Eastern Province,Saudi Arabia,Consumer
4318,  Sherif Shalaby,male,30,Alexandria,Alexandria,Egypt,Consumer
4319,Robert Hall,male,24,ABU DHABI,Abu Dhabi,United Arab Emirates,Corporate
4320,Amr Ramadan,Male,57,Tanta,Gharbia,Egypt,Corporate
4321,Hassan Khaled,Male,51,Cairo,Cairo,Egypt,Consumer
4322,Noura Al Dosari  ,Female,19,6th of October,Giza,Egypt,Consumer
4323,Sara Nasser,female,26,Giza,Giza,Egypt,Corporate
4324,Ibrahim  Al Dosari,male,60,Alexandria,Alexandria,Egypt,Corporate
4325,Mia Davis,female,40,New Cairo,Cairo,Egypt,Consumer
4326,Faisal Youssef,Male,57,Cairo,Cairo,Egypt,Consumer
4327,  Hessa Shalaby,female,33,Riyadh,Riyadh,Saudi Arabia, Consumer
4328,Ghada Farouk,Female,55,New Cairo,Cairo,Egypt,Small Business
4329,SARA SALEM,Female,43,RIYADH,Riyadh,Saudi Arabia,Corporate
4330,Mohamed Gaber,Male,46,Ismailia,Ismailia,Egypt,Corporate
4331,Mostafa Mansour,Male,56,port said,Port Said,Egypt, Consumer
4332,Ava Lewis,female,29,Cairo,Cairo,Egypt,Consumer
4333,Reem Ali,Female,20,dubai,Dubai,United Arab Emirates,Consumer
4334,Michael Jackson,male,27,SUEZ,Suez,Egypt,Small Business
4335,Sherif Khaled,male,38,New Cairo,Cairo,Egypt,Consumer
4336,Amr Mansour,male,35,Zagazig,Sharqia,Egypt,Corporate
4337,Wael Mahmoud  ,Male,23,ASWAN,Aswan,Egypt,Consumer
4338,Grace Walker,female,25,Zagazig,Sharqia,Egypt,Consumer
4339,Hassan Al Qahtani,male,31,Mansoura,Dakahlia,Egypt,Small Business
4340,Karim Ramadan,M,23,Cairo,Cairo,Egypt,Corporate
4341,Nada Saad,female,52,GIZA,Giza,Egypt,Corporate
4342,Michael Wilson,male,57,Tanta,Gharbia,Egypt,Consumer
4343,Ibrahim Zaki,Male,37,6th of October,Giza,Egypt,Consumer
4344,Charlotte Jackson,F,51,6th of October,Giza,Egypt,Consumer
4345,Youssef Mahmoud  ,male,40,Abu Dhabi,Abu Dhabi,United Arab Emirates,Consumer
4346,Hassan Al Harbi,Male,23,Sharjah,Sharjah,United Arab Emirates,Corporate
4347,Andrew Smith,male,30,CAIRO,Cairo,Egypt,Consumer
4348,Michael  Clark,M,52,cairo,Cairo,Egypt,Consumer
4349,Amelia Scott,F,52,Aswan,Aswan,Egypt,Consumer
4350,Mostafa  Mostafa,M,56,Dammam,Eastern Province,Saudi Arabia,Small Business
4351,Amelia Smith,Female,49,Alexandria,Alexandria,Egypt,Consumer
4352,Heba Al Otaibi,F,51,Suez,Suez,Egypt,Consumer
4353,Faisal Salem,Male,50,Sharjah,Sharjah,United Arab Emirates,Corporate
4354,John King,M,29,doha,Doha,Qatar, Consumer
4355,Thomas Scott,M,40,jeddah,Makkah,Saudi Arabia,Small Business
4356,Latifa El Sayed,female,46,Jeddah,Makkah,Saudi Arabia,Corporate
4357,Menna  Shalaby,F,24,DOHA,Doha,Qatar,Corporate
4358,Mohamed Saad,Male,31,Kuwait City,Al Asimah,Kuwait, Corporate
4359,Wael  Fahmy,male,60,riyadh,Riyadh,Saudi Arabia,Consumer
4360,Laila Hassan,F,21,Giza,Giza,Egypt,Consumer 
4361,Fatima Salem,Female,26,cairo,Cairo,Egypt,Consumer
4362,Salma Hassan,Female,47,dubai,Dubai,United Arab Emirates,Consumer
4363,Ava Wilson,Female,56,Cairo,Cairo,Egypt,Small Business
4364,Fahad Mostafa,M,62,Mansoura,Dakahlia,Egypt,Consumer
4365,hana abdelrahman,Female,44,Sharjah,Sharjah,United Arab Emirates,Consumer
4366,  Olivia Lewis,F,26,cairo,Cairo,Egypt,Consumer
4367,Andrew Miller,M,28,6th of October,Giza,Egypt,Consumer
4368,Hassan Fahmy,Male,39,New Cairo,Cairo,Egypt,Small Business
4369,william mansour,M,19,Suez,Suez,Egypt,Small Business
4370,Khaled El Sayed,M,43,KUWAIT CITY,Al Asimah,Kuwait,Corporate
4371,Nasser Mostafa,Male,26,cairo,Cairo,Egypt,VIP
4372,Dina Ramadan,Female,26,Alexandria,Alexandria,Egypt,Small Business
4373,Nada Youssef,female,24,Mansoura,Dakahlia,Egypt,Corporate
4374,Fatima  Shalaby,Female,30,CAIRO,Cairo,Egypt,Corporate
4375,Joseph Smith,M,47,6th of October,Giza,Egypt,Consumer
4376,Nasser Youssef,Male,60,Tanta,Gharbia,Egypt,Corporate
4377,  Amr Al Ghamdi,M,29,Zagazig,Sharqia,Egypt,Consumer
4378,Emily Scott,female,26,new cairo,Cairo,Egypt,Small Business
4379,Amira Saad,F,30,Assiut,Assiut,Egypt,Consumer
4380,Emily Anderson,female,31,sharjah,Sharjah,United Arab Emirates,Corporate
4381,Karim Al Otaibi,male,48,Luxor,Luxor,Egypt,Small Business
4382,Daniel Davis,Male,22,Mansoura,Dakahlia,Egypt,Small Business
4383,Hana Ibrahim,female,28,Cairo,Cairo,Egypt,Corporate
4384,Joseph Scott,M,32,TANTA,Gharbia,Egypt,Consumer
4385,Hassan Khaled,Male,60,Giza,Giza,Egypt,Corporate
4386,Sherif Ramadan,M,32,Cairo,Cairo,Egypt,VIP
4387,Salma Ramadan,female,22,RIYADH,Riyadh,Saudi Arabia,Consumer
4388,James Rashad,Male,51,Suez,Suez,Egypt,Consumer
4389,Dina Nasser,female,59,medina,Al Madinah,Saudi Arabia,Corporate
4390,Bilal Saad,Male,56,Cairo,Cairo,Egypt,Small Business
4391,Amelia Moore,female,31,Cairo,Cairo,Egypt,Consumer
4392,Sara Ali,F,40,Jeddah,Makkah,Saudi Arabia,Consumer
4393,Ahmed Ramadan  ,M,24,Riyadh,Riyadh,Saudi Arabia,Corporate
4394,AYA AL HARBI,F,56,mansoura,Dakahlia,Egypt,Small Business
4395,Nada Al Qahtani,F,27,RIYADH,Riyadh,Saudi Arabia,Consumer
4396,Charlotte Rashad,F,37,MANSOURA,Dakahlia,Egypt,Consumer
4397,Nasser Fahmy,M,51,Cairo,Cairo,Egypt,Corporate
4398,Nour Al Harbi,female,26,giza,Giza,Egypt,Corporate
4399,Hana Mansour,Female,27,Cairo,Cairo,Egypt,Consumer
4400,doaa khaled,F,43,Jeddah,Makkah,Saudi Arabia,Small Business
4401,Sameh Abdelrahman,male,43,Abu Dhabi,Abu Dhabi,United Arab Emirates, Consumer
4402,Ahmed Al Otaibi,M,35,Jeddah,Makkah,Saudi Arabia,Consumer
4403,Tarek Ramadan,male,43,Cairo,Cairo,Egypt,Consumer
4404,Sophia Farouk,Female,48,Giza,Giza,Egypt,VIP
4405,Ava Martin,Female,36,Luxor,Luxor,Egypt,Consumer
4406,Amr Fahmy,male,65,Abu Dhabi,Abu Dhabi,United Arab Emirates,Consumer
4407,Yasmin El Sayed  ,female,24,RIYADH,Riyadh,Saudi Arabia,Consumer
4408,Noura Ali,female,24,Cairo,Cairo,Egypt,Consumer
4409,Mohamed Ali,Male,27,Abu Dhabi,Abu Dhabi,United Arab Emirates,Consumer
4410,Tarek Fahmy,Male,37,Port Said,Port Said,Egypt,Corporate
4411,CHARLOTTE HALL  ,F,65,Mansoura,Dakahlia,Egypt,Consumer
4412,Menna Al Harbi,F,49,Dubai,Dubai,United Arab Emirates,Corporate
4413,  Nada Ali,F,22,new cairo,Cairo,Egypt,Small Business
4414,Abdullah Mansour,male,29,Dubai,Dubai,United Arab Emirates,Corporate
4415,HEBA AL OTAIBI,female,51,6th of october,Giza,Egypt,Consumer
4416,Omar El Sayed,male,39,Tanta,Gharbia,Egypt,Consumer
4417,Khaled Mahmoud,male,27,alexandria,Alexandria,Egypt,Consumer
4418,Mostafa Youssef,M,31,Riyadh,Riyadh,Saudi Arabia,Corporate
4419,JAMES YOUSSEF,M,60,6TH OF OCTOBER,Giza,Egypt,Consumer
4420,  Amr Mostafa,male,48,Kuwait City,Al Asimah,Kuwait,Corporate
4421,FARIDA AL OTAIBI,female,23,Riyadh,Riyadh,Saudi Arabia,Consumer
4422,MICHAEL YOUNG,M,47,ismailia,Ismailia,Egypt,VIP
4423,Nasser Al Qahtani,Male,40,6th of October,Giza,Egypt,Corporate
4424,  Nada Saad,female,43,RIYADH,Riyadh,Saudi Arabia,Small Business
4425,GRACE ZAKI,female,53,Alexandria,Alexandria,Egypt,Consumer
4426,FATIMA ALI,female,44,6th of october,Giza,Egypt,Small Business
4427,Menna Farouk,female,24,Giza,Giza,Egypt,Corporate
4428,fahad mostafa,male,46,DAMMAM,Eastern Province,Saudi Arabia,Corporate
4429,thomas wilson,Male,26,Port Said,Port Said,Egypt,Consumer
4430,Ashraf Farouk,M,31,Dubai,Dubai,United Arab Emirates,Consumer
4431,Salma Mansour,F,53,New Cairo,Cairo,Egypt,Small Business
4432,Mia King,F,54,Doha,Doha,Qatar,Small Business
4433,Rana Al Dosari,F,32,Dammam,Eastern Province,Saudi Arabia,Consumer
4434,Mostafa Mansour  ,male,38,6th of October,Giza,Egypt,Corporate
4435,  mostafa al otaibi,M,24,cairo,Cairo,Egypt,Consumer
4436,Nada Ali  ,Female,35,RIYADH,Riyadh,Saudi Arabia,Consumer
4437,Rana Rashad,female,30,Suez,Suez,Egypt,Consumer
4438,Hossam Ibrahim,male,57,DOHA,Doha,Qatar,Small Business
4439,Mariam Mahmoud  ,F,46,Assiut,Assiut,Egypt,Consumer
4440,Andrew Martin,M,19,Alexandria,Alexandria,Egypt,VIP
4441,Olivia Al Qahtani,Female,27,NEW CAIRO,Cairo,Egypt,Consumer
4442,Hossam Al Harbi,male,60,Aswan,Aswan,Egypt,Consumer
4443,Sameh Al Ghamdi,Male,59,Riyadh,Riyadh,Saudi Arabia,Consumer
4444,Reem Youssef,F,35,giza,Giza,Egypt,Small Business
4445,JOHN CLARK,male,42,GIZA,Giza,Egypt,Corporate
4446,Andrew Saad,male,20,JEDDAH,Makkah,Saudi Arabia,Consumer
4447,Majed Ramadan,M,39,ALEXANDRIA,Alexandria,Egypt,VIP
4448,Sameh Saad,M,30,Tanta,Gharbia,Egypt,Consumer
4449,Hana Al Qahtani,Female,43,Mansoura,Dakahlia,Egypt,Consumer
4450,Thomas  Wright,Male,35,dubai,Dubai,United Arab Emirates,Small Business
4451,Salma  Gaber,F,19,Dubai,Dubai,United Arab Emirates,Consumer
4452,Wael Farouk,Male,22,Giza,Giza,Egypt,Consumer
4453,Mostafa Saad,M,63,DOHA,Doha,Qatar,Consumer
4454,Joseph Al Harbi,M,57,CAIRO,Cairo,Egypt,Consumer
4455,Sameh Salem,male,55,riyadh,Riyadh,Saudi Arabia,Small Business
4456,Youssef Al Dosari,Male,56,Cairo,Cairo,Egypt,Consumer
4457,Nada Farouk,Female,36,Riyadh,Riyadh,Saudi Arabia,Corporate
4458,Salma Al Otaibi,F,47,CAIRO,Cairo,Egypt,Consumer
4459,Robert Walker,M,44,Giza,Giza,Egypt,Small Business
4460,Andrew Rashad,Male,63,Suez,Suez,Egypt,Consumer
4461,  Amelia Clark,F,59,NEW CAIRO,Cairo,Egypt,Consumer
4462,Ahmed Ramadan,Male,41,RIYADH,Riyadh,Saudi Arabia,Small Business
4463,Aya Mansour,female,40,Cairo,Cairo,Egypt,Consumer
4464,Aisha El Sayed,female,28,riyadh,Riyadh,Saudi Arabia,Consumer
4465,Sophia Martin,female,64,Riyadh,Riyadh,Saudi Arabia,Small Business
4466,Isabella Mahmoud,Female,51,JEDDAH,Makkah,Saudi Arabia,Consumer
4467,Sultan Farouk,Male,25,PORT SAID,Port Said,Egypt,Consumer
4468,salma fahmy,Female,35,medina,Al Madinah,Saudi Arabia,Corporate
4469,  Mariam Al Otaibi,female,22,Alexandria,Alexandria,Egypt,Consumer
4470,Latifa Gaber,Female,29,tanta,Gharbia,Egypt,VIP
4471,AMELIA  BROWN,Female,34,TANTA,Gharbia,Egypt,Consumer
4472,Nour Al Ghamdi,female,34,6th of October,Giza,Egypt,Small Business
4473,Laila Shalaby,F,24,6th of October,Giza,Egypt,Consumer
4474,FARIDA HASSAN,Female,52,Alexandria,Alexandria,Egypt,Consumer
4475,mohamed al harbi,Male,39,cairo,Cairo,Egypt,Consumer
4476,Noura Abdelrahman,female,34,CAIRO,Cairo,Egypt,VIP
4477,Faisal Salem,Male,18,kuwait city,Al Asimah,Kuwait,Consumer
4478,Ahmed Youssef,male,55,ASSIUT,Assiut,Egypt,Corporate
4479,Wael Ibrahim,M,45,New Cairo,Cairo,Egypt,Consumer
4480,Robert Miller,M,44,dubai,Dubai,United Arab Emirates,Consumer
4481,Joseph Mansour,male,29,Mansoura,Dakahlia,Egypt,Small Business
4482,Salma Shalaby,F,61,Dubai,Dubai,United Arab Emirates, Corporate
4483,John Mahmoud,male,51,ISMAILIA,Ismailia,Egypt,Consumer
4484,Sophia Thomas,F,36,Assiut,Assiut,Egypt,Consumer
4485,Emily Gaber,F,45,Jeddah,Makkah,Saudi Arabia,Consumer
4486,  David Ali,M,51,NEW CAIRO,Cairo,Egypt,Consumer
4487,Robert Young,M,25,Cairo,Cairo,Egypt,Consumer
4488,Ahmed Ibrahim,male,63,cairo,Cairo,Egypt,Corporate
4489,Andrew Hall,male,18,Assiut,Assiut,Egypt,Corporate
4490,Nour Khaled,female,34,cairo,Cairo,Egypt,Consumer
4491,hessa ali,Female,37,Giza,Giza,Egypt,VIP
4492,Ali Al Qahtani,M,44,Sharjah,Sharjah,United Arab Emirates,Consumer
4493,Amira Al Ghamdi,female,33,Suez,Suez,Egypt,Consumer
4494,Emma Martin,Female,35,cairo,Cairo,Egypt,Small Business
4495,Sameh Ali,Male,36,Dammam,Eastern Province,Saudi Arabia,Consumer
4496,Omar Al Qahtani,Male,63,Dubai,Dubai,United Arab Emirates,Consumer
4497,Wael Gaber,M,58,giza,Giza,Egypt,Corporate
4498,Isabella Walker,female,32,medina,Al Madinah,Saudi Arabia,Consumer
4499,Tarek  Mansour,Male,39,MANSOURA,Dakahlia,Egypt,Consumer
4500,Hassan Mansour,male,43,GIZA,Giza,Egypt,Small Business
4501,  Robert Youssef,Male,19,mecca,Makkah,Saudi Arabia, Consumer
4502,Mohamed Saad,M,58,luxor,Luxor,Egypt,Consumer
4503,Karim Gaber,Male,63,GIZA,Giza,Egypt,Small Business
4504,Ashraf Mansour,Male,32,riyadh,Riyadh,Saudi Arabia,Consumer
4505,William Hall,male,20,Ismailia,Ismailia,Egypt,Consumer
4506,Dina Gaber,F,61,ISMAILIA,Ismailia,Egypt,Small Business
4507,Sameh Nasser,male,30,TANTA,Gharbia,Egypt,Consumer
4508,  Salma Al Otaibi,Female,49,New Cairo,Cairo,Egypt,Small Business
4509,Ibrahim Zaki,male,42,New Cairo,Cairo,Egypt,Consumer
4510,Daniel Mansour,Male,31,New Cairo,Cairo,Egypt,Corporate
4511,  Majed Mansour,Male,26,ALEXANDRIA,Alexandria,Egypt,Small Business
4512,Hossam Mostafa,M,19,alexandria,Alexandria,Egypt,Consumer
4513,Amira Fahmy,Female,39,Aswan,Aswan,Egypt,Consumer
4514,David Wright,Male,37,Alexandria,Alexandria,Egypt,Consumer
4515,Ava  Scott,Female,54,GIZA,Giza,Egypt,VIP
4516,Michael Mostafa,M,26,Alexandria,Alexandria,Egypt,Consumer
4517,Menna Farouk,F,30,Dammam,Eastern Province,Saudi Arabia, Corporate
4518,Bilal  Youssef,male,40,NEW CAIRO,Cairo,Egypt,Small Business
4519,Mahmoud Salem,Male,31,alexandria,Alexandria,Egypt,Consumer
4520,Abdullah Fahmy,M,42,CAIRO,Cairo,Egypt,Consumer
4521,Hessa Khaled,Female,18,mansoura,Dakahlia,Egypt,Consumer
4522,Aisha Saad,F,50,Dubai,Dubai,United Arab Emirates,Corporate
4523,Amira El Sayed  ,female,58,Cairo,Cairo,Egypt,Consumer
4524,Mohamed Al Ghamdi,M,36,Riyadh,Riyadh,Saudi Arabia,Consumer
4525,Sara Al Harbi,Female,50,Giza,Giza,Egypt,Corporate
4526,Faisal Al Qahtani,M,40,cairo,Cairo,Egypt,Consumer
4527,Daniel Al Qahtani,male,25,kuwait city,Al Asimah,Kuwait,Consumer
4528,Mia Fahmy,F,28,Assiut,Assiut,Egypt,Consumer
4529,Charlotte Abdelrahman,F,42,DUBAI,Dubai,United Arab Emirates,Consumer
4530,Reem Mostafa,F,19,Kuwait City,Al Asimah,Kuwait,VIP
4531,Michael Walker,Male,35,assiut,Assiut,Egypt,Consumer
4532,Michael Scott,M,35,medina,Al Madinah,Saudi Arabia,VIP
4533,Nada  Fahmy,female,49,SUEZ,Suez,Egypt,Consumer
4534,Robert Hall,M,27,Cairo,Cairo,Egypt,VIP
4535,Sherif El Sayed,M,33,Cairo,Cairo,Egypt,Consumer 
4536,John Anderson,M,46,cairo,Cairo,Egypt,Small Business
4537,Hana Al Otaibi,F,24,6TH OF OCTOBER,Giza,Egypt,Corporate
4538,Hassan  Mansour,male,63,medina,Al Madinah,Saudi Arabia,Corporate
4539,Aya Saad,female,57,Aswan,Aswan,Egypt,Small Business
4540,Omar Mahmoud,M,62,MEDINA,Al Madinah,Saudi Arabia,Consumer
4541,Mia Wright,F,50,luxor,Luxor,Egypt,Consumer
4542,mona shalaby,Female,24,riyadh,Riyadh,Saudi Arabia,VIP
4543,Shaimaa Ramadan,female,26,Dubai,Dubai,United Arab Emirates,Consumer
4544,Laila Ali,Female,53,NEW CAIRO,Cairo,Egypt,Small Business
4545,  David Wright,Male,39,Dubai,Dubai,United Arab Emirates,Consumer
4546,ahmed al harbi,male,31,Dubai,Dubai,United Arab Emirates,Consumer
4547,Bilal Saad,male,52,Doha,Doha,Qatar,Consumer
4548,amr fahmy,M,38,JEDDAH,Makkah,Saudi Arabia,Corporate
4549,Nasser Ramadan,Male,40,MEDINA,Al Madinah,Saudi Arabia,VIP
4550,Emma Wright,F,43,Abu Dhabi,Abu Dhabi,United Arab Emirates,Consumer
4551,Yasmin Rashad,F,24,Riyadh,Riyadh,Saudi Arabia,Consumer
4552,Amelia Young,Female,53,Alexandria,Alexandria,Egypt,Corporate
4553,Karim Fahmy,M,32,Aswan,Aswan,Egypt,Consumer
4554,Farida Gaber,Female,20,Luxor,Luxor,Egypt,Consumer
4555,Mariam Ali,female,64,Giza,Giza,Egypt, VIP
4556,Aisha  Nasser,F,20,ASSIUT,Assiut,Egypt,Consumer
4557,Sultan Mostafa,Male,64,dubai,Dubai,United Arab Emirates,Consumer
4558,faisal al dosari,M,56,Alexandria,Alexandria,Egypt,Consumer
4559,khaled fahmy,male,63,cairo,Cairo,Egypt,Consumer
4560,Michael Lewis,Male,39,Aswan,Aswan,Egypt,Consumer
4561,shaimaa salem,female,26,Alexandria,Alexandria,Egypt,Corporate
4562,Omar Nasser,M,63,Abu Dhabi,Abu Dhabi,United Arab Emirates,Small Business
4563,ashraf  zaki,male,56,KUWAIT CITY,Al Asimah,Kuwait,Consumer
4564,Hassan Abdelrahman  ,M,56,cairo,Cairo,Egypt,Consumer
4565,Fahad Shalaby,Male,36,Cairo,Cairo,Egypt,Consumer
4566,Sherif Ramadan,Male,30,Abu Dhabi,Abu Dhabi,United Arab Emirates,Consumer
4567,Andrew Wilson,Male,22,MANSOURA,Dakahlia,Egypt,Corporate
4568,Mona Mostafa,F,19,dammam,Eastern Province,Saudi Arabia,Small Business
4569,Ashraf Salem,M,43,Luxor,Luxor,Egypt,Consumer
4570,Menna El Sayed,Female,33,Alexandria,Alexandria,Egypt,Small Business
4571,William Hassan,male,54,Medina,Al Madinah,Saudi Arabia,Consumer
4572,Bilal Nasser,male,53,Alexandria,Alexandria,Egypt,Corporate
4573,Ali Mansour,male,54,Abu Dhabi,Abu Dhabi,United Arab Emirates,VIP
4574,Thomas Wilson,male,28,new cairo,Cairo,Egypt,Corporate
4575,Dina Ibrahim,F,56,alexandria,Alexandria,Egypt,Consumer
4576,Khaled Gaber,male,40,Cairo,Cairo,Egypt,Small Business
4577,Menna Khaled,Female,47,JEDDAH,Makkah,Saudi Arabia,Consumer
4578,Farida Al Qahtani,female,24,Cairo,Cairo,Egypt,Small Business
4579,Olivia Mahmoud,Female,62,Jeddah,Makkah,Saudi Arabia,VIP
4580,  Majed Salem,Male,64,Giza,Giza,Egypt,Corporate
4581,Amira  Ibrahim,F,40,Jeddah,Makkah,Saudi Arabia,Consumer
4582,Sameh Rashad,Male,30,Cairo,Cairo,Egypt,Corporate
4583,Sameh Farouk,M,21,jeddah,Makkah,Saudi Arabia,Small Business
4584,Ali Salem,male,65,Giza,Giza,Egypt,Consumer
4585,NASSER ZAKI,Male,37,new cairo,Cairo,Egypt,Corporate
4586,Ibrahim Saad,male,43,giza,Giza,Egypt,VIP
4587,wael salem,male,41,TANTA,Gharbia,Egypt,Consumer
4588,Omar Mostafa,M,28,Mansoura,Dakahlia,Egypt,VIP
4589,Tarek Al Dosari,male,29,dammam,Eastern Province,Saudi Arabia, Consumer
4590,Charlotte Ali,Female,50,alexandria,Alexandria,Egypt,VIP
4591,Khaled Al Harbi,Male,64,dammam,Eastern Province,Saudi Arabia,Consumer
4592,Mariam Mansour,F,36,assiut,Assiut,Egypt,Consumer
4593,HOSSAM AL HARBI,Male,52,Cairo,Cairo,Egypt,Corporate
4594,sameh al ghamdi,male,54,Giza,Giza,Egypt,Small Business
4595,Menna Mostafa,F,20,Kuwait City,Al Asimah,Kuwait,Small Business
4596,Latifa Nasser,F,35,Alexandria,Alexandria,Egypt,Consumer
4597,Heba El Sayed,F,20,abu dhabi,Abu Dhabi,United Arab Emirates,Consumer
4598,Sameh Al Qahtani,Male,57,new cairo,Cairo,Egypt,Consumer
4599,Amira Gaber  ,female,42,Aswan,Aswan,Egypt,Small Business
4600,Heba Gaber,female,41,GIZA,Giza,Egypt,Consumer
4601,Emily King  ,Female,35,Abu Dhabi,Abu Dhabi,United Arab Emirates,Consumer
4602,Rana Ramadan,female,63,CAIRO,Cairo,Egypt,Small Business
4603,Sultan Salem,M,52,CAIRO,Cairo,Egypt,Consumer
4604,Amr Farouk,Male,43,Ismailia,Ismailia,Egypt,Corporate
4605,Karim El Sayed,male,50,Mansoura,Dakahlia,Egypt,Corporate
4606,Majed Nasser,Male,54,CAIRO,Cairo,Egypt,VIP
4607,Daniel Al Dosari,M,31,Mansoura,Dakahlia,Egypt,Consumer
4608,Ali  Al Ghamdi,M,61,6th of October,Giza,Egypt,Corporate
4609,Michael Clark,male,35,Tanta,Gharbia,Egypt,Small Business
4610,Emma Mansour,female,21,Dammam,Eastern Province,Saudi Arabia,Corporate
4611,Heba Mostafa,F,34,NEW CAIRO,Cairo,Egypt,Small Business
4612,HASSAN NASSER,Male,54,Abu Dhabi,Abu Dhabi,United Arab Emirates,Corporate
4613,Thomas  Taylor,M,29,Cairo,Cairo,Egypt,VIP
4614,Khaled Saad,M,22,Dubai,Dubai,United Arab Emirates,VIP
4615,Mostafa Ramadan,Male,40,riyadh,Riyadh,Saudi Arabia,Consumer
4616,  Majed Fahmy,male,27,Giza,Giza,Egypt,Consumer
4617,Joseph Brown,Male,54,riyadh,Riyadh,Saudi Arabia,Consumer
4618,Andrew Ramadan,M,64,Cairo,Cairo,Egypt,Corporate
4619,Daniel Wilson,M,62,Riyadh,Riyadh,Saudi Arabia,Corporate
4620,Menna Farouk,Female,23,Alexandria,Alexandria,Egypt,Consumer
4621,Nour Rashad,F,61,Cairo,Cairo,Egypt,Consumer
4622,Fatima Ali  ,female,60,mansoura,Dakahlia,Egypt,Consumer
4623,Hessa Al Harbi,Female,59,Giza,Giza,Egypt,Consumer
4624,Mariam Saad,female,58,CAIRO,Cairo,Egypt,Consumer
4625,Ava Brown,female,18,Abu Dhabi,Abu Dhabi,United Arab Emirates,Consumer
4626,Olivia Ibrahim,Female,51,Aswan,Aswan,Egypt,VIP
4627,Aya  Salem,female,21,MEDINA,Al Madinah,Saudi Arabia,Corporate
4628,Ali Al Otaibi,Male,43,Mansoura,Dakahlia,Egypt,Small Business
4629,david mahmoud,Male,48,Riyadh,Riyadh,Saudi Arabia,VIP
4630,Robert Taylor,male,27,dubai,Dubai,United Arab Emirates,VIP
4631,Sultan  Al Dosari,M,21,doha,Doha,Qatar,Small Business
4632,Faisal Al Harbi,male,50,DAMMAM,Eastern Province,Saudi Arabia,Consumer
4633,Fatima Abdelrahman,F,27,Mecca,Makkah,Saudi Arabia,Consumer
4634,Aya Fahmy  ,Female,19,Luxor,Luxor,Egypt,Small Business
4635,Wael Al Otaibi,male,58,Suez,Suez,Egypt,Corporate
4636,Sameh Shalaby,M,52,Tanta,Gharbia,Egypt,Small Business
4637,Wael Youssef,M,36,Tanta,Gharbia,Egypt,Consumer
4638,Tarek Mahmoud,male,64,cairo,Cairo,Egypt,Consumer
4639,Mostafa Mostafa,male,65,Abu Dhabi,Abu Dhabi,United Arab Emirates,Consumer
4640,Laila Ibrahim,female,37,Mansoura,Dakahlia,Egypt,Consumer
4641,Heba Hassan,F,36,6TH OF OCTOBER,Giza,Egypt,Consumer
4642,Ibrahim  Al Qahtani,male,47,Tanta,Gharbia,Egypt,Corporate
4643,Farida Rashad,Female,44,Mansoura,Dakahlia,Egypt,Small Business
4644,Nada  Youssef,F,29,zagazig,Sharqia,Egypt,Corporate
4645,Nasser Mostafa,Male,40,Abu Dhabi,Abu Dhabi,United Arab Emirates,Small Business
4646,charlotte mahmoud,Female,52,Doha,Doha,Qatar,Consumer
4647,Heba Youssef  ,female,48,CAIRO,Cairo,Egypt,Corporate
4648,Sherif Al Dosari,male,50,Mansoura,Dakahlia,Egypt,Consumer 
4649,Abdullah Salem,male,62,Abu Dhabi,Abu Dhabi,United Arab Emirates,Small Business
4650,Isabella Hall,Female,36,Ismailia,Ismailia,Egypt,Small Business
4651,Amr Farouk,Male,46,New Cairo,Cairo,Egypt,Consumer
4652,John Johnson,male,31,kuwait city,Al Asimah,Kuwait,Consumer
4653,Mahmoud Al Otaibi,M,38,Assiut,Assiut,Egypt,Consumer
4654,Thomas  Mostafa,male,20,RIYADH,Riyadh,Saudi Arabia,Consumer
4655,Emily Mansour,F,42,Cairo,Cairo,Egypt,Consumer
4656,  Hana Mahmoud,F,40,Alexandria,Alexandria,Egypt,Small Business
4657,  Wael Mansour,Male,19,luxor,Luxor,Egypt,Corporate
4658,Fatima Rashad,Female,24,New Cairo,Cairo,Egypt,Small Business
4659,Ahmed Al Otaibi,male,54,ASWAN,Aswan,Egypt,Small Business
4660,Sherif Shalaby,M,46,ASWAN,Aswan,Egypt,Consumer
4661,Noura Rashad,F,32,Alexandria,Alexandria,Egypt,Small Business
4662,Amr Youssef,male,52,CAIRO,Cairo,Egypt,Corporate
4663,Reem Saad,F,56,cairo,Cairo,Egypt,VIP
4664,Joseph Taylor,Male,47,New Cairo,Cairo,Egypt,Consumer
4665,Khaled Youssef,male,35,tanta,Gharbia,Egypt,Consumer
4666,HOSSAM MAHMOUD,M,51,aswan,Aswan,Egypt,Small Business
4667,Wael Shalaby,M,58,Abu Dhabi,Abu Dhabi,United Arab Emirates,Consumer
4668,HEBA IBRAHIM  ,F,58,Jeddah,Makkah,Saudi Arabia,Consumer
4669,Nasser Mansour  ,M,29,Giza,Giza,Egypt,VIP
4670,GHADA RASHAD,Female,41,Suez,Suez,Egypt,Consumer
4671,Aya Youssef,Female,40,giza,Giza,Egypt,VIP
4672,Karim Gaber,Male,49,Zagazig,Sharqia,Egypt,Small Business 
4673,Joseph Mahmoud,M,27,Port Said,Port Said,Egypt,Small Business
4674,Mahmoud Hassan,male,63,jeddah,Makkah,Saudi Arabia,Consumer
4675,Ibrahim Ali,M,38,Cairo,Cairo,Egypt,Corporate
4676,Tarek Hassan,M,57,Cairo,Cairo,Egypt,Corporate
4677,Noura Saad,F,62,Abu Dhabi,Abu Dhabi,United Arab Emirates,VIP
4678,Majed Salem,M,40,6th of October,Giza,Egypt,Consumer
4679,Nour Mansour,Female,22,Giza,Giza,Egypt,Corporate
4680,Nour Abdelrahman,Female,48,6th of October,Giza,Egypt,Consumer
4681,James Young,M,54,Alexandria,Alexandria,Egypt,VIP
4682,David Youssef,male,48,Aswan,Aswan,Egypt,Consumer
4683,Nada Zaki,F,60,Giza,Giza,Egypt,Consumer
4684,Ibrahim Khaled  ,male,48,Giza,Giza,Egypt,Consumer
4685,Grace Hall,female,33,Abu Dhabi,Abu Dhabi,United Arab Emirates,Consumer
4686,Faisal Farouk,male,36,dammam,Eastern Province,Saudi Arabia,VIP 
4687,Tarek Khaled,male,22,New Cairo,Cairo,Egypt,Consumer
4688,Amelia Smith,Female,19,sharjah,Sharjah,United Arab Emirates,Consumer
4689,Michael Taylor,male,31,GIZA,Giza,Egypt,Small Business
4690,sherif al qahtani,Male,26,6th of October,Giza,Egypt,Consumer
4691,Mostafa Zaki,M,29,cairo,Cairo,Egypt,Small Business
4692,Amr Fahmy,Male,42,6th of October,Giza,Egypt,Consumer
4693,Sherif  Fahmy,Male,22,MECCA,Makkah,Saudi Arabia,Consumer
4694,hassan ramadan,Male,21,Cairo,Cairo,Egypt,Consumer
4695,Shaimaa Salem,F,32,Mecca,Makkah,Saudi Arabia,Corporate
4696,Yasmin Al Dosari,female,60,Giza,Giza,Egypt,Corporate
4697,thomas smith,M,37,NEW CAIRO,Cairo,Egypt,Consumer
4698,William Moore  ,Male,22,giza,Giza,Egypt,Corporate
4699,Mia Taylor,F,23,Alexandria,Alexandria,Egypt,Corporate
4700,Michael Wright,male,61,ismailia,Ismailia,Egypt,Consumer
4701,Yasmin Rashad,female,56,CAIRO,Cairo,Egypt,Consumer
4702,Tarek Hassan,M,44,6th of October,Giza,Egypt,Corporate
4703,Ahmed Mostafa,male,63,Doha,Doha,Qatar,Small Business
4704,Aisha Mahmoud,Female,42,Kuwait City,Al Asimah,Kuwait,Small Business
4705,Thomas Anderson  ,M,42,Suez,Suez,Egypt,Corporate
4706,Grace Walker,Female,41,Mecca,Makkah,Saudi Arabia,Consumer
4707,  Sherif Ali,male,62,Cairo,Cairo,Egypt,Consumer
4708,Mahmoud Ramadan,Male,33,Zagazig,Sharqia,Egypt, Corporate
4709,Laila Mahmoud,female,41,Alexandria,Alexandria,Egypt,Corporate
4710,Michael Smith,M,33,Giza,Giza,Egypt,Consumer
4711,Fahad Youssef,Male,43,PORT SAID,Port Said,Egypt,Small Business
4712,Mostafa Mostafa,M,61,abu dhabi,Abu Dhabi,United Arab Emirates,Corporate
4713,Ghada Al Qahtani,F,46,Aswan,Aswan,Egypt,Consumer
4714,Youssef Al Dosari,M,48,abu dhabi,Abu Dhabi,United Arab Emirates,Corporate
4715,Faisal Rashad,M,65,JEDDAH,Makkah,Saudi Arabia,Corporate
4716,Mona Mostafa,female,52,kuwait city,Al Asimah,Kuwait,Consumer
4717,  Dina Al Ghamdi,Female,53,Medina,Al Madinah,Saudi Arabia,Small Business
4718,Youssef Mahmoud,M,61,KUWAIT CITY,Al Asimah,Kuwait,Corporate
4719,Mona Shalaby,Female,35,Aswan,Aswan,Egypt,Consumer
4720,Laila Khaled,female,40,Abu Dhabi,Abu Dhabi,United Arab Emirates,Corporate
4721,Sameh Fahmy,Male,19,Dubai,Dubai,United Arab Emirates,Consumer
4722,Emily Miller,Female,50,SUEZ,Suez,Egypt, Small Business
4723,Joseph Wright,M,36,cairo,Cairo,Egypt,Consumer
4724,Rana Ibrahim,Female,42,Giza,Giza,Egypt,Consumer
4725,Nour Ramadan,female,35,kuwait city,Al Asimah,Kuwait,Small Business
4726,Robert Martin,Male,50,DUBAI,Dubai,United Arab Emirates,Consumer
4727,Yasmin Youssef,Female,56,Cairo,Cairo,Egypt,Consumer
4728,Michael Walker,male,61,Dubai,Dubai,United Arab Emirates,Consumer
4729,Ibrahim Mansour,M,40,Jeddah,Makkah,Saudi Arabia,Consumer
4730,Emma Wilson,Female,24,Dubai,Dubai,United Arab Emirates,Consumer
4731,Khaled Zaki,M,30,Suez,Suez,Egypt,Consumer
4732,Shaimaa Gaber,F,53,Mansoura,Dakahlia,Egypt,Corporate
4733,Farida Al Harbi,female,44,Cairo,Cairo,Egypt,Corporate
4734,David Salem,M,61,Dubai,Dubai,United Arab Emirates,Consumer
4735,Robert Khaled,M,41,Giza,Giza,Egypt,Consumer
4736,Mariam Zaki,Female,19,assiut,Assiut,Egypt,Corporate
4737,Heba Abdelrahman,F,24,doha,Doha,Qatar,Consumer
4738,Amelia Mahmoud  ,female,39,Cairo,Cairo,Egypt,Consumer
4739,Karim Fahmy,M,24,CAIRO,Cairo,Egypt,Consumer
4740,Fahad Gaber,male,26,Riyadh,Riyadh,Saudi Arabia,Consumer
4741,Bilal Fahmy,Male,63,GIZA,Giza,Egypt,Small Business
4742,David Shalaby,male,54,Zagazig,Sharqia,Egypt,Consumer
4743,Emma Wilson,Female,34,Alexandria,Alexandria,Egypt,Consumer
4744,Khaled Ali,M,45,6th of October,Giza,Egypt,Consumer
4745,ashraf mostafa,M,49,Giza,Giza,Egypt,Consumer
4746,Salma Shalaby,F,35,riyadh,Riyadh,Saudi Arabia,Consumer
4747,Yasmin Ramadan,Female,22,Ismailia,Ismailia,Egypt,Consumer
4748,LAILA YOUSSEF,Female,42,6th of october,Giza,Egypt,Consumer
4749,yasmin farouk,F,63,Alexandria,Alexandria,Egypt,Consumer
4750,Amelia King,female,46,Cairo,Cairo,Egypt,Consumer
4751,Latifa  Nasser,F,62,ASWAN,Aswan,Egypt,Consumer
4752,Hana Gaber,female,20,Mecca,Makkah,Saudi Arabia,Consumer
4753,Nasser Hassan,M,30,Cairo,Cairo,Egypt,Consumer
4754,Ashraf Rashad,Male,25,Cairo,Cairo,Egypt,Consumer
4755,Ava Zaki,Female,41,Assiut,Assiut,Egypt,Consumer
4756,Andrew Moore,M,27,NEW CAIRO,Cairo,Egypt,VIP
4757,Sherif Farouk,Male,55,Cairo,Cairo,Egypt,Small Business
4758,Sara Al Ghamdi,female,27,Tanta,Gharbia,Egypt,VIP
4759,Ashraf Youssef,M,31,Dubai,Dubai,United Arab Emirates,Consumer
4760,Mahmoud Shalaby,Male,37,Cairo,Cairo,Egypt,Corporate
4761,Sultan Al Otaibi,male,19,Giza,Giza,Egypt,Consumer
4762,William Khaled,male,53,NEW CAIRO,Cairo,Egypt,Small Business 
4763,Hessa  Abdelrahman,female,44,Suez,Suez,Egypt,Consumer
4764,Nada Al Ghamdi,F,32,Port Said,Port Said,Egypt,Consumer
4765,JOSEPH HALL,male,37,Dubai,Dubai,United Arab Emirates,Consumer
4766,Amira Rashad,Female,62,abu dhabi,Abu Dhabi,United Arab Emirates,Consumer
4767,Amelia Hassan,F,33,Giza,Giza,Egypt,Small Business 
4768,Fatima Ali,F,43,new cairo,Cairo,Egypt,Corporate
4769,Hessa Mahmoud,F,23,Cairo,Cairo,Egypt,Consumer
4770,Wael Ramadan,male,56,NEW CAIRO,Cairo,Egypt,Small Business
4771,FAISAL ALI,Male,42,mansoura,Dakahlia,Egypt,Corporate
4772,Daniel Farouk,M,63,Port Said,Port Said,Egypt,Consumer
4773,Mariam Youssef,Female,42,abu dhabi,Abu Dhabi,United Arab Emirates,Consumer
4774,Farida Mahmoud,female,34,alexandria,Alexandria,Egypt,Consumer
4775,Ava Mahmoud,Female,25,Tanta,Gharbia,Egypt,Consumer
4776,William  King,Male,53,Aswan,Aswan,Egypt, Corporate
4777,Thomas Moore,male,44,RIYADH,Riyadh,Saudi Arabia,Consumer
4778,Sameh Abdelrahman,male,65,TANTA,Gharbia,Egypt,Consumer
4779,Aya Hassan  ,F,61,Giza,Giza,Egypt,Consumer
4780,Sameh Abdelrahman,Male,30,Kuwait City,Al Asimah,Kuwait,Consumer
4781,Bilal Al Dosari  ,Male,44,MANSOURA,Dakahlia,Egypt,VIP
4782,Mona Youssef,F,42,Medina,Al Madinah,Saudi Arabia,Consumer
4783,Laila  Mostafa,F,37,Cairo,Cairo,Egypt,Corporate
4784,Latifa Saad,Female,60,Riyadh,Riyadh,Saudi Arabia,Corporate
4785,Sultan Hassan,Male,28,Cairo,Cairo,Egypt,Consumer
4786,Amr Ramadan,M,20,Alexandria,Alexandria,Egypt,Consumer
4787,Aya Abdelrahman,Female,34,Assiut,Assiut,Egypt,VIP
4788,Mostafa Al Ghamdi,M,51,MECCA,Makkah,Saudi Arabia,Small Business
4789,  William Scott,M,53,ABU DHABI,Abu Dhabi,United Arab Emirates,Consumer
4790,Majed Al Qahtani,M,21,Alexandria,Alexandria,Egypt,Consumer
4791,Youssef Farouk,Male,47,Abu Dhabi,Abu Dhabi,United Arab Emirates,Corporate
4792,Youssef Zaki,male,44,giza,Giza,Egypt,Corporate
4793,Emily Farouk,female,40,Kuwait City,Al Asimah,Kuwait,Consumer
4794,  Michael Jackson,Male,48,Dubai,Dubai,United Arab Emirates,Consumer
4795,Amr Khaled,M,56,6TH OF OCTOBER,Giza,Egypt,Consumer
4796,Hossam Ibrahim,male,31,Riyadh,Riyadh,Saudi Arabia,Corporate
4797,EMMA TAYLOR,F,64,Riyadh,Riyadh,Saudi Arabia,Consumer
4798,Doaa  Mostafa,F,44,Dubai,Dubai,United Arab Emirates,Corporate
4799,  Mona Mansour,Female,28,6th of October,Giza,Egypt,Small Business
4800,Mohamed Salem,male,48,Jeddah,Makkah,Saudi Arabia,VIP
4801,Robert Miller,Male,37,new cairo,Cairo,Egypt,Small Business
4802,FAISAL MOSTAFA,M,27,Giza,Giza,Egypt,Small Business
4803,Olivia Scott,Female,53,Cairo,Cairo,Egypt,Corporate
4804,Nada Al Otaibi,Female,45,Abu Dhabi,Abu Dhabi,United Arab Emirates,Corporate
4805,  Shaimaa Mahmoud,female,19,Mansoura,Dakahlia,Egypt,Corporate
4806,Ahmed Saad,male,34,NEW CAIRO,Cairo,Egypt,Corporate 
4807,  ISABELLA KHALED,F,54,Dubai,Dubai,United Arab Emirates,Consumer
4808,Karim  Salem,M,58,medina,Al Madinah,Saudi Arabia,Small Business
4809,Menna Mansour,female,22,Giza,Giza,Egypt,Corporate
4810,ali al qahtani,M,26,Alexandria,Alexandria,Egypt,Small Business
4811,Dina Mahmoud,F,47,jeddah,Makkah,Saudi Arabia,Small Business
4812,  Mahmoud Nasser,M,33,cairo,Cairo,Egypt,Consumer
4813,Hassan Farouk,M,30,giza,Giza,Egypt,Consumer
4814,GHADA  NASSER,F,61,ALEXANDRIA,Alexandria,Egypt,Consumer
4815,karim nasser,male,25,GIZA,Giza,Egypt,Corporate
4816,Omar Al Harbi,Male,63,cairo,Cairo,Egypt,Consumer
4817,Mohamed Al Harbi,M,41,cairo,Cairo,Egypt,Small Business
4818,Khaled Al Harbi  ,male,40,Luxor,Luxor,Egypt,Consumer
4819,James Brown,Male,56,Luxor,Luxor,Egypt,Small Business
4820,Olivia Ali,F,53,Cairo,Cairo,Egypt,Small Business
4821,Grace Wilson,Female,65,Port Said,Port Said,Egypt,Consumer 
4822,Mahmoud  Mansour,Male,40,riyadh,Riyadh,Saudi Arabia,Small Business
4823,John Taylor,M,34,Riyadh,Riyadh,Saudi Arabia,Consumer
4824,Youssef Ibrahim,M,53,ALEXANDRIA,Alexandria,Egypt,Consumer
4825,amelia lewis,female,38,Cairo,Cairo,Egypt,Consumer
4826,  Ashraf Ramadan,M,54,Cairo,Cairo,Egypt,Corporate
4827,MOSTAFA AL GHAMDI,M,38,Alexandria,Alexandria,Egypt,Corporate
4828,Noura Youssef,female,23,Sharjah,Sharjah,United Arab Emirates,Corporate
4829,Sameh Al Dosari,M,21,Luxor,Luxor,Egypt,Consumer
4830,Hassan Al Ghamdi,Male,29,6TH OF OCTOBER,Giza,Egypt,Consumer
4831,Olivia King,female,49,alexandria,Alexandria,Egypt,Consumer
4832,Abdullah Rashad,male,56,Tanta,Gharbia,Egypt,Corporate
4833,Faisal Salem,M,46,New Cairo,Cairo,Egypt,Consumer
4834,  FAHAD YOUSSEF,male,55,New Cairo,Cairo,Egypt,Consumer 
4835,Grace Moore,F,20,6th of October,Giza,Egypt,Consumer
4836,Mariam Khaled,F,32,tanta,Gharbia,Egypt,Corporate
4837,Fatima Rashad,F,29,Cairo,Cairo,Egypt,Consumer
4838,Isabella Saad,female,56,Cairo,Cairo,Egypt,Consumer
4839,Karim Zaki,Male,19,DUBAI,Dubai,United Arab Emirates,Corporate
4840,John Al Qahtani,male,47,6th of October,Giza,Egypt,Small Business
4841,Majed Saad,male,21,cairo,Cairo,Egypt,Consumer
4842,Aisha Rashad,F,45,new cairo,Cairo,Egypt,Small Business
4843,faisal youssef,M,64,Sharjah,Sharjah,United Arab Emirates,Small Business
4844,Sara Abdelrahman,female,20,6th of October,Giza,Egypt,Corporate
4845,tarek al qahtani,Male,26,Cairo,Cairo,Egypt,Consumer
4846,Sophia Moore,female,39,Jeddah,Makkah,Saudi Arabia,Consumer
4847,Ava Smith,Female,56,Jeddah,Makkah,Saudi Arabia,Corporate
4848,William Khaled,Male,23,new cairo,Cairo,Egypt,Small Business
4849,Faisal Nasser,Male,58,Doha,Doha,Qatar,Consumer
4850,Thomas  Taylor,M,20,ismailia,Ismailia,Egypt,Consumer
4851,Nada Nasser,female,56,Alexandria,Alexandria,Egypt,Small Business
4852,Ibrahim Ali,male,50,sharjah,Sharjah,United Arab Emirates,Consumer
4853,Latifa Rashad  ,female,36,6th of October,Giza,Egypt,Corporate
4854,Doaa Al Qahtani,F,38,ABU DHABI,Abu Dhabi,United Arab Emirates,VIP
4855,Ali Nasser,male,63,6TH OF OCTOBER,Giza,Egypt,VIP
4856,Robert  Clark,M,35,Tanta,Gharbia,Egypt,Consumer
4857,Mahmoud Hassan,male,23,Assiut,Assiut,Egypt,Small Business
4858,MENNA SALEM,F,48,aswan,Aswan,Egypt,Corporate
4859,  Youssef Shalaby,Male,44,Port Said,Port Said,Egypt,Corporate
4860,Karim Zaki,M,59,NEW CAIRO,Cairo,Egypt,VIP
4861,  Charlotte Clark,F,55,Aswan,Aswan,Egypt,Consumer
4862,Hana El Sayed,F,18,Cairo,Cairo,Egypt,Corporate
4863,Isabella Rashad,F,64,GIZA,Giza,Egypt,VIP
4864,Ahmed Ali,male,18,Cairo,Cairo,Egypt,Corporate
4865,Ghada Nasser  ,F,44,Luxor,Luxor,Egypt,Small Business
4866,Omar Farouk  ,male,31,Suez,Suez,Egypt,Corporate
4867,Joseph Johnson,male,33,suez,Suez,Egypt,Consumer
4868,Thomas Thomas,Male,31,Giza,Giza,Egypt,Corporate
4869,Farida Mostafa,F,26,Jeddah,Makkah,Saudi Arabia,Small Business
4870,  SALMA SALEM,Female,40,aswan,Aswan,Egypt,Consumer 
4871,Hossam Mansour,male,46,Aswan,Aswan,Egypt,VIP
4872,Dina Salem,Female,55,KUWAIT CITY,Al Asimah,Kuwait,VIP
4873,Salma Al Qahtani,F,58,Dammam,Eastern Province,Saudi Arabia,Small Business
4874,Daniel Miller,Male,39,dammam,Eastern Province,Saudi Arabia,Consumer
4875,Joseph Nasser,Male,50,Mecca,Makkah,Saudi Arabia,Consumer
4876,Aisha Nasser,female,24,riyadh,Riyadh,Saudi Arabia,Consumer
4877,EMMA JOHNSON,F,32,LUXOR,Luxor,Egypt,Consumer
4878,Faisal Salem,Male,32,alexandria,Alexandria,Egypt,Consumer
4879,James Al Ghamdi,male,37,Zagazig,Sharqia,Egypt,Consumer
4880,Hessa Ramadan,female,50,6TH OF OCTOBER,Giza,Egypt,Consumer
4881,Omar Al Harbi,M,53,Tanta,Gharbia,Egypt,Consumer
4882,Amr  Shalaby,Male,32,Giza,Giza,Egypt,Consumer
4883,William Wilson,Male,64,Cairo,Cairo,Egypt,Small Business
4884,Mostafa El Sayed,M,26,Alexandria,Alexandria,Egypt,Corporate
4885,Ava Jackson,Female,62,Riyadh,Riyadh,Saudi Arabia,Consumer
4886,Khaled Gaber,Male,23,Kuwait City,Al Asimah,Kuwait,Consumer
4887,Ahmed Shalaby,Male,24,Cairo,Cairo,Egypt,Consumer
4888,Nasser Saad,Male,23,Jeddah,Makkah,Saudi Arabia,Consumer 
4889,Hessa Mansour,Female,38,JEDDAH,Makkah,Saudi Arabia,VIP
4890,Bilal Hassan  ,male,51,Doha,Doha,Qatar,Consumer
4891,Rana El Sayed,female,36,RIYADH,Riyadh,Saudi Arabia,Consumer
4892,Khaled Al Dosari,male,62,GIZA,Giza,Egypt,Corporate
4893,Sara El Sayed  ,Female,47,alexandria,Alexandria,Egypt,Consumer
4894,Laila Ramadan,female,38,riyadh,Riyadh,Saudi Arabia,Consumer
4895,Aisha  Al Ghamdi,female,62,Tanta,Gharbia,Egypt,Consumer
4896,Sherif Gaber,Male,40,Giza,Giza,Egypt,Consumer
4897,Mariam Hassan,female,42,New Cairo,Cairo,Egypt,Small Business
4898,Daniel Young,M,63,Tanta,Gharbia,Egypt,Consumer
4899,Sherif Rashad,Male,29,CAIRO,Cairo,Egypt,Small Business
4900,David Miller,male,45,Dammam,Eastern Province,Saudi Arabia,Consumer
4901,Fatima Mahmoud,F,28,ABU DHABI,Abu Dhabi,United Arab Emirates,Consumer
4902,Sultan Mansour,Male,21,JEDDAH,Makkah,Saudi Arabia,Consumer
4903,Ibrahim Al Otaibi,male,58,cairo,Cairo,Egypt,Corporate
4904,William Salem,Male,48,jeddah,Makkah,Saudi Arabia,Consumer
4905,Abdullah Saad,M,50,Alexandria,Alexandria,Egypt,Small Business
4906,Sultan Al Dosari,male,47,Cairo,Cairo,Egypt,Corporate
4907,Hassan Nasser,male,54,Alexandria,Alexandria,Egypt,Consumer
4908,aisha gaber,Female,39,TANTA,Gharbia,Egypt,Small Business
4909,Sameh Youssef,M,52,Alexandria,Alexandria,Egypt,Consumer
4910,Michael  Brown,Male,60,Riyadh,Riyadh,Saudi Arabia,Consumer
4911,mohamed shalaby,M,22,Cairo,Cairo,Egypt,VIP
4912,Aya Abdelrahman,F,52,zagazig,Sharqia,Egypt,Consumer
4913,Ghada Saad,female,38,Jeddah,Makkah,Saudi Arabia,Consumer 
4914,Majed Mansour,M,50,CAIRO,Cairo,Egypt,Consumer
4915,Khaled Gaber,Male,31,Alexandria,Alexandria,Egypt,Consumer
4916,Amelia Lewis,F,23,Aswan,Aswan,Egypt,Corporate
4917,Hassan Ibrahim,male,63,new cairo,Cairo,Egypt,VIP
4918,Dina Al Qahtani,Female,48,suez,Suez,Egypt,Consumer
4919,Daniel Hassan,Male,50,Doha,Doha,Qatar,Consumer
4920,Sultan  Hassan,Male,32,New Cairo,Cairo,Egypt,Corporate
4921,Abdullah Rashad,Male,35,jeddah,Makkah,Saudi Arabia,Corporate
4922,James Ibrahim,M,42,alexandria,Alexandria,Egypt, Consumer
4923,Olivia Martin,Female,56,Giza,Giza,Egypt,Corporate
4924,Tarek Zaki,Male,26,giza,Giza,Egypt,Consumer
4925,Bilal Farouk,Male,63,MECCA,Makkah,Saudi Arabia,Consumer
4926,Nada Ramadan,Female,37,giza,Giza,Egypt,Consumer
4927,Sara Al Ghamdi,female,53,Mecca,Makkah,Saudi Arabia,Consumer
4928,Andrew Rashad,Male,42,Giza,Giza,Egypt,Consumer
4929,Ava Young,female,31,New Cairo,Cairo,Egypt,Consumer
4930,Mohamed Nasser,M,31,CAIRO,Cairo,Egypt,Consumer
4931,David Jackson,M,20,Cairo,Cairo,Egypt,Corporate
4932,John Rashad,M,34,alexandria,Alexandria,Egypt,Small Business
4933,Fahad Al Dosari  ,male,63,Giza,Giza,Egypt, Consumer
4934,David Scott,M,41,giza,Giza,Egypt,Corporate
4935,Karim Al Ghamdi,male,40,DUBAI,Dubai,United Arab Emirates,Consumer
4936,  EMILY BROWN,F,47,Kuwait City,Al Asimah,Kuwait,Small Business
4937,John Miller,male,43,riyadh,Riyadh,Saudi Arabia,Consumer
4938,Omar Mostafa,Male,21,abu dhabi,Abu Dhabi,United Arab Emirates,Corporate 
4939,Khaled Al Otaibi,male,31,Riyadh,Riyadh,Saudi Arabia,Corporate
4940,Sherif  Farouk,M,60,Tanta,Gharbia,Egypt,Corporate
4941,  Ali Ali,Male,61,Giza,Giza,Egypt,Consumer
4942,sara al harbi,Female,37,Cairo,Cairo,Egypt,Corporate
4943,Menna Shalaby,F,37,Aswan,Aswan,Egypt,Consumer
4944,Aya Salem,female,32,MECCA,Makkah,Saudi Arabia,Consumer
4945,Thomas Mostafa,Male,18,mansoura,Dakahlia,Egypt,Corporate
4946,Joseph Brown  ,M,38,Dubai,Dubai,United Arab Emirates,Consumer
4947,Thomas Al Otaibi,Male,57,CAIRO,Cairo,Egypt,Consumer
4948,Joseph Al Dosari,Male,40,CAIRO,Cairo,Egypt,Consumer
4949,Sultan Shalaby,M,44,Ismailia,Ismailia,Egypt,Consumer
4950,Isabella Smith,female,27,giza,Giza,Egypt,Small Business
4951,Yasmin Mansour,female,20,Jeddah,Makkah,Saudi Arabia,Consumer
4952,Michael Abdelrahman,Male,36,DAMMAM,Eastern Province,Saudi Arabia,Small Business
4953,Heba Al Dosari,F,51,DOHA,Doha,Qatar,Corporate
4954,Mostafa Mahmoud,male,52,Cairo,Cairo,Egypt,Corporate
4955,David Nasser  ,male,26,new cairo,Cairo,Egypt,Consumer
4956,Bilal Al Harbi,male,62,Giza,Giza,Egypt,Consumer
4957,Laila Salem,female,52,Cairo,Cairo,Egypt,Corporate
4958,Amira Mostafa,female,39,Dubai,Dubai,United Arab Emirates,Consumer
4959,Bilal Fahmy,M,53,Tanta,Gharbia,Egypt,Consumer
4960,Sameh Mahmoud,M,65,giza,Giza,Egypt,Small Business
4961,Menna Fahmy,Female,26,Tanta,Gharbia,Egypt,Corporate
4962,Youssef Mahmoud,male,40,giza,Giza,Egypt,Corporate 
4963,Hossam Shalaby,M,50,cairo,Cairo,Egypt,Consumer
4964,Khaled Al Otaibi,Male,30,Mansoura,Dakahlia,Egypt,Corporate
4965,Mohamed Hassan,male,44,Cairo,Cairo,Egypt,Consumer
4966,Andrew Wright,male,43,Cairo,Cairo,Egypt,Consumer
4967,Majed Farouk,Male,24,ASSIUT,Assiut,Egypt,Small Business
4968,Sameh Mahmoud,M,41,GIZA,Giza,Egypt,Consumer 
4969,Mona Fahmy,Female,29,Port Said,Port Said,Egypt,Corporate
4970,Emily Mostafa,F,19,Dammam,Eastern Province,Saudi Arabia,Corporate
4971,Youssef Ramadan,Male,51,TANTA,Gharbia,Egypt,Consumer
4972,John Farouk  ,M,40,JEDDAH,Makkah,Saudi Arabia,Consumer
4973,sara mansour,F,50,Aswan,Aswan,Egypt,Corporate
4974,Nada Rashad,female,57,6TH OF OCTOBER,Giza,Egypt,Corporate
4975,James Ali,male,20,Aswan,Aswan,Egypt,Corporate
4976,Faisal Ibrahim,Male,58,Cairo,Cairo,Egypt,Consumer
4977,Heba Al Harbi,Female,33,Abu Dhabi,Abu Dhabi,United Arab Emirates,Small Business
4978,Sophia Taylor  ,F,63,jeddah,Makkah,Saudi Arabia,Consumer
4979,Bilal Mostafa,Male,24,Kuwait City,Al Asimah,Kuwait,Consumer
4980,Yasmin Khaled,female,63,Zagazig,Sharqia,Egypt,Consumer
4981,Youssef Ibrahim,Male,56,6TH OF OCTOBER,Giza,Egypt,Corporate
4982,Nasser Zaki,Male,53,New Cairo,Cairo,Egypt,Small Business
4983,Ahmed  Abdelrahman,M,44,New Cairo,Cairo,Egypt,Consumer
4984,Joseph Hall,Male,26,Port Said,Port Said,Egypt,Consumer
4985,Heba Ali,Female,59,Doha,Doha,Qatar,Small Business
4986,Sherif Nasser,M,50,MANSOURA,Dakahlia,Egypt,Corporate
4987,Yasmin Al Otaibi,F,58,Alexandria,Alexandria,Egypt,Consumer
4988,Hossam Al Dosari,M,50,Suez,Suez,Egypt,Small Business
4989,BILAL IBRAHIM,Male,41,Cairo,Cairo,Egypt,Consumer
4990,Latifa Al Harbi,female,53,Doha,Doha,Qatar,Small Business
4991,Nasser Shalaby,Male,51,dubai,Dubai,United Arab Emirates,Consumer
4992,Sultan Al Otaibi,M,61,kuwait city,Al Asimah,Kuwait,Consumer
4993,Grace Farouk,F,46,ismailia,Ismailia,Egypt,Consumer 
4994,Laila  Rashad,Female,30,Alexandria,Alexandria,Egypt,VIP
4995,Rana Zaki,F,58,Abu Dhabi,Abu Dhabi,United Arab Emirates,Corporate
4996,Nasser Mansour,male,58,Mecca,Makkah,Saudi Arabia,VIP
4997,John Moore,male,32,Dammam,Eastern Province,Saudi Arabia,Consumer
4998,Sherif Salem,male,21,Sharjah,Sharjah,United Arab Emirates,Consumer 
4999,Hessa Al Harbi,Female,43,Medina,Al Madinah,Saudi Arabia,Consumer
5000,Nour Salem,F,18,CAIRO,Cairo,Egypt,Consumer
